set	label	name	cas	surfaces	species	computed_in	why_no_surface
PFAS	PFBA	Perfluorobutanoic acid	375-22-4	contaminants/publication-sets/PFAS/Heptafluorobutyric_acid.orcacosmo	neutral	release (promotion-v2)	
PFAS	PFPA	Perfluoropentanoic acid	2706-90-3	contaminants/publication-sets/PFAS/Perfluorovaleric_acid.orcacosmo	neutral	release (promotion-v2)	
PFAS	PFHxA	Perfluorohexanoic acid	307-24-4	contaminants/publication-sets/PFAS/Perfluorohexanoic_acid.orcacosmo	neutral	release (promotion-v2)	
PFAS	PFHA	Perfluoroheptanoic acid	375-85-9	contaminants/publication-sets/PFAS/Perfluoroheptanoic_acid.orcacosmo	neutral	release (promotion-v2)	
PFAS	PFOA	Perfluorooctanoic acid	335-67-1	contaminants/publication-sets/PFAS/Perfluorooctanoic_acid.orcacosmo	neutral	release (promotion-v2)	
PFAS	PFNA	Perfluorononanoic acid	375-95-1	contaminants/publication-sets/PFAS/Perfluorononanoic_acid.orcacosmo	neutral	release (promotion-v2)	
PFAS	PFDA	Perfluorodecanoic acid	335-76-2	contaminants/publication-sets/PFAS/Perfluorodecanoic_acid.orcacosmo	neutral	release (promotion-v2)	
PFAS	TFPA	2,3,3,3-Tetrafluoro-2-(heptafluoropropoxy)propanoic acid	13252-13-6	contaminants/publication-sets/PFAS/2,3,3,3-Tetrafluoro-2-(heptafluoropropoxy)propanoic_acid.orcacosmo	neutral	release (promotion-v2)	
PFAS	PFTriDA	Perfluorotridecanoic acid	72629-94-8	contaminants/publication-sets/PFAS/Perfluorotridecanoic_acid_[LVDGGZAZAYHXEY-UHFFFAOYSA-N#PFTriDA].orcacosmo	neutral	publication tier (A-12)	
PFAS	PFUnDA	Perfluoroundecanoic acid	2058-94-8	contaminants/publication-sets/PFAS/Perfluoroundecanoic_acid.orcacosmo	neutral	release (promotion-v2)	
PFAS	PFDoDA	Perfluorododecanoic acid	307-55-1	contaminants/publication-sets/PFAS/Perfluorododecanoic_acid.orcacosmo	neutral	release (promotion-v2)	
PFAS	PFTetraDA	Perfluorotetradecanoic acid	376-06-7	contaminants/publication-sets/PFAS/Perfluorotetradecanoic_acid.orcacosmo	neutral	publication tier (A-12)	
PFAS	PFBS	Perfluorobutanesulfonic acid	375-73-5	contaminants/publication-sets/PFAS/Perfluorobutanesulfonic_acid.orcacosmo	neutral	publication tier (A-12)	
PFAS	PFPS	Perfluoropentanesulfonic acid	2706-91-4	contaminants/publication-sets/PFAS/Perfluoropentanesulfonic_acid.orcacosmo	neutral	publication tier (A-12)	
PFAS	PFHxS	Perfluorohexanesulfonic acid	355-46-4	contaminants/publication-sets/PFAS/Perfluorohexanesulfonic_acid.orcacosmo	neutral	publication tier (A-12)	
PFAS	PFHS	Perfluoroheptanesulfonic acid	375-92-8	contaminants/publication-sets/PFAS/Perfluoroheptanesulfonic_acid.orcacosmo	neutral	publication tier (A-12)	
PFAS	PFOS	Perfluorooctanesulfonic acid	1763-23-1	contaminants/publication-sets/PFAS/Perfluorooctanesulfonic_acid.orcacosmo	neutral	publication tier (A-12)	
PFAS	PFUnDS	Perfluoroundecanesulfonic acid	749786-16-1	contaminants/publication-sets/PFAS/Perfluoroundecanesulfonic_acid.orcacosmo	neutral	publication tier (A-12)	
PFAS	PFTriDS	Perfluorotridecanesulfonic acid	791563-89-8	contaminants/publication-sets/PFAS/Perfluorotridecanesulfonic_acid.orcacosmo	neutral	publication tier (A-12)	
PFAS	PFDS	Perfluorodecanesulfonic acid	335-77-3	contaminants/publication-sets/PFAS/Perfluorodecanesulfonic_acid.orcacosmo	neutral	publication tier (A-12)	
PFAS	PFDoDS	Perfluorododecanesulfonic acid	79780-39-5	contaminants/publication-sets/PFAS/Perfluorododecanesulfonic_acid.orcacosmo	neutral	publication tier (A-12)	
PFAS	KClHxDFS	Potassium 9-chlorohexadecafluoro-3-oxanonane-1-sulfonate	73606-19-6	contaminants/publication-sets/PFAS/9-Chlorohexadecafluoro-3-oxanonane-1-sulfonic_acid_(KClHxDFS).orcacosmo	neutral	publication tier (A-12)	
PFAS	PFNS	Perfluorononanesulfonate	474511-07-4	contaminants/publication-sets/PFAS/Perfluorononanesulfonic_acid_(PFNS).orcacosmo	neutral	publication tier (A-12)	
PFAS	NaDoDFNt	Sodium dodecafluoro-3H-4,8-dioxanonanoate	2250081-67-3	contaminants/publication-sets/PFAS/Dodecafluoro-3H-4,8-dioxanonanoic_acid_(NaDoDFNt).orcacosmo	neutral	publication tier (A-12)	
PFAS	NH4TetraFPt	Ammonium 2,3,3,3-tetrafluoro-2-(heptafluoropropoxy)propanoate	62037-80-3	contaminants/publication-sets/PFAS/2,3,3,3-Tetrafluoro-2-(heptafluoropropoxy)propanoic_acid_(NH4TetraFPt).orcacosmo	neutral	release (promotion-v2), the same surface as TFPA	
PFAS	NH4PFNt	Ammonium 4,8-dioxa-3H-perfluorononanoate	958445-44-8	contaminants/publication-sets/PFAS/4,8-Dioxa-3H-perfluorononanoic_acid_(NH4PFNt).orcacosmo	neutral	publication tier (A-12)	
Phthalates	P1 BBP	Butyl benzyl phthalate	85-68-7	contaminants/publication-sets/Phthalates/Benzyl_butyl_phthalate.orcacosmo	neutral	release (promotion-v2)	
Phthalates	P2 DBP	Di-n-butyl phthalate	84-74-2	contaminants/publication-sets/Phthalates/Dibutyl_Phthalate.orcacosmo	neutral	release (promotion-v2)	
Phthalates	P3 DEHP	Di-(2-ethylhexyl) phthalate	117-81-7	contaminants/publication-sets/Phthalates/Bis(2-ethylhexyl)_phthalate.orcacosmo	neutral	release (promotion-v2)	
Phthalates	P4 DEP	Diethyl phthalate	84-66-2	contaminants/publication-sets/Phthalates/Diethyl_Phthalate.orcacosmo	neutral	release (promotion-v2)	
Phthalates	P5 DiDP	Di-isodecyl phthalate	26761-40-0;68515-49-1	contaminants/publication-sets/Phthalates/Diisodecyl_phthalate.orcacosmo	neutral	release (promotion-v2)	
Phthalates	P6 DiNP	Di-isononyl phthalate	28553-12-0;68515-48-0	contaminants/publication-sets/Phthalates/Diisononyl_phthalate.orcacosmo	neutral	release (promotion-v2)	
Phthalates	P7 DnHP	Di-n-hexyl phthalate	84-75-3	contaminants/publication-sets/Phthalates/Dihexyl_phthalate.orcacosmo	neutral	release (promotion-v2)	
Phthalates	P8 DnOP	Di-n-octyl phthalate	117-84-0	contaminants/publication-sets/Phthalates/Dioctyl_phthalate.orcacosmo	neutral	release (promotion-v2)	
BFR	Tri-PBDE	2,4,4'-Tribromodiphenyl ether (BDE-28)	41318-75-6	contaminants/publication-sets/BFR/2,4-Dibromo-1-(4-bromophenoxy)benzene.orcacosmo	neutral	release (promotion-v2)	
BFR	HBCD	Hexabromocyclododecane (gamma-HBCD; the paper does not name the stereoisomer)	134237-52-8	contaminants/publication-sets/BFR/gamma-Hexabromocyclododecane.orcacosmo	neutral	release (promotion-v2)	
BFR	DECA	Decabromodiphenyl ether (BDE-209)	1163-19-5	contaminants/publication-sets/BFR/Decabromodiphenyl_ether_(BDE-209).orcacosmo	neutral	publication tier (A-12)	
BFR	TBBPA-dbp	Tetrabromobisphenol A bis(2,3-dibromopropyl ether)	21850-44-2	contaminants/publication-sets/BFR/Tetrabromobisphenol_A_bis(2,3-dibromopropyl_ether).orcacosmo	neutral	publication tier (A-12)	
