set	label	name	cas	species	computed_in	status	file	sha256
PFAS	PFBA	Perfluorobutanoic acid	375-22-4	neutral	release (promotion-v2)	in	PFAS/Heptafluorobutyric_acid.orcacosmo	cdeaf6ea67c9c8f8b7e200dd455a570c479e666049c4c9b67f513f03d4eabfae
PFAS	PFPA	Perfluoropentanoic acid	2706-90-3	neutral	release (promotion-v2)	in	PFAS/Perfluorovaleric_acid.orcacosmo	c7375bc7e0daa0b19841b94769ceac62982301af56eaa55fb405dfd2533fc6ee
PFAS	PFHxA	Perfluorohexanoic acid	307-24-4	neutral	release (promotion-v2)	in	PFAS/Perfluorohexanoic_acid.orcacosmo	53e085c7a1ca164a8fd2e0cffe81275554013c744409c38b09eda5c7309e7b5e
PFAS	PFHA	Perfluoroheptanoic acid	375-85-9	neutral	release (promotion-v2)	in	PFAS/Perfluoroheptanoic_acid.orcacosmo	99f87eec0a1f3d3ee38a4003ab6743252632c64d6d3e86126b64358395a5964e
PFAS	PFOA	Perfluorooctanoic acid	335-67-1	neutral	release (promotion-v2)	in	PFAS/Perfluorooctanoic_acid.orcacosmo	fefb4eccc12142e25fbcada246e8626d1c483fbd32e93fa0bb8f9452b6c9c7db
PFAS	PFNA	Perfluorononanoic acid	375-95-1	neutral	release (promotion-v2)	in	PFAS/Perfluorononanoic_acid.orcacosmo	16310210ed00dccb91e3fc391f139e5ffb2239556d4844c04871f5cf038f6fec
PFAS	PFDA	Perfluorodecanoic acid	335-76-2	neutral	release (promotion-v2)	in	PFAS/Perfluorodecanoic_acid.orcacosmo	b54dc32b26daafeaa060deaec63706917933020c684009a91b12477210eed8da
PFAS	TFPA	2,3,3,3-Tetrafluoro-2-(heptafluoropropoxy)propanoic acid	13252-13-6	neutral	release (promotion-v2)	in	PFAS/2,3,3,3-Tetrafluoro-2-(heptafluoropropoxy)propanoic_acid.orcacosmo	d18425479cee8f924ddb913f397758db1bfcff37fbaf3f76b5da7189c93da920
PFAS	PFTriDA	Perfluorotridecanoic acid	72629-94-8	neutral	publication tier (A-12)	running on Euler		
PFAS	PFUnDA	Perfluoroundecanoic acid	2058-94-8	neutral	release (promotion-v2)	in	PFAS/Perfluoroundecanoic_acid.orcacosmo	7f69c51327bf4a381192657882e010add64935317d904b11a157840f9560090c
PFAS	PFDoDA	Perfluorododecanoic acid	307-55-1	neutral	release (promotion-v2)	in	PFAS/Perfluorododecanoic_acid.orcacosmo	b471d58cef186c16115dc0acb768331875afcfd0e9e4cffe1d3e414c44852756
PFAS	PFTetraDA	Perfluorotetradecanoic acid	376-06-7	neutral	publication tier (A-12)	running on Euler		
PFAS	PFBS	Perfluorobutanesulfonic acid	375-73-5	neutral	publication tier (A-12)	running on Euler		
PFAS	PFPS	Perfluoropentanesulfonic acid	2706-91-4	neutral	publication tier (A-12)	running on Euler		
PFAS	PFHxS	Perfluorohexanesulfonic acid	355-46-4	neutral	publication tier (A-12)	running on Euler		
PFAS	PFHS	Perfluoroheptanesulfonic acid	375-92-8	neutral	publication tier (A-12)	running on Euler		
PFAS	PFOS	Perfluorooctanesulfonic acid	1763-23-1	neutral	publication tier (A-12)	running on Euler		
PFAS	PFUnDS	Perfluoroundecanesulfonic acid	749786-16-1	neutral	publication tier (A-12)	running on Euler		
PFAS	PFTriDS	Perfluorotridecanesulfonic acid	791563-89-8	neutral	publication tier (A-12)	running on Euler		
PFAS	PFDS	Perfluorodecanesulfonic acid	335-77-3	neutral	publication tier (A-12)	running on Euler		
PFAS	PFDoDS	Perfluorododecanesulfonic acid	79780-39-5	neutral	publication tier (A-12)	running on Euler		
PFAS	KClHxDFS	Potassium 9-chlorohexadecafluoro-3-oxanonane-1-sulfonate	73606-19-6	neutral	publication tier (A-12)	running on Euler		
PFAS	PFNS	Perfluorononanesulfonate	474511-07-4	neutral	publication tier (A-12)	running on Euler		
PFAS	NaDoDFNt	Sodium dodecafluoro-3H-4,8-dioxanonanoate	2250081-67-3	neutral	publication tier (A-12)	running on Euler		
PFAS	NH4TetraFPt	Ammonium 2,3,3,3-tetrafluoro-2-(heptafluoropropoxy)propanoate	62037-80-3	neutral	release (promotion-v2), the surface of TFPA	in	PFAS/2,3,3,3-Tetrafluoro-2-(heptafluoropropoxy)propanoic_acid_(NH4TetraFPt).orcacosmo	d18425479cee8f924ddb913f397758db1bfcff37fbaf3f76b5da7189c93da920
PFAS	NH4PFNt	Ammonium 4,8-dioxa-3H-perfluorononanoate	958445-44-8	neutral	publication tier (A-12)	running on Euler		
BFR	Tri-PBDE	2,4,4'-Tribromodiphenyl ether (BDE-28)	41318-75-6	neutral	release (promotion-v2)	in	BFR/2,4-Dibromo-1-(4-bromophenoxy)benzene.orcacosmo	d80fc5a39a8810000a576f4692f155f20bd77bcb424c1c4ab2d6c70142371705
BFR	HBCD	Hexabromocyclododecane (gamma-HBCD; the paper does not name the stereoisomer)	134237-52-8	neutral	release (promotion-v2)	in	BFR/gamma-Hexabromocyclododecane.orcacosmo	4bc6d6a599d187d5e871842d2b737bb51f1ae412f97b1a731eca971a9cfcd5c8
BFR	DECA	Decabromodiphenyl ether (BDE-209)	1163-19-5	neutral	publication tier (A-12)	in	BFR/Decabromodiphenyl_ether_(BDE-209).orcacosmo	c8d4fab049c66adfdc898db06638f99848db5ecb96b393b45c0fbe41e654d711
BFR	TBBPA-dbp	Tetrabromobisphenol A bis(2,3-dibromopropyl ether)	21850-44-2	neutral	publication tier (A-12)	in	BFR/Tetrabromobisphenol_A_bis(2,3-dibromopropyl_ether).orcacosmo	b340448ebba0d1a937f4dd0f9557eb05625972168d1d8de906c8fb3853229ef8
Phthalates	P1 BBP	Butyl benzyl phthalate	85-68-7	neutral	release (promotion-v2)	in	Phthalates/Benzyl_butyl_phthalate.orcacosmo	8d35233e9b0e92cbafbdb95fd4eaa56bb8631f305802dfe85e8f2a942da60a1b
Phthalates	P2 DBP	Di-n-butyl phthalate	84-74-2	neutral	release (promotion-v2)	in	Phthalates/Dibutyl_Phthalate.orcacosmo	9eb48822be98f05682b89338c583802d55e3dbfb38bf3fb59e948618cd6570bd
Phthalates	P3 DEHP	Di-(2-ethylhexyl) phthalate	117-81-7	neutral	release (promotion-v2)	in	Phthalates/Bis(2-ethylhexyl)_phthalate.orcacosmo	74a44a31aec2d986fb323839fa71c4ad79ae437e670996af4bb740e3f2bf03ab
Phthalates	P4 DEP	Diethyl phthalate	84-66-2	neutral	release (promotion-v2)	in	Phthalates/Diethyl_Phthalate.orcacosmo	ca19f9cebd7b5434541aa74bcd1d1cedfa6c7458aba426f7753c7ac982dcbfe7
Phthalates	P5 DiDP	Di-isodecyl phthalate	26761-40-0, 68515-49-1	neutral	release (promotion-v2)	in	Phthalates/Diisodecyl_phthalate.orcacosmo	a3e6aa5fc749bf0cf48260ae828f93bfaf793664e6bb06f84d97441f18a1c094
Phthalates	P6 DiNP	Di-isononyl phthalate	28553-12-0, 68515-48-0	neutral	release (promotion-v2)	in	Phthalates/Diisononyl_phthalate.orcacosmo	7feea89366dc96dfc427c5ad9c1c010cc7de9a5fc5fd854dc94a2c8dc7aa3753
Phthalates	P7 DnHP	Di-n-hexyl phthalate	84-75-3	neutral	release (promotion-v2)	in	Phthalates/Dihexyl_phthalate.orcacosmo	a70b33f8cf01035ead5b95b4f05030ced45c614fc148ac8c108e4542ee42f233
Phthalates	P8 DnOP	Di-n-octyl phthalate	117-84-0	neutral	release (promotion-v2)	in	Phthalates/Dioctyl_phthalate.orcacosmo	4bac79b91eee2097c3fb9aed981005a595e6ca373de4ff675e514477141de21c
