class	typical_pKa	when_ionized	name	cas	inchikey	smiles
fluorinated carboxylic acid (fluorine on the alpha carbon, like the paper's PFAS)	about 0-1	anion in water and in protic solvents	2,2,3,3,4,4,5,5,6,6,7,7,8,8,9,9,10,10,11,11-Icosafluoroundecanoic acid	1765-48-6	MMYNPHSPRPZSSN-UHFFFAOYSA-N	C(C(C(C(C(C(C(C(C(C(C(=O)O)(F)F)(F)F)(F)F)(F)F)(F)F)(F)F)(F)F)(F)F)(F)F)(F)F
fluorinated carboxylic acid (fluorine on the alpha carbon, like the paper's PFAS)	about 0-1	anion in water and in protic solvents	2,2,3,3,4,4,5,5,6,7,7,7-Dodecafluoro-6-(trifluoromethyl)heptanoic acid	15166-06-0	KPBOPOXIOBBZTR-UHFFFAOYSA-N	C(=O)(C(C(C(C(C(C(F)(F)F)(C(F)(F)F)F)(F)F)(F)F)(F)F)(F)F)O
fluorinated carboxylic acid (fluorine on the alpha carbon, like the paper's PFAS)	about 0-1	anion in water and in protic solvents	2,2,3,3,4,4,5,6,6,7,7,7-Dodecafluoro-5-(trifluoromethyl)heptanoic acid	909009-42-3	HDWNCRCOUUAYQG-UHFFFAOYSA-N	C(=O)(C(C(C(C(C(C(F)(F)F)(F)F)(C(F)(F)F)F)(F)F)(F)F)(F)F)O
fluorinated carboxylic acid (fluorine on the alpha carbon, like the paper's PFAS)	about 0-1	anion in water and in protic solvents	2,2,3,3,4,4,6,6,6-Nonafluoro-5,5-bis(trifluoromethyl)hexanoic acid	1144512-34-4	GTHPUDUCLLCPLT-UHFFFAOYSA-N	C(=O)(C(C(C(C(C(F)(F)F)(C(F)(F)F)C(F)(F)F)(F)F)(F)F)(F)F)O
fluorinated carboxylic acid (fluorine on the alpha carbon, like the paper's PFAS)	about 0-1	anion in water and in protic solvents	2,2,3,3,4,5,5,6,6,6-Decafluoro-4-(pentafluoroethyl)hexanoic acid	1882109-79-6	FLDAOAOUZFAVRT-UHFFFAOYSA-N	C(=O)(C(C(C(C(C(F)(F)F)(F)F)(C(C(F)(F)F)(F)F)F)(F)F)(F)F)O
fluorinated carboxylic acid (fluorine on the alpha carbon, like the paper's PFAS)	about 0-1	anion in water and in protic solvents	2,2,3,3,4,5,5,6,6,7,7,7-Dodecafluoro-4-(trifluoromethyl)heptanoic acid	1144512-18-4	RGXLMLZPWKONOH-UHFFFAOYSA-N	C(=O)(C(C(C(C(C(C(F)(F)F)(F)F)(F)F)(C(F)(F)F)F)(F)F)(F)F)O
fluorinated carboxylic acid (fluorine on the alpha carbon, like the paper's PFAS)	about 0-1	anion in water and in protic solvents	2,2,3,3,4,5,6,6,6-Nonafluoro-4,5-bis(trifluoromethyl)hexanoic acid	1144512-36-6	YQPBELLZGQBWJP-UHFFFAOYSA-N	C(=O)(C(C(C(C(C(F)(F)F)(C(F)(F)F)F)(C(F)(F)F)F)(F)F)(F)F)O
fluorinated carboxylic acid (fluorine on the alpha carbon, like the paper's PFAS)	about 0-1	anion in water and in protic solvents	2,2,3,3,5,5,6,6,6-Nonafluoro-4,4-bis(trifluoromethyl)hexanoic acid	1192593-79-5	UDFRHYDOIIBODA-UHFFFAOYSA-N	C(=O)(C(C(C(C(C(F)(F)F)(F)F)(C(F)(F)F)C(F)(F)F)(F)F)(F)F)O
fluorinated carboxylic acid (fluorine on the alpha carbon, like the paper's PFAS)	about 0-1	anion in water and in protic solvents	2,2,3,4,4,5,5,5-Octafluoro-3-(1,1,1,2,3,3,3-heptafluoropropan-2-yl)pentanoic acid	1882109-68-3	VMZZQFPAUSWERK-UHFFFAOYSA-N	C(=O)(C(C(C(C(F)(F)F)(C(F)(F)F)F)(C(C(F)(F)F)(F)F)F)(F)F)O
fluorinated carboxylic acid (fluorine on the alpha carbon, like the paper's PFAS)	about 0-1	anion in water and in protic solvents	2,2,3,4,4,5,5,6,6,7,7,7-Dodecafluoro-3-(trifluoromethyl)heptanoic acid	705240-04-6	FUGOJSZHPNUCLK-UHFFFAOYSA-N	C(=O)(C(C(C(C(C(C(F)(F)F)(F)F)(F)F)(F)F)(C(F)(F)F)F)(F)F)O
fluorinated carboxylic acid (fluorine on the alpha carbon, like the paper's PFAS)	about 0-1	anion in water and in protic solvents	2,2,3,4,4,5,6,6,6-Nonafluoro-3,5-bis(trifluoromethyl)hexanoic acid	1144512-35-5	RCVKPKVLBNNSMW-UHFFFAOYSA-N	C(=O)(C(C(C(C(C(F)(F)F)(C(F)(F)F)F)(F)F)(C(F)(F)F)F)(F)F)O
fluorinated carboxylic acid (fluorine on the alpha carbon, like the paper's PFAS)	about 0-1	anion in water and in protic solvents	2,2,3,4,5,5,6,6,6-Nonafluoro-3,4-bis(trifluoromethyl)hexanoic acid	1882109-81-0	NIYNIRHIBYCSLY-UHFFFAOYSA-N	C(=O)(C(C(C(C(C(F)(F)F)(F)F)(C(F)(F)F)F)(C(F)(F)F)F)(F)F)O
fluorinated carboxylic acid (fluorine on the alpha carbon, like the paper's PFAS)	about 0-1	anion in water and in protic solvents	2,2,3,5,5,5-Hexafluoro-3,4,4-tris(trifluoromethyl)pentanoic acid	1882109-75-2	ZOUAOKCYZHRSAC-UHFFFAOYSA-N	C(=O)(C(C(C(C(F)(F)F)(C(F)(F)F)C(F)(F)F)(C(F)(F)F)F)(F)F)O
fluorinated carboxylic acid (fluorine on the alpha carbon, like the paper's PFAS)	about 0-1	anion in water and in protic solvents	2,2,4,4,5,5,5-Heptafluoro-3-(pentafluoroethyl)-3-(trifluoromethyl)pentanoic acid	1882109-67-2	BRACVULZXKBSDR-UHFFFAOYSA-N	C(=O)(C(C(C(C(F)(F)F)(F)F)(C(C(F)(F)F)(F)F)C(F)(F)F)(F)F)O
fluorinated carboxylic acid (fluorine on the alpha carbon, like the paper's PFAS)	about 0-1	anion in water and in protic solvents	2,2,4,4,5,5,6,6,6-Nonafluoro-3,3-bis(trifluoromethyl)hexanoic acid	1812247-20-3	QTNXQUUMDZPDRJ-UHFFFAOYSA-N	C(=O)(C(C(C(C(C(F)(F)F)(F)F)(F)F)(C(F)(F)F)C(F)(F)F)(F)F)O
fluorinated carboxylic acid (fluorine on the alpha carbon, like the paper's PFAS)	about 0-1	anion in water and in protic solvents	2,2,4,5,5,5-Hexafluoro-3,3,4-tris(trifluoromethyl)pentanoic acid	1882109-74-1	FAJNUIJJBSAMFG-UHFFFAOYSA-N	C(=O)(C(C(C(C(F)(F)F)(C(F)(F)F)F)(C(F)(F)F)C(F)(F)F)(F)F)O
fluorinated carboxylic acid (fluorine on the alpha carbon, like the paper's PFAS)	about 0-1	anion in water and in protic solvents	2,3,3,3-Tetrafluoro-2-(heptafluoropropoxy)propanoic acid	13252-13-6	CSEBNABAWMZWIF-UHFFFAOYSA-N	C(=O)(C(C(F)(F)F)(OC(C(C(F)(F)F)(F)F)(F)F)F)O
fluorinated carboxylic acid (fluorine on the alpha carbon, like the paper's PFAS)	about 0-1	anion in water and in protic solvents	2,3,3,4,4,4-Hexafluoro-2-[1,1,1,3,3,3-hexafluoro-2-(trifluoromethyl)propan-2-yl]butanoic acid	1882109-60-5	LEVVSRBRUBTUPV-UHFFFAOYSA-N	C(=O)(C(C(C(F)(F)F)(C(F)(F)F)C(F)(F)F)(C(C(F)(F)F)(F)F)F)O
fluorinated carboxylic acid (fluorine on the alpha carbon, like the paper's PFAS)	about 0-1	anion in water and in protic solvents	2,3,3,4,4,5,5,5-Octafluoro-2-(1,1,1,2,3,3,3-heptafluoropropan-2-yl)pentanoic acid	1882109-76-3	FGXQAZCGBWVETF-UHFFFAOYSA-N	C(=O)(C(C(C(F)(F)F)(C(F)(F)F)F)(C(C(C(F)(F)F)(F)F)(F)F)F)O
fluorinated carboxylic acid (fluorine on the alpha carbon, like the paper's PFAS)	about 0-1	anion in water and in protic solvents	2,3,3,4,4,5,5,5-Octafluoro-2-(heptafluoropropyl)pentanoic acid	1882109-77-4	KLIYVROPYNNGCN-UHFFFAOYSA-N	C(=O)(C(C(C(C(F)(F)F)(F)F)(F)F)(C(C(C(F)(F)F)(F)F)(F)F)F)O
fluorinated carboxylic acid (fluorine on the alpha carbon, like the paper's PFAS)	about 0-1	anion in water and in protic solvents	2,3,3,4,4,5,5,6,6,6-Decafluoro-2-(pentafluoroethyl)hexanoic acid	35605-76-6	NJLCWERAEIXEIB-UHFFFAOYSA-N	C(=O)(C(C(C(C(C(F)(F)F)(F)F)(F)F)(F)F)(C(C(F)(F)F)(F)F)F)O
fluorinated carboxylic acid (fluorine on the alpha carbon, like the paper's PFAS)	about 0-1	anion in water and in protic solvents	2,3,3,4,4,5,5,6,6,7,7,7-Dodecafluoro-2-(trifluoromethyl)heptanoic acid	207678-51-1	DHELITDTJHABDT-UHFFFAOYSA-N	C(=O)(C(C(C(C(C(C(F)(F)F)(F)F)(F)F)(F)F)(F)F)(C(F)(F)F)F)O
fluorinated carboxylic acid (fluorine on the alpha carbon, like the paper's PFAS)	about 0-1	anion in water and in protic solvents	2,3,3,4,4,5,6,6,6-Nonafluoro-2,5-bis(trifluoromethyl)hexanoic acid	1882109-80-9	XYSKFGIOQNTGLA-UHFFFAOYSA-N	C(=O)(C(C(C(C(C(F)(F)F)(C(F)(F)F)F)(F)F)(F)F)(C(F)(F)F)F)O
fluorinated carboxylic acid (fluorine on the alpha carbon, like the paper's PFAS)	about 0-1	anion in water and in protic solvents	2,3,3,4,5,5,5-Heptafluoro-2-(pentafluoroethyl)-4-(trifluoromethyl)pentanoic acid	1882109-65-0	RPJPRDHJIVARDS-UHFFFAOYSA-N	C(=O)(C(C(C(C(F)(F)F)(C(F)(F)F)F)(F)F)(C(C(F)(F)F)(F)F)F)O
fluorinated carboxylic acid (fluorine on the alpha carbon, like the paper's PFAS)	about 0-1	anion in water and in protic solvents	2,3,4,4,4-Pentafluoro-2-(1,1,1,2,3,3,3-heptafluoropropan-2-yl)-3-(trifluoromethyl)butanoic acid	1882109-61-6	GFNPDTZZIUOUQV-UHFFFAOYSA-N	C(=O)(C(C(C(F)(F)F)(C(F)(F)F)F)(C(C(F)(F)F)(C(F)(F)F)F)F)O
fluorinated carboxylic acid (fluorine on the alpha carbon, like the paper's PFAS)	about 0-1	anion in water and in protic solvents	2,3,4,4,5,5,5-Heptafluoro-2-(pentafluoroethyl)-3-(trifluoromethyl)pentanoic acid	1882109-64-9	HRVVLSKWJWJIBO-UHFFFAOYSA-N	C(=O)(C(C(C(C(F)(F)F)(F)F)(C(F)(F)F)F)(C(C(F)(F)F)(F)F)F)O
fluorinated carboxylic acid (fluorine on the alpha carbon, like the paper's PFAS)	about 0-1	anion in water and in protic solvents	2,3,4,4,5,5,5-Heptafluoro-3-(pentafluoroethyl)-2-(trifluoromethyl)pentanoic acid	1882109-66-1	ACAHRYLWSNWTFN-UHFFFAOYSA-N	C(=O)(C(C(C(C(F)(F)F)(F)F)(C(C(F)(F)F)(F)F)F)(C(F)(F)F)F)O
fluorinated carboxylic acid (fluorine on the alpha carbon, like the paper's PFAS)	about 0-1	anion in water and in protic solvents	2,3,4,4,5,5,6,6,6-Nonafluoro-2,3-bis(trifluoromethyl)hexanoic acid	1812247-18-9	IKYRNTJITFLYOS-UHFFFAOYSA-N	C(=O)(C(C(C(C(C(F)(F)F)(F)F)(F)F)(C(F)(F)F)F)(C(F)(F)F)F)O
fluorinated carboxylic acid (fluorine on the alpha carbon, like the paper's PFAS)	about 0-1	anion in water and in protic solvents	2,3,4,5,5,5-Hexafluoro-2,3,4-tris(trifluoromethyl)pentanoic acid	1882109-72-9	CSDNZCNEOLXCQF-UHFFFAOYSA-N	C(=O)(C(C(C(C(F)(F)F)(C(F)(F)F)F)(C(F)(F)F)F)(C(F)(F)F)F)O
fluorinated carboxylic acid (fluorine on the alpha carbon, like the paper's PFAS)	about 0-1	anion in water and in protic solvents	2,4,4,5,5,5-Hexafluoro-2,3,3-tris(trifluoromethyl)pentanoic acid	1882109-71-8	LMMJTWPCVVCSMX-UHFFFAOYSA-N	C(=O)(C(C(C(C(F)(F)F)(F)F)(C(F)(F)F)C(F)(F)F)(C(F)(F)F)F)O
fluorinated carboxylic acid (fluorine on the alpha carbon, like the paper's PFAS)	about 0-1	anion in water and in protic solvents	Heptafluorobutyric acid	375-22-4	YPJUNDFVDDCYIH-UHFFFAOYSA-N	C(=O)(C(C(C(F)(F)F)(F)F)(F)F)O
fluorinated carboxylic acid (fluorine on the alpha carbon, like the paper's PFAS)	about 0-1	anion in water and in protic solvents	Perfluorodecanoic acid	335-76-2	PCIUEQPBYFRTEM-UHFFFAOYSA-N	C(=O)(C(C(C(C(C(C(C(C(C(F)(F)F)(F)F)(F)F)(F)F)(F)F)(F)F)(F)F)(F)F)(F)F)O
fluorinated carboxylic acid (fluorine on the alpha carbon, like the paper's PFAS)	about 0-1	anion in water and in protic solvents	Perfluorododecanoic acid	307-55-1	CXGONMQFMIYUJR-UHFFFAOYSA-N	C(=O)(C(C(C(C(C(C(C(C(C(C(C(F)(F)F)(F)F)(F)F)(F)F)(F)F)(F)F)(F)F)(F)F)(F)F)(F)F)(F)F)O
fluorinated carboxylic acid (fluorine on the alpha carbon, like the paper's PFAS)	about 0-1	anion in water and in protic solvents	Perfluoroheptanoic acid	375-85-9	ZWBAMYVPMDSJGQ-UHFFFAOYSA-N	C(=O)(C(C(C(C(C(C(F)(F)F)(F)F)(F)F)(F)F)(F)F)(F)F)O
fluorinated carboxylic acid (fluorine on the alpha carbon, like the paper's PFAS)	about 0-1	anion in water and in protic solvents	Perfluorohexanoic acid	307-24-4	PXUULQAPEKKVAH-UHFFFAOYSA-N	C(=O)(C(C(C(C(C(F)(F)F)(F)F)(F)F)(F)F)(F)F)O
fluorinated carboxylic acid (fluorine on the alpha carbon, like the paper's PFAS)	about 0-1	anion in water and in protic solvents	Perfluorononanoic acid	375-95-1	UZUFPBIDKMEQEQ-UHFFFAOYSA-N	C(=O)(C(C(C(C(C(C(C(C(F)(F)F)(F)F)(F)F)(F)F)(F)F)(F)F)(F)F)(F)F)O
fluorinated carboxylic acid (fluorine on the alpha carbon, like the paper's PFAS)	about 0-1	anion in water and in protic solvents	Perfluorooctanoic acid	335-67-1	SNGREZUHAYWORS-UHFFFAOYSA-N	C(=O)(C(C(C(C(C(C(C(F)(F)F)(F)F)(F)F)(F)F)(F)F)(F)F)(F)F)O
fluorinated carboxylic acid (fluorine on the alpha carbon, like the paper's PFAS)	about 0-1	anion in water and in protic solvents	Perfluoroundecanoic acid	2058-94-8	SIDINRCMMRKXGQ-UHFFFAOYSA-N	C(=O)(C(C(C(C(C(C(C(C(C(C(F)(F)F)(F)F)(F)F)(F)F)(F)F)(F)F)(F)F)(F)F)(F)F)(F)F)O
fluorinated carboxylic acid (fluorine on the alpha carbon, like the paper's PFAS)	about 0-1	anion in water and in protic solvents	Perfluorovaleric acid	2706-90-3	CXZGQIAOTKWCDB-UHFFFAOYSA-N	C(=O)(C(C(C(C(F)(F)F)(F)F)(F)F)(F)F)O
fluorinated carboxylic acid (fluorine on the alpha carbon, like the paper's PFAS)	about 0-1	anion in water and in protic solvents	Trifluoroacetic Acid	76-05-1	DTQVDTLACAAQTR-UHFFFAOYSA-N	C(=O)(C(F)(F)F)O
diacid with conjugated or vicinal COOH (oxalic, maleic type)	about 1.2-3 (first)	mono-anion in water	cis-Aconitic acid	499-12-7	GTZCVFVGUGFEME-IWQZZHSRSA-N	C(/C(=C/C(=O)O)/C(=O)O)C(=O)O
diacid with conjugated or vicinal COOH (oxalic, maleic type)	about 1.2-3 (first)	mono-anion in water	Fumaric Acid	110-17-8	VZCYOOQTPOCHFL-OWOJBTEDSA-N	C(=C/C(=O)O)\C(=O)O
diacid with conjugated or vicinal COOH (oxalic, maleic type)	about 1.2-3 (first)	mono-anion in water	Maleic Acid	110-16-7	VZCYOOQTPOCHFL-UPHRSURJSA-N	C(=C\C(=O)O)\C(=O)O
diacid with conjugated or vicinal COOH (oxalic, maleic type)	about 1.2-3 (first)	mono-anion in water	Oxalic Acid	144-62-7	MUBZPKHOEPUJKR-UHFFFAOYSA-N	C(=O)(C(=O)O)O
polynitrophenol	about 4-4.6	phenolate in water at pH 7	2,4-Dinitrophenol	1326-82-5	UFBJCMHMOXMLKC-UHFFFAOYSA-N	C1=CC(=C(C=C1[N+](=O)[O-])[N+](=O)[O-])O
polynitrophenol	about 4-4.6	phenolate in water at pH 7	4,6-Dinitro-O-cresol	534-52-1	ZXVONLUNISGICL-UHFFFAOYSA-N	CC1=CC(=CC(=C1O)[N+](=O)[O-])[N+](=O)[O-]
polynitrophenol	about 4-4.6	phenolate in water at pH 7	Dinoseb	88-85-7	OWZPCEFYPSAJFR-UHFFFAOYSA-N	CCC(C)C1=C(C(=CC(=C1)[N+](=O)[O-])[N+](=O)[O-])O
amino acid or aminopolycarboxylate (alpha-amino acid)	about 2 and 9-10	zwitterion in water; chelators (EDTA, NTA, DTPA) polyanions	Asparagine	70-47-3	DCXYFEDJOCDNAF-REOHCLBHSA-N	C([C@@H](C(=O)O)N)C(=O)N
amino acid or aminopolycarboxylate (alpha-amino acid)	about 2 and 9-10	zwitterion in water; chelators (EDTA, NTA, DTPA) polyanions	Edetic Acid	60-00-4	KCXVZYZYPLLWCC-UHFFFAOYSA-N	C(CN(CC(=O)O)CC(=O)O)N(CC(=O)O)CC(=O)O
amino acid or aminopolycarboxylate (alpha-amino acid)	about 2 and 9-10	zwitterion in water; chelators (EDTA, NTA, DTPA) polyanions	Glycine	56-40-6	DHMQDGOQFOQNFH-UHFFFAOYSA-N	C(C(=O)O)N
amino acid or aminopolycarboxylate (alpha-amino acid)	about 2 and 9-10	zwitterion in water; chelators (EDTA, NTA, DTPA) polyanions	Glycine, N-[3-(dodecylamino)propyl]-	34395-72-7	FDKNTODVCFVEDJ-UHFFFAOYSA-N	CCCCCCCCCCCCNCCCNCC(=O)O
amino acid or aminopolycarboxylate (alpha-amino acid)	about 2 and 9-10	zwitterion in water; chelators (EDTA, NTA, DTPA) polyanions	N,N-Bis(carboxymethyl)-L-glutamic acid	58976-65-1	VCVKIIDXVWEWSZ-YFKPBYRVSA-N	C(CC(=O)O)[C@@H](C(=O)O)N(CC(=O)O)CC(=O)O
amino acid or aminopolycarboxylate (alpha-amino acid)	about 2 and 9-10	zwitterion in water; chelators (EDTA, NTA, DTPA) polyanions	N-(2-Hydroxyethyl)ethylenediaminetriacetic acid	150-39-0	URDCARMUOSMFFI-UHFFFAOYSA-N	C(CN(CC(=O)O)CC(=O)O)N(CCO)CC(=O)O
amino acid or aminopolycarboxylate (alpha-amino acid)	about 2 and 9-10	zwitterion in water; chelators (EDTA, NTA, DTPA) polyanions	Nitrilotriacetic acid	139-13-9	MGFYIUFZLHCRTH-UHFFFAOYSA-N	C(C(=O)O)N(CC(=O)O)CC(=O)O
amino acid or aminopolycarboxylate (alpha-amino acid)	about 2 and 9-10	zwitterion in water; chelators (EDTA, NTA, DTPA) polyanions	Pentetic Acid	67-43-6	QPCDCPDFJACHGM-UHFFFAOYSA-N	C(CN(CC(=O)O)CC(=O)O)N(CCN(CC(=O)O)CC(=O)O)CC(=O)O
amino acid or aminopolycarboxylate (alpha-amino acid)	about 2 and 9-10	zwitterion in water; chelators (EDTA, NTA, DTPA) polyanions	Tricine	5704-04-1	SEQKRHFRPICQDD-UHFFFAOYSA-N	C(C(=O)O)NC(CO)(CO)CO
strong base: guanidine, amidine or imidazoline	about 10-14 (conjugate acid)	cation in water	1,1,3,3-Tetramethylguanidine	80-70-6	KYVBNYUBXIEUFW-UHFFFAOYSA-N	CN(C)C(=N)N(C)C
strong base: guanidine, amidine or imidazoline	about 10-14 (conjugate acid)	cation in water	1,2,3-Triphenylguanidine	101-01-9	FUPAJKKAHDLPAZ-UHFFFAOYSA-N	C1=CC=C(C=C1)NC(=NC2=CC=CC=C2)NC3=CC=CC=C3
strong base: guanidine, amidine or imidazoline	about 10-14 (conjugate acid)	cation in water	1,3-Di-o-tolylguanidine	97-39-2	OPNUROKCUBTKLF-UHFFFAOYSA-N	CC1=CC=CC=C1NC(=NC2=CC=CC=C2C)N
strong base: guanidine, amidine or imidazoline	about 10-14 (conjugate acid)	cation in water	1,3-Diphenylguanidine	102-06-7	OWRCNXZUPFZXOS-UHFFFAOYSA-N	C1=CC=C(C=C1)NC(=NC2=CC=CC=C2)N
strong base: guanidine, amidine or imidazoline	about 10-14 (conjugate acid)	cation in water	1,8-Diazabicyclo[5.4.0]undec-7-ene	6674-22-2	GQHTUMJGOHRCHB-UHFFFAOYSA-N	C1CCC2=NCCCN2CC1
strong base: guanidine, amidine or imidazoline	about 10-14 (conjugate acid)	cation in water	1-(o-Tolyl)biguanide	93-69-6	SQZCAOHYQSOZCE-UHFFFAOYSA-N	CC1=CC=CC=C1N=C(N)N=C(N)N
strong base: guanidine, amidine or imidazoline	about 10-14 (conjugate acid)	cation in water	1H-Imidazole-1-ethanol, 4,5-dihydro-2-tridecyl-	6942-02-5	KUHILYGRHCIQJN-UHFFFAOYSA-N	CCCCCCCCCCCCCC1=NCCN1CCO
strong base: guanidine, amidine or imidazoline	about 10-14 (conjugate acid)	cation in water	2-(8-Heptadecenyl)-2-imidazoline-1-ethanol	95-38-5	WGTDLPBPQKAPMN-MDZDMXLPSA-N	CCCCCCCC/C=C/CCCCCCCC1=NCCN1CCO
strong base: guanidine, amidine or imidazoline	about 10-14 (conjugate acid)	cation in water	2-Pentadecylimidazoline	12379-47-4	KSJKFYTZUCKVFT-UHFFFAOYSA-N	CCCCCCCCCCCCCCCC1=NCCN1
strong base: guanidine, amidine or imidazoline	about 10-14 (conjugate acid)	cation in water	Butanimidamide	107-90-4	RXKUYBRRTKRGME-UHFFFAOYSA-N	CCCC(=N)N
strong base: guanidine, amidine or imidazoline	about 10-14 (conjugate acid)	cation in water	Guanidine	113-00-8	ZRALSGWEFCBTJO-UHFFFAOYSA-N	C(=N)(N)N
strong base: guanidine, amidine or imidazoline	about 10-14 (conjugate acid)	cation in water	Guazatine	115044-19-4	RONFGUROBZGJKP-UHFFFAOYSA-N	C(CCCCN=C(N)N)CCCNCCCCCCCCN=C(N)N
strong base: guanidine, amidine or imidazoline	about 10-14 (conjugate acid)	cation in water	Oleyl hydroxyethyl imidazoline	21652-27-7	WGTDLPBPQKAPMN-KTKRTIGZSA-N	CCCCCCCC/C=C\CCCCCCCC1=NCCN1CCO
other carboxylic acid	about 3-5	anion in water near neutral or basic pH	(2-Aminoethyl)carbamic acid	109-58-0	RLRHPCKWSXWKBG-UHFFFAOYSA-N	C(CNC(=O)O)N
other carboxylic acid	about 3-5	anion in water near neutral or basic pH	(2R,3R,4R,5S)-5-amino-6-cyclohexyl-3,4-dihydroxy-2-propan-2-ylhexanoic acid		VCIPTNRIUQKMFQ-REWJHTLYSA-N	CC(C)[C@H]([C@H]([C@@H]([C@H](CC1CCCCC1)N)O)O)C(=O)O
other carboxylic acid	about 3-5	anion in water near neutral or basic pH	(6-Aminohexyl)carbamic acid	143-06-6	HDIHOAXFFROQHR-UHFFFAOYSA-N	C(CCCNC(=O)O)CCN
other carboxylic acid	about 3-5	anion in water near neutral or basic pH	(9S,10E,12Z)-9-hydroxyoctadeca-10,12-dienoic acid	73543-67-6	NPDSHTNEKLQQIJ-UINYOVNOSA-N	CCCCC/C=C\C=C\[C@H](CCCCCCCC(=O)O)O
other carboxylic acid	about 3-5	anion in water near neutral or basic pH	(9Z,11E,13S,15Z)-13-Hydroxyoctadeca-9,11,15-trienoic acid	87984-82-5	KLLGGGQNRTVBSU-FQSPHKRJSA-N	CC/C=C\C[C@@H](/C=C/C=C\CCCCCCCC(=O)O)O
other carboxylic acid	about 3-5	anion in water near neutral or basic pH	(R)-2-Methylbutanoic acid	32231-50-8	WLAMNBDJUVNPJU-SCSAIBSYSA-N	CC[C@@H](C)C(=O)O
other carboxylic acid	about 3-5	anion in water near neutral or basic pH	(R)-3-Amino-3-phenylpropanoic acid	13921-90-9	UJOYFRCOTPUKAK-MRVPVSSYSA-N	C1=CC=C(C=C1)[C@@H](CC(=O)O)N
other carboxylic acid	about 3-5	anion in water near neutral or basic pH	(R)-beta-hydroxypalmitic acid		CBWALJHXHCJYTE-OAHLLOKOSA-N	CCCCCCCCCCCCC[C@H](CC(=O)O)O
other carboxylic acid	about 3-5	anion in water near neutral or basic pH	(S)-(+)-alpha-Methoxyphenylacetic acid	26164-26-1	DIWVBIXQCNRCFE-QMMMGPOBSA-N	CO[C@@H](C1=CC=CC=C1)C(=O)O
other carboxylic acid	about 3-5	anion in water near neutral or basic pH	(Z)-7-Hexadecenoic acid	2416-19-5	PJHOFUXBXJNUAC-KTKRTIGZSA-N	CCCCCCCC/C=C\CCCCCC(=O)O
other carboxylic acid	about 3-5	anion in water near neutral or basic pH	(Z)-hexadec-11-enoic acid	2416-20-8	JGMYDQCXGIMHLL-WAYWQWQTSA-N	CCCC/C=C\CCCCCCCCCC(=O)O
other carboxylic acid	about 3-5	anion in water near neutral or basic pH	1,1-Cyclohexanediacetic acid	4355-11-7	YQPCHPBGAALCRT-UHFFFAOYSA-N	C1CCC(CC1)(CC(=O)O)CC(=O)O
other carboxylic acid	about 3-5	anion in water near neutral or basic pH	1,2,3,4-Butanetetracarboxylic acid	1703-58-8	GGAUUQHSCNMCAU-UHFFFAOYSA-N	C(C(C(CC(=O)O)C(=O)O)C(=O)O)C(=O)O
other carboxylic acid	about 3-5	anion in water near neutral or basic pH	1,2,3-Propanetricarboxylic acid, 2-hydroxy-, isodecyl ester	90605-17-7	BYZJEUMAMGGQNP-UHFFFAOYSA-N	CC(C)CCCCCCCOC(=O)CC(CC(=O)O)(C(=O)O)O
other carboxylic acid	about 3-5	anion in water near neutral or basic pH	1,2,4,5-Benzenetetracarboxylic acid, 1,4-bis[2-[(2-methyl-1-oxo-2-propen-1-yl)oxy]-1-[[(2-methyl-1-oxo-2-propen-1-yl)oxy]methyl]ethyl] ester	148019-46-9	QRNJAQUNBRODGN-UHFFFAOYSA-N	CC(=C)C(=O)OCC(COC(=O)C(=C)C)OC(=O)C1=CC(=C(C=C1C(=O)O)C(=O)OC(COC(=O)C(=C)C)COC(=O)C(=C)C)C(=O)O
other carboxylic acid	about 3-5	anion in water near neutral or basic pH	1,2,4-Benzenetricarboxylic acid	528-44-9	ARCGXLSVLAOJQL-UHFFFAOYSA-N	C1=CC(=C(C=C1C(=O)O)C(=O)O)C(=O)O
other carboxylic acid	about 3-5	anion in water near neutral or basic pH	1,2,4-Benzenetricarboxylic Acid 1,2-Bis(2-ethylhexyl) Ester		UVGGJHWAFDJNPJ-UHFFFAOYSA-N	CCCCC(CC)COC(=O)C1=C(C=C(C=C1)C(=O)O)C(=O)OCC(CC)CCCC
other carboxylic acid	about 3-5	anion in water near neutral or basic pH	1,2-Benzenedicarboxylic acid, monopentyl ester	24539-56-8	FPGPRAKRYDSZAW-UHFFFAOYSA-N	CCCCCOC(=O)C1=CC=CC=C1C(=O)O
other carboxylic acid	about 3-5	anion in water near neutral or basic pH	1,2-Cyclohexanedicarboxylic acid	1687-30-5	QSAWQNUELGIYBC-UHFFFAOYSA-N	C1CCC(C(C1)C(=O)O)C(=O)O
other carboxylic acid	about 3-5	anion in water near neutral or basic pH	1,2-Cyclohexanedicarboxylic acid, mono(2-((2-methyl-1-oxo-2-propenyl)oxy)ethyl) ester	51252-88-1	GWFCWZQFUSJPRE-UHFFFAOYSA-N	CC(=C)C(=O)OCCOC(=O)C1CCCCC1C(=O)O
other carboxylic acid	about 3-5	anion in water near neutral or basic pH	1,3,5-Benzenetricarboxylic acid	554-95-0	QMKYBPDZANOJGF-UHFFFAOYSA-N	C1=C(C=C(C=C1C(=O)O)C(=O)O)C(=O)O
other carboxylic acid	about 3-5	anion in water near neutral or basic pH	1,3-Adamantanediacetic acid	17768-28-4	UTENGZNBNPABQE-UHFFFAOYSA-N	C1C2CC3(CC1CC(C2)(C3)CC(=O)O)CC(=O)O
other carboxylic acid	about 3-5	anion in water near neutral or basic pH	1,3-Adamantanedicarboxylic acid	39269-10-8	PAVQGHWQOQZQEH-UHFFFAOYSA-N	C1C2CC3(CC1CC(C2)(C3)C(=O)O)C(=O)O
other carboxylic acid	about 3-5	anion in water near neutral or basic pH	1,3-Dilauryl citrate	25637-88-1	MUURADZHQSPGFN-UHFFFAOYSA-N	CCCCCCCCCCCCOC(=O)CC(CC(=O)OCCCCCCCCCCCC)(C(=O)O)O
other carboxylic acid	about 3-5	anion in water near neutral or basic pH	1,4-Bis(2-((2-methyl-1-oxoallyl)oxy)ethyl) dihydrogen benzene-1,2,4,5-tetracarboxylate	83418-60-4	WKBYWKLXGWNHOB-UHFFFAOYSA-N	CC(=C)C(=O)OCCOC(=O)C1=CC(=C(C=C1C(=O)O)C(=O)OCCOC(=O)C(=C)C)C(=O)O
other carboxylic acid	about 3-5	anion in water near neutral or basic pH	1,4-Cyclohexanedicarboxylic acid	1076-97-7	PXGZQGDTEZPERC-UHFFFAOYSA-N	C1CC(CCC1C(=O)O)C(=O)O
other carboxylic acid	about 3-5	anion in water near neutral or basic pH	1,4a-Dimethyl-7-propan-2-yl-2,3,4,4b,5,6,10,10a-octahydrophenanthrene-1-carboxylic acid	8052-10-6	RSWGJHLUYNHPMX-UHFFFAOYSA-N	CC(C)C1=CC2=CCC3C(C2CC1)(CCCC3(C)C(=O)O)C
other carboxylic acid	about 3-5	anion in water near neutral or basic pH	1,4a-Dimethyl-7-propan-2-yl-2,3,4,5,6,7,8,9,10,10a-decahydrophenanthrene-1-carboxylic acid	17611-16-4	OEILFLGOGZTONZ-UHFFFAOYSA-N	CC(C)C1CCC2=C(C1)CCC3C2(CCCC3(C)C(=O)O)C
other carboxylic acid	about 3-5	anion in water near neutral or basic pH	1,8-Biphenylenedicarboxylic acid	119414-44-7	RSNCLDRLRZYSDU-UHFFFAOYSA-N	C1=CC2=C3C=CC=C(C3=C2C(=C1)C(=O)O)C(=O)O
other carboxylic acid	about 3-5	anion in water near neutral or basic pH	1-Ethyl citrate	4552-00-5	OMPIYDSYGYKWSG-UHFFFAOYSA-N	CCOC(=O)CC(CC(=O)O)(C(=O)O)O
other carboxylic acid	about 3-5	anion in water near neutral or basic pH	1-Isopropyl citrate	1321-57-9	SKHXHUZZFVMERR-UHFFFAOYSA-N	CC(C)OC(=O)CC(CC(=O)O)(C(=O)O)O
other carboxylic acid	about 3-5	anion in water near neutral or basic pH	1-Naphthoic acid	86-55-5	LNETULKMXZVUST-UHFFFAOYSA-N	C1=CC=C2C(=C1)C=CC=C2C(=O)O
other carboxylic acid	about 3-5	anion in water near neutral or basic pH	11-(Heptylamino)undecanoic acid	68564-88-5	GNHLOUIICBHQIT-UHFFFAOYSA-N	CCCCCCCNCCCCCCCCCCC(=O)O
other carboxylic acid	about 3-5	anion in water near neutral or basic pH	11-Aminoundecanoic acid	2432-99-7	GUOSQNAUYHMCRU-UHFFFAOYSA-N	C(CCCCCN)CCCCC(=O)O
other carboxylic acid	about 3-5	anion in water near neutral or basic pH	11-dehydro-TXB3	129228-55-3	OAHMLWQISGEXBB-XMEKLSCHSA-N	CC/C=C\C[C@@H](/C=C/[C@@H]1[C@H]([C@H](CC(=O)O1)O)C/C=C\CCCC(=O)O)O
other carboxylic acid	about 3-5	anion in water near neutral or basic pH	11-Ethyl-5-methylpentadecanoic acid	68201-37-6	DYGIZCLLGGJWQJ-UHFFFAOYSA-N	CCCCC(CC)CCCCCC(C)CCCC(=O)O
other carboxylic acid	about 3-5	anion in water near neutral or basic pH	11-Maleimidoundecanoic acid	57079-01-3	UVZTZBRGZXIBLZ-UHFFFAOYSA-N	C1=CC(=O)N(C1=O)CCCCCCCCCCC(=O)O
other carboxylic acid	about 3-5	anion in water near neutral or basic pH	12(13)Ep-9-KODE	478931-82-7	RCMABBHQYMBYKV-BUHFOSPRSA-N	CCCCCC1C(O1)/C=C/C(=O)CCCCCCCC(=O)O
other carboxylic acid	about 3-5	anion in water near neutral or basic pH	12-Aminododecanoic acid	693-57-2	PBLZLIFKVPJDCO-UHFFFAOYSA-N	C(CCCCCC(=O)O)CCCCCN
other carboxylic acid	about 3-5	anion in water near neutral or basic pH	12-Hydroxystearic acid	8039-23-4	ULQISTXYYBZJSJ-UHFFFAOYSA-N	CCCCCCC(CCCCCCCCCCC(=O)O)O
other carboxylic acid	about 3-5	anion in water near neutral or basic pH	14-Methoxy-14-oxotetradecanoic acid	50515-99-6	HUWSPEBQZBPAJX-UHFFFAOYSA-N	COC(=O)CCCCCCCCCCCCC(=O)O
other carboxylic acid	about 3-5	anion in water near neutral or basic pH	16-Hydroxyhexadecanoic acid	506-13-8	UGAGPNKCDRTDHP-UHFFFAOYSA-N	C(CCCCCCCC(=O)O)CCCCCCCO
other carboxylic acid	about 3-5	anion in water near neutral or basic pH	16-Methylheptadecanoic acid	30399-84-9	XDOFQFKRPWOURC-UHFFFAOYSA-N	CC(C)CCCCCCCCCCCCCCC(=O)O
other carboxylic acid	about 3-5	anion in water near neutral or basic pH	1H-Isoindole-5-carboxylic acid, 2,3-dihydro-1,3-dioxo-	20262-55-9	ARRQNZZBVOIEQQ-UHFFFAOYSA-N	C1=CC2=C(C=C1C(=O)O)C(=O)NC2=O
other carboxylic acid	about 3-5	anion in water near neutral or basic pH	2,2-Bis(hydroxymethyl)butanoic acid	10097-02-6	JVYDLYGCSIHCMR-UHFFFAOYSA-N	CCC(CO)(CO)C(=O)O
other carboxylic acid	about 3-5	anion in water near neutral or basic pH	2,2-Bis(hydroxymethyl)propionic acid	4767-03-7	PTBDIHRZYDMNKB-UHFFFAOYSA-N	CC(CO)(CO)C(=O)O
other carboxylic acid	about 3-5	anion in water near neutral or basic pH	2,2-Dimethylbutyric acid	595-37-9	VUAXHMVRKOTJKP-UHFFFAOYSA-N	CCC(C)(C)C(=O)O
other carboxylic acid	about 3-5	anion in water near neutral or basic pH	2,2-Dimethylglutaric acid	681-57-2	BTUDGPVTCYNYLK-UHFFFAOYSA-N	CC(C)(CCC(=O)O)C(=O)O
other carboxylic acid	about 3-5	anion in water near neutral or basic pH	2,2-Dimethylhexanoic acid	813-72-9	YTTWDTVYXAEAJA-UHFFFAOYSA-N	CCCCC(C)(C)C(=O)O
other carboxylic acid	about 3-5	anion in water near neutral or basic pH	2,2-Dimethylsuccinic acid	597-43-3	GOHPTLYPQCTZSE-UHFFFAOYSA-N	CC(C)(CC(=O)O)C(=O)O
other carboxylic acid	about 3-5	anion in water near neutral or basic pH	2,3-Difluoromandelic acid	207974-19-4	LBJOAPZLJUKPRG-UHFFFAOYSA-N	C1=CC(=C(C(=C1)F)F)C(C(=O)O)O
other carboxylic acid	about 3-5	anion in water near neutral or basic pH	2,3-Dimethyl-2-(propan-2-yl)butanoic acid	23119-04-2	OWEMTCOXFULTNW-UHFFFAOYSA-N	CC(C)C(C)(C(C)C)C(=O)O
other carboxylic acid	about 3-5	anion in water near neutral or basic pH	2,3-Dimethylbutanoic acid	14287-61-7	XFOASZQZPWEJAA-UHFFFAOYSA-N	CC(C)C(C)C(=O)O
other carboxylic acid	about 3-5	anion in water near neutral or basic pH	2,4,4-Trimethylhexanedioic acid	3937-59-5	RLEQVGMLDNITBW-UHFFFAOYSA-N	CC(CC(C)(C)CC(=O)O)C(=O)O
other carboxylic acid	about 3-5	anion in water near neutral or basic pH	2,4,6-Triisopropylbenzoic acid	49623-71-4	ULVHAZFBJJXIDO-UHFFFAOYSA-N	CC(C)C1=CC(=C(C(=C1)C(C)C)C(=O)O)C(C)C
other carboxylic acid	about 3-5	anion in water near neutral or basic pH	2,4,6-Trimethylbenzoic acid	480-63-7	FFFIRKXTFQCCKJ-UHFFFAOYSA-N	CC1=CC(=C(C(=C1)C)C(=O)O)C
other carboxylic acid	about 3-5	anion in water near neutral or basic pH	2,4-Dihydroxybenzoic acid	89-86-1	UIAFKZKHHVMJGS-UHFFFAOYSA-N	C1=CC(=C(C=C1O)O)C(=O)O
other carboxylic acid	about 3-5	anion in water near neutral or basic pH	2,4-Dimethylbenzoic acid	611-01-8	BKYWPNROPGQIFZ-UHFFFAOYSA-N	CC1=CC(=C(C=C1)C(=O)O)C
other carboxylic acid	about 3-5	anion in water near neutral or basic pH	2,5-Di-p-toluidinoterephthalic acid	10291-28-8	FVLUGNOOEZYDNV-UHFFFAOYSA-N	CC1=CC=C(C=C1)NC2=CC(=C(C=C2C(=O)O)NC3=CC=C(C=C3)C)C(=O)O
other carboxylic acid	about 3-5	anion in water near neutral or basic pH	2,5-Dianilinoterephthalic acid	10109-95-2	ZJQZWNLKRBUEKX-UHFFFAOYSA-N	C1=CC=C(C=C1)NC2=CC(=C(C=C2C(=O)O)NC3=CC=CC=C3)C(=O)O
other carboxylic acid	about 3-5	anion in water near neutral or basic pH	2,5-Furandicarboxylic acid	3238-40-2	CHTHALBTIRVDBM-UHFFFAOYSA-N	C1=C(OC(=C1)C(=O)O)C(=O)O
other carboxylic acid	about 3-5	anion in water near neutral or basic pH	2,6-Naphthalenedicarboxylic acid	1141-38-4	RXOHFPCZGPKIRD-UHFFFAOYSA-N	C1=CC2=C(C=CC(=C2)C(=O)O)C=C1C(=O)O
other carboxylic acid	about 3-5	anion in water near neutral or basic pH	2,6-Pyridinedicarboxylic acid	499-83-2	WJJMNDUMQPNECX-UHFFFAOYSA-N	C1=CC(=NC(=C1)C(=O)O)C(=O)O
other carboxylic acid	about 3-5	anion in water near neutral or basic pH	2,7-Biphenylenedicarboxylic acid	69417-80-7	RLGRVKKAMSZUSJ-UHFFFAOYSA-N	C1=CC2=C(C=C1C(=O)O)C3=C2C=CC(=C3)C(=O)O
other carboxylic acid	about 3-5	anion in water near neutral or basic pH	2-(((2-Ethylhexyl)oxy)carbonyl)benzoic acid	4376-20-9	DJDSLBVSSOQSLW-UHFFFAOYSA-N	CCCCC(CC)COC(=O)C1=CC=CC=C1C(=O)O
other carboxylic acid	about 3-5	anion in water near neutral or basic pH	2-((6-Methylpyridin-2-yl)amino)-2-oxoacetic acid	503562-63-8	JFRJFGDUOKKSSI-UHFFFAOYSA-N	CC1=NC(=CC=C1)NC(=O)C(=O)O
other carboxylic acid	about 3-5	anion in water near neutral or basic pH	2-(2-(2-(Dodecyloxy)ethoxy)ethoxy)ethyl hydrogen maleate	66104-67-4	LSDNCMFQVGKKGP-SEYXRHQNSA-N	CCCCCCCCCCCCOCCOCCOCCOC(=O)/C=C\C(=O)O
other carboxylic acid	about 3-5	anion in water near neutral or basic pH	2-(2-Dodecoxyethoxy)acetic acid	27306-90-7	OUNZARDETXBPIX-UHFFFAOYSA-N	CCCCCCCCCCCCOCCOCC(=O)O
other carboxylic acid	about 3-5	anion in water near neutral or basic pH	2-(2-Lactoyloxy-propionyloxy)-propionic acid	78024-33-6	IGABGAGBGCONFE-UHFFFAOYSA-N	CC(C(=O)OC(C)C(=O)OC(C)C(=O)O)O
other carboxylic acid	about 3-5	anion in water near neutral or basic pH	2-(Trifluoromethyl)acrylic acid	381-98-6	VLSRKCIBHNJFHA-UHFFFAOYSA-N	C=C(C(=O)O)C(F)(F)F
other carboxylic acid	about 3-5	anion in water near neutral or basic pH	2-[2-(2-Hydroxyphenyl)-2-oxoethoxy]benzoic acid	1322-77-6	AHRSDJSWAISEMM-UHFFFAOYSA-N	C1=CC=C(C(=C1)C(=O)COC2=CC=CC=C2C(=O)O)O
other carboxylic acid	about 3-5	anion in water near neutral or basic pH	2-[[1-[[(2,3-Dihydro-2-oxo-1h-benzimidazol-5-yl)amino]carbonyl]-2-oxopropyl]azo]benzoic acid	31837-42-0	YMFWVWDPPIWORA-UHFFFAOYSA-N	CC(=O)C(C(=O)NC1=CC2=C(C=C1)NC(=O)N2)N=NC3=CC=CC=C3C(=O)O
other carboxylic acid	about 3-5	anion in water near neutral or basic pH	2-[[4-[(2-Carboxyphenyl)carbamoyl]benzoyl]amino]benzoic acid	3980-13-0	OZTGEJJJJHPYJZ-UHFFFAOYSA-N	C1=CC=C(C(=C1)C(=O)O)NC(=O)C2=CC=C(C=C2)C(=O)NC3=CC=CC=C3C(=O)O
other carboxylic acid	about 3-5	anion in water near neutral or basic pH	2-Acryloyloxyethyl hexahydrophthalate	57043-35-3	UECGJSXCVLTIMQ-UHFFFAOYSA-N	C=CC(=O)OCCOC(=O)C1CCCCC1C(=O)O
other carboxylic acid	about 3-5	anion in water near neutral or basic pH	2-Allyl-3-hydroxy-2-methylsuccinic acid, 1-ethyl ester	111832-94-1	IQPGJBYLJSCWQE-UHFFFAOYSA-N	CCOC(=O)C(C)(CC=C)C(C(=O)O)O
other carboxylic acid	about 3-5	anion in water near neutral or basic pH	2-Carboxyethyl acrylate	24615-84-7	CYUZOYPRAQASLN-UHFFFAOYSA-N	C=CC(=O)OCCC(=O)O
other carboxylic acid	about 3-5	anion in water near neutral or basic pH	2-Ethylheptanoic acid	3274-29-1	DYWSVUBJGFTOQC-UHFFFAOYSA-N	CCCCCC(CC)C(=O)O
other carboxylic acid	about 3-5	anion in water near neutral or basic pH	2-Ethylhexanoic acid	149-57-5	OBETXYAYXDNJHR-UHFFFAOYSA-N	CCCCC(CC)C(=O)O
other carboxylic acid	about 3-5	anion in water near neutral or basic pH	2-Ethylhexyl hydrogen maleate	7423-42-9	IQBLWPLYPNOTJC-FPLPWBNLSA-N	CCCCC(CC)COC(=O)/C=C\C(=O)O
other carboxylic acid	about 3-5	anion in water near neutral or basic pH	2-Ethylidenepentanedioic acid	4220-56-8	VUKPORYDNWILAW-UHFFFAOYSA-N	CC=C(CCC(=O)O)C(=O)O
other carboxylic acid	about 3-5	anion in water near neutral or basic pH	2-Heptenoic acid	18999-28-5	YURNCBVQZBJDAJ-AATRIKPKSA-N	CCCC/C=C/C(=O)O
other carboxylic acid	about 3-5	anion in water near neutral or basic pH	2-Hexenoic acid, (2E)-	13419-69-7	NIONDZDPPYHYKY-SNAWJCMRSA-N	CCC/C=C/C(=O)O
other carboxylic acid	about 3-5	anion in water near neutral or basic pH	2-Hexenoic acid, 5-hydroxy-3,4,4-trimethyl-, (E)-	14919-59-6	PLYBNANLYJERQJ-AATRIKPKSA-N	CC(C(C)(C)/C(=C/C(=O)O)/C)O
other carboxylic acid	about 3-5	anion in water near neutral or basic pH	2-iodoterephthalic Acid	1829-22-7	LUZKKRPROWYBLR-UHFFFAOYSA-N	C1=CC(=C(C=C1C(=O)O)I)C(=O)O
other carboxylic acid	about 3-5	anion in water near neutral or basic pH	2-Methoxypropanoic acid	4324-37-2	ICPWFHKNYYRBSZ-UHFFFAOYSA-N	CC(C(=O)O)OC
other carboxylic acid	about 3-5	anion in water near neutral or basic pH	2-Methylhexanoic acid	4536-23-6	CVKMFSAVYPAZTQ-UHFFFAOYSA-N	CCCCC(C)C(=O)O
other carboxylic acid	about 3-5	anion in water near neutral or basic pH	2-Methylvaleric acid	97-61-0	OVBFMEVBMNZIBR-UHFFFAOYSA-N	CCCC(C)C(=O)O
other carboxylic acid	about 3-5	anion in water near neutral or basic pH	2-Pentadecenoic acid		HOGWBMWOBRRKCD-BUHFOSPRSA-N	CCCCCCCCCCCC/C=C/C(=O)O
other carboxylic acid	about 3-5	anion in water near neutral or basic pH	2-Perfluorodecyl ethanoic acid	53826-13-4	IKHNVATUHWDNGI-UHFFFAOYSA-N	C(C(=O)O)C(C(C(C(C(C(C(C(C(C(F)(F)F)(F)F)(F)F)(F)F)(F)F)(F)F)(F)F)(F)F)(F)F)(F)F
other carboxylic acid	about 3-5	anion in water near neutral or basic pH	2-Phenylbutyric acid	90-27-7	OFJWFSNDPCAWDK-UHFFFAOYSA-N	CCC(C1=CC=CC=C1)C(=O)O
other carboxylic acid	about 3-5	anion in water near neutral or basic pH	2-Phthalimidopropionic acid	19506-87-7	OZWUITKBAWTEAQ-UHFFFAOYSA-N	CC(C(=O)O)N1C(=O)C2=CC=CC=C2C1=O
other carboxylic acid	about 3-5	anion in water near neutral or basic pH	2-Propeneperoxoic acid, 3-carboxy-, 1-(1,1-dimethylethyl) ester, (2Z)-	1931-62-0	RQHGZNBWBKINOY-PLNGDYQASA-N	CC(C)(C)OOC(=O)/C=C\C(=O)O
other carboxylic acid	about 3-5	anion in water near neutral or basic pH	2-tert-Butylbenzoic acid	1320-16-7	ZDFKSZDMHJHQHS-UHFFFAOYSA-N	CC(C)(C)C1=CC=CC=C1C(=O)O
other carboxylic acid	about 3-5	anion in water near neutral or basic pH	2H,2H,3H,3H-Perfluorooctanoic acid	914637-49-3	ABFCFCPCGMHSRX-UHFFFAOYSA-N	C(CC(C(C(C(C(F)(F)F)(F)F)(F)F)(F)F)(F)F)C(=O)O
other carboxylic acid	about 3-5	anion in water near neutral or basic pH	3,3'-Methylenedisalicylic acid	27496-82-8	RWXFMUMBJLQGDZ-UHFFFAOYSA-N	C1=CC(=C(C(=C1)C(=O)O)O)CC2=C(C(=CC=C2)C(=O)O)O
other carboxylic acid	about 3-5	anion in water near neutral or basic pH	3,3,4,4,4-Pentafluoro-2,2-bis(pentafluoroethyl)butanoic acid	1882109-58-1	KMHDVPWWYHOSMO-UHFFFAOYSA-N	C(=O)(C(C(C(F)(F)F)(F)F)(C(C(F)(F)F)(F)F)C(C(F)(F)F)(F)F)O
other carboxylic acid	about 3-5	anion in water near neutral or basic pH	3,3,4,4,4-Pentafluoro-2-(1,1,1,2,3,3,3-heptafluoropropan-2-yl)-2-(trifluoromethyl)butanoic acid	1882109-59-2	TZIYPPGHIRPIHL-UHFFFAOYSA-N	C(=O)(C(C(C(F)(F)F)(C(F)(F)F)F)(C(C(F)(F)F)(F)F)C(F)(F)F)O
other carboxylic acid	about 3-5	anion in water near neutral or basic pH	3,3,4,4,5,5,5-Heptafluoro-2-(pentafluoroethyl)-2-(trifluoromethyl)pentanoic acid	1882109-63-8	URRHYEJOULCMJO-UHFFFAOYSA-N	C(=O)(C(C(C(C(F)(F)F)(F)F)(F)F)(C(C(F)(F)F)(F)F)C(F)(F)F)O
other carboxylic acid	about 3-5	anion in water near neutral or basic pH	3,3,4,4,5,5,6,6,6-Nonafluoro-2,2-bis(trifluoromethyl)hexanoic acid	1812247-17-8	RSKSDKSQFDVCFE-UHFFFAOYSA-N	C(=O)(C(C(C(C(C(F)(F)F)(F)F)(F)F)(F)F)(C(F)(F)F)C(F)(F)F)O
other carboxylic acid	about 3-5	anion in water near neutral or basic pH	3,3,4,4,5,5,6,6,7,7,8,8,8-Tridecafluorooctanoic acid	53826-12-3	LRWIIEJPCFNNCZ-UHFFFAOYSA-N	C(C(=O)O)C(C(C(C(C(C(F)(F)F)(F)F)(F)F)(F)F)(F)F)(F)F
other carboxylic acid	about 3-5	anion in water near neutral or basic pH	3,3,4,5,5,5-Hexafluoro-2,2,4-tris(trifluoromethyl)pentanoic acid	1882109-70-7	UYKWRMHTULSOPZ-UHFFFAOYSA-N	C(=O)(C(C(C(C(F)(F)F)(C(F)(F)F)F)(F)F)(C(F)(F)F)C(F)(F)F)O
other carboxylic acid	about 3-5	anion in water near neutral or basic pH	3,3-Dimethylglutaric acid	4839-46-7	DUHQIGLHYXLKAE-UHFFFAOYSA-N	CC(C)(CC(=O)O)CC(=O)O
other carboxylic acid	about 3-5	anion in water near neutral or basic pH	3,4,4,5,5,5-Hexafluoro-2,2,3-tris(trifluoromethyl)pentanoic acid	1882109-69-4	UROAJJYOWOISMM-UHFFFAOYSA-N	C(=O)(C(C(C(C(F)(F)F)(F)F)(C(F)(F)F)F)(C(F)(F)F)C(F)(F)F)O
other carboxylic acid	about 3-5	anion in water near neutral or basic pH	3,4,4,5,5,6,6,7,7,8,8,8-Dodecafluorooct-2-enoic acid	70887-88-6	BKOBFLVYTXYFQZ-UHFFFAOYSA-N	C(=C(C(C(C(C(C(F)(F)F)(F)F)(F)F)(F)F)(F)F)F)C(=O)O
other carboxylic acid	about 3-5	anion in water near neutral or basic pH	3,4-Dihydroxybenzoic acid	99-50-3	YQUVCSBJEUQKSH-UHFFFAOYSA-N	C1=CC(=C(C=C1C(=O)O)O)O
other carboxylic acid	about 3-5	anion in water near neutral or basic pH	3,4-Dihydroxymandelic acid		RGHMISIYKIHAJW-UHFFFAOYSA-N	C1=CC(=C(C=C1C(C(=O)O)O)O)O
other carboxylic acid	about 3-5	anion in water near neutral or basic pH	3,4-Dihydroxyphenylacetic acid	102-32-9	CFFZDZCDUFSOFZ-UHFFFAOYSA-N	C1=CC(=C(C=C1CC(=O)O)O)O
other carboxylic acid	about 3-5	anion in water near neutral or basic pH	3,4-Dimethylbenzoic acid	619-04-5	OPVAJFQBSDUNQA-UHFFFAOYSA-N	CC1=C(C=C(C=C1)C(=O)O)C
other carboxylic acid	about 3-5	anion in water near neutral or basic pH	3,5,5-Trimethylhexanoic acid	3302-10-1	OILUAKBAMVLXGF-UHFFFAOYSA-N	CC(CC(=O)O)CC(C)(C)C
other carboxylic acid	about 3-5	anion in water near neutral or basic pH	3,5-Di-tert-butyl-4-hydroxybenzoic acid	1421-49-4	YEXOWHQZWLCHHD-UHFFFAOYSA-N	CC(C)(C)C1=CC(=CC(=C1O)C(C)(C)C)C(=O)O
other carboxylic acid	about 3-5	anion in water near neutral or basic pH	3,5-Di-tert-butylbenzoic acid	16225-26-6	NCTSLPBQVXUAHR-UHFFFAOYSA-N	CC(C)(C)C1=CC(=CC(=C1)C(=O)O)C(C)(C)C
other carboxylic acid	about 3-5	anion in water near neutral or basic pH	3,6,9-Trioxaundecanedioic acid	13887-98-4	HJZZQNLKBWJYPD-UHFFFAOYSA-N	C(COCC(=O)O)OCCOCC(=O)O
other carboxylic acid	about 3-5	anion in water near neutral or basic pH	3,7,11-Trimethyldodeca-2,6,10-trienoic acid	7548-13-2	WJHFZYAELPOJIV-UHFFFAOYSA-N	CC(=CCCC(=CCCC(=CC(=O)O)C)C)C
other carboxylic acid	about 3-5	anion in water near neutral or basic pH	3-(3,5-Di-tert-butyl-4-hydroxyphenyl)propionic acid	20170-32-5	WPMYUUITDBHVQZ-UHFFFAOYSA-N	CC(C)(C)C1=CC(=CC(=C1O)C(C)(C)C)CCC(=O)O
other carboxylic acid	about 3-5	anion in water near neutral or basic pH	3-[1-Hydroxy-3,5-bis(2-methyl-2-propanyl)-4-oxo-2,5-cyclohexadien-1-yl]propanoic acid	83237-15-4	WOTFHQUHCWABLM-UHFFFAOYSA-N	CC(C)(C)C1=CC(C=C(C1=O)C(C)(C)C)(CCC(=O)O)O
other carboxylic acid	about 3-5	anion in water near neutral or basic pH	3-Butene-1,2,3-tricarboxylic acid	26326-05-6	WOZHZOLFFPSEAM-UHFFFAOYSA-N	C=C(C(CC(=O)O)C(=O)O)C(=O)O
other carboxylic acid	about 3-5	anion in water near neutral or basic pH	3-Cyclohexene-1-carboxylic acid	4771-80-6	VUSWCWPCANWBFG-UHFFFAOYSA-N	C1CC(CC=C1)C(=O)O
other carboxylic acid	about 3-5	anion in water near neutral or basic pH	3-Ethyl-3-methylglutaric acid	5345-01-7	XAWFHZMTJUGGEE-UHFFFAOYSA-N	CCC(C)(CC(=O)O)CC(=O)O
other carboxylic acid	about 3-5	anion in water near neutral or basic pH	3-Hydroxy-2-naphthoic acid	92-70-6	ALKYHXVLJMQRLQ-UHFFFAOYSA-N	C1=CC=C2C=C(C(=CC2=C1)C(=O)O)O
other carboxylic acid	about 3-5	anion in water near neutral or basic pH	3-Hydroxybutyric acid	300-85-6	WHBMMWSBFZVSSR-UHFFFAOYSA-N	CC(CC(=O)O)O
other carboxylic acid	about 3-5	anion in water near neutral or basic pH	3-Hydroxydecanoic acid	14292-26-3	FYSSBMZUBSBFJL-UHFFFAOYSA-N	CCCCCCCC(CC(=O)O)O
other carboxylic acid	about 3-5	anion in water near neutral or basic pH	3-Hydroxyhexadecanoic acid	20595-04-4	CBWALJHXHCJYTE-UHFFFAOYSA-N	CCCCCCCCCCCCCC(CC(=O)O)O
other carboxylic acid	about 3-5	anion in water near neutral or basic pH	3-Hydroxyhexanoic acid	10191-24-9	HPMGFDVTYHWBAG-UHFFFAOYSA-N	CCCC(CC(=O)O)O
other carboxylic acid	about 3-5	anion in water near neutral or basic pH	3-Hydroxyoctanoic acid	14292-27-4	NDPLAKGOSZHTPH-UHFFFAOYSA-N	CCCCCC(CC(=O)O)O
other carboxylic acid	about 3-5	anion in water near neutral or basic pH	3-Hydroxypentanoic acid	10237-77-1	REKYPYSUBKSCAT-UHFFFAOYSA-N	CCC(CC(=O)O)O
other carboxylic acid	about 3-5	anion in water near neutral or basic pH	3-Methyladipic acid	3058-01-3	SYEOWUNSTUDKGM-UHFFFAOYSA-N	CC(CCC(=O)O)CC(=O)O
other carboxylic acid	about 3-5	anion in water near neutral or basic pH	3-Phenylglutaric acid	4165-96-2	RZOKZOYSUCSPDF-UHFFFAOYSA-N	C1=CC=C(C=C1)C(CC(=O)O)CC(=O)O
other carboxylic acid	about 3-5	anion in water near neutral or basic pH	3-Phenylpropionic acid	501-52-0	XMIIGOLPHOKFCH-UHFFFAOYSA-N	C1=CC=C(C=C1)CCC(=O)O
other carboxylic acid	about 3-5	anion in water near neutral or basic pH	4,4'-(((Cyclohexane-1,4-diylbis(methylene))bis(oxy))bis(carbonyl))dibenzoic acid	47711-31-9	VWGRTAQTYCNFEF-UHFFFAOYSA-N	C1CC(CCC1COC(=O)C2=CC=C(C=C2)C(=O)O)COC(=O)C3=CC=C(C=C3)C(=O)O
other carboxylic acid	about 3-5	anion in water near neutral or basic pH	4,4'-[1,4-Phenylenebis(carbonyloxybutane-4,1-diyloxycarbonyl)]dibenzoic acid	66885-76-5	BHMFRRBMONBZNQ-UHFFFAOYSA-N	C1=CC(=CC=C1C(=O)O)C(=O)OCCCCOC(=O)C2=CC=C(C=C2)C(=O)OCCCCOC(=O)C3=CC=C(C=C3)C(=O)O
other carboxylic acid	about 3-5	anion in water near neutral or basic pH	4,4'-Azobis(4-cyanovaleric acid)	2638-94-0	VFXXTYGQYWRHJP-UHFFFAOYSA-N	CC(CCC(=O)O)(C#N)N=NC(C)(CCC(=O)O)C#N
other carboxylic acid	about 3-5	anion in water near neutral or basic pH	4,4'-Diamino-[1,1'-biphenyl]-2,2'-dicarboxylic acid	17557-76-5	MKHDOBRSMHTMOK-UHFFFAOYSA-N	C1=CC(=C(C=C1N)C(=O)O)C2=C(C=C(C=C2)N)C(=O)O
other carboxylic acid	about 3-5	anion in water near neutral or basic pH	4,4,4-Trifluoro-2,2,3,3-tetrakis(trifluoromethyl)butanoic acid	1882109-62-7	YAMSANNBBMRZIT-UHFFFAOYSA-N	C(=O)(C(C(C(F)(F)F)(C(F)(F)F)C(F)(F)F)(C(F)(F)F)C(F)(F)F)O
other carboxylic acid	about 3-5	anion in water near neutral or basic pH	4-((1,3-Bis(methacryloyloxy)propan-2-yl)oxy)-4-oxobutanoic acid	107665-59-8	WKGDOIQSWLWPSW-UHFFFAOYSA-N	CC(=C)C(=O)OCC(COC(=O)C(=C)C)OC(=O)CCC(=O)O
other carboxylic acid	about 3-5	anion in water near neutral or basic pH	4-((2-((4-((2-Hydroxyethoxy)carbonyl)benzoyl)oxy)ethoxy)carbonyl)benzoic acid	23186-89-2	KIBVCBDFRCQZMD-UHFFFAOYSA-N	C1=CC(=CC=C1C(=O)O)C(=O)OCCOC(=O)C2=CC=C(C=C2)C(=O)OCCO
other carboxylic acid	about 3-5	anion in water near neutral or basic pH	4-((2-(2-Hydroxyethoxy)ethoxy)carbonyl)benzoic acid	65087-23-2	CCMPWJDTMCSJHX-UHFFFAOYSA-N	C1=CC(=CC=C1C(=O)O)C(=O)OCCOCCO
other carboxylic acid	about 3-5	anion in water near neutral or basic pH	4-((2-Hydroxyethoxy)carbonyl)benzoic acid	1137-99-1	BCBHDSLDGBIFIX-UHFFFAOYSA-N	C1=CC(=CC=C1C(=O)O)C(=O)OCCO
other carboxylic acid	about 3-5	anion in water near neutral or basic pH	4-((6-Hydroxyhexyl)oxy)benzoic acid	83883-25-4	VVYHWYFUTOHXRH-UHFFFAOYSA-N	C1=CC(=CC=C1C(=O)O)OCCCCCCO
other carboxylic acid	about 3-5	anion in water near neutral or basic pH	4-(2-(Acryloyloxy)ethoxy)-4-oxobutanoic acid	50940-49-3	UZDMJPAQQFSMMV-UHFFFAOYSA-N	C=CC(=O)OCCOC(=O)CCC(=O)O
other carboxylic acid	about 3-5	anion in water near neutral or basic pH	4-(3-Hydroxypropoxy)benzoic acid	46350-87-2	MYGMROGVZNOWMY-UHFFFAOYSA-N	C1=CC(=CC=C1C(=O)O)OCCCO
other carboxylic acid	about 3-5	anion in water near neutral or basic pH	4-(4-Ethylphenyl)benzoic acid	5731-13-5	SCEBDBNGUCNRCE-UHFFFAOYSA-N	CCC1=CC=C(C=C1)C2=CC=C(C=C2)C(=O)O
other carboxylic acid	about 3-5	anion in water near neutral or basic pH	4-(Acetylamino)-3-Amino Benzoic Acid		MJMLUICFHWSBQZ-UHFFFAOYSA-N	CC(=O)NC1=C(C=C(C=C1)C(=O)O)N
other carboxylic acid	about 3-5	anion in water near neutral or basic pH	4-(But-3-en-1-yloxycarbonyl)benzoic acid	62680-74-4	TYARZXLQTHCHIP-UHFFFAOYSA-N	C=CCCOC(=O)C1=CC=C(C=C1)C(=O)O
other carboxylic acid	about 3-5	anion in water near neutral or basic pH	4-(Methoxycarbonyl)benzoic acid	1679-64-7	REIDAMBAPLIATC-UHFFFAOYSA-N	COC(=O)C1=CC=C(C=C1)C(=O)O
other carboxylic acid	about 3-5	anion in water near neutral or basic pH	4-(Methylamino)benzoic acid	10541-83-0	ZVIDMSBTYRSMAR-UHFFFAOYSA-N	CNC1=CC=C(C=C1)C(=O)O
other carboxylic acid	about 3-5	anion in water near neutral or basic pH	4-[2-(2-Methylprop-2-enoyloxy)ethoxy]-4-oxobutanoic acid	20882-04-6	ZEWLHMQYEZXSBH-UHFFFAOYSA-N	CC(=C)C(=O)OCCOC(=O)CCC(=O)O
other carboxylic acid	about 3-5	anion in water near neutral or basic pH	4-Aminobenzoic acid	150-13-0	ALYNCZNDIQEVRV-UHFFFAOYSA-N	C1=CC(=CC=C1C(=O)O)N
other carboxylic acid	about 3-5	anion in water near neutral or basic pH	4-Aminoheptanedioic acid	7766-85-0	DMAJAXIBHLWSQM-UHFFFAOYSA-N	C(CC(=O)O)C(CCC(=O)O)N
other carboxylic acid	about 3-5	anion in water near neutral or basic pH	4-Benzyloxybenzoic acid	1486-51-7	AQSCHALQLXXKKC-UHFFFAOYSA-N	C1=CC=C(C=C1)COC2=CC=C(C=C2)C(=O)O
other carboxylic acid	about 3-5	anion in water near neutral or basic pH	4-Cyclohexene-1,2-dicarboxylic acid, ester with 2,2-dimethyl-1,3-propanediol	68071-05-6	KCUGXVQRQBKXBO-UHFFFAOYSA-N	CC(C)(CO)COC(=O)C1CC=CCC1C(=O)O
other carboxylic acid	about 3-5	anion in water near neutral or basic pH	4-Ethoxybenzoic acid	619-86-3	SHSGDXCJYVZFTP-UHFFFAOYSA-N	CCOC1=CC=C(C=C1)C(=O)O
other carboxylic acid	about 3-5	anion in water near neutral or basic pH	4-Hydroxy-1H-indole-3-carboxylic acid	24370-76-1	WBCFTHLZBHZMGB-UHFFFAOYSA-N	C1=CC2=C(C(=C1)O)C(=CN2)C(=O)O
other carboxylic acid	about 3-5	anion in water near neutral or basic pH	4-Hydroxy-3,5-diisopropylbenzoic Acid	13423-73-9	WYAZPCLFZZTVSP-UHFFFAOYSA-N	CC(C)C1=CC(=CC(=C1O)C(C)C)C(=O)O
other carboxylic acid	about 3-5	anion in water near neutral or basic pH	4-Hydroxybenzoic acid	99-96-7	FJKROLUGYXJWQN-UHFFFAOYSA-N	C1=CC(=CC=C1C(=O)O)O
other carboxylic acid	about 3-5	anion in water near neutral or basic pH	4-Methylbenzoic acid	99-94-5	LPNBBFKOUUSUDB-UHFFFAOYSA-N	CC1=CC=C(C=C1)C(=O)O
other carboxylic acid	about 3-5	anion in water near neutral or basic pH	4-Methylhexanoic acid	1561-11-1	DIVCBWJKVSFZKJ-UHFFFAOYSA-N	CCC(C)CCC(=O)O
other carboxylic acid	about 3-5	anion in water near neutral or basic pH	4-Methylnonanoic acid	45019-28-1	WQTZCQIRCYSUBQ-UHFFFAOYSA-N	CCCCCC(C)CCC(=O)O
other carboxylic acid	about 3-5	anion in water near neutral or basic pH	4-Methylpentanoic acid	646-07-1	FGKJLKRYENPLQH-UHFFFAOYSA-N	CC(C)CCC(=O)O
other carboxylic acid	about 3-5	anion in water near neutral or basic pH	4-Morpholinobenzoic acid	7470-38-4	XVAJKPNTGSKZSQ-UHFFFAOYSA-N	C1COCCN1C2=CC=C(C=C2)C(=O)O
other carboxylic acid	about 3-5	anion in water near neutral or basic pH	4-Oxododecanedioic acid		HHXMOTDTSDYYEI-UHFFFAOYSA-N	C(CCCC(=O)CCC(=O)O)CCCC(=O)O
other carboxylic acid	about 3-5	anion in water near neutral or basic pH	4-Oxosebacic acid	114212-45-2	XTQIBFVBYWIHIP-UHFFFAOYSA-N	C(CCC(=O)CCC(=O)O)CCC(=O)O
other carboxylic acid	about 3-5	anion in water near neutral or basic pH	4-tert-Butylbenzoic acid	98-73-7	KDVYCTOWXSLNNI-UHFFFAOYSA-N	CC(C)(C)C1=CC=C(C=C1)C(=O)O
other carboxylic acid	about 3-5	anion in water near neutral or basic pH	4-Vinylbenzoic acid	1075-49-6	IRQWEODKXLDORP-UHFFFAOYSA-N	C=CC1=CC=C(C=C1)C(=O)O
other carboxylic acid	about 3-5	anion in water near neutral or basic pH	4-{[4-({4-[(4-Hydroxybutoxy)carbonyl]benzoyl}oxy)butoxy]carbonyl}benzoic acid	210566-87-3	BKEHTHXBXZNSIH-UHFFFAOYSA-N	C1=CC(=CC=C1C(=O)O)C(=O)OCCCCOC(=O)C2=CC=C(C=C2)C(=O)OCCCCO
other carboxylic acid	about 3-5	anion in water near neutral or basic pH	5,8,11,14-Icosatetraenoic Acid	7771-44-0	YZXBAPSDXZZRGB-UHFFFAOYSA-N	CCCCCC=CCC=CCC=CCC=CCCCC(=O)O
other carboxylic acid	about 3-5	anion in water near neutral or basic pH	5,8,11-Eicosatriynoic acid	13488-22-7	OWYNLPMPYBYKJP-UHFFFAOYSA-N	CCCCCCCCC#CCC#CCC#CCCCC(=O)O
other carboxylic acid	about 3-5	anion in water near neutral or basic pH	6-(2-Carboxy-4,5-dihydroxy-6-methoxyoxan-3-yl)oxy-4,5-dihydroxy-3-methoxyoxane-2-carboxylic acid	9005-34-9	GKFPPCXIBHQRQT-UHFFFAOYSA-N	COC1C(C(C(OC1C(=O)O)OC2C(C(C(OC2C(=O)O)OC)O)O)O)O
other carboxylic acid	about 3-5	anion in water near neutral or basic pH	6-(6-Aminohexanamido)hexanoic acid	2014-58-6	IWENLYKHSZCPRD-UHFFFAOYSA-N	C(CCC(=O)NCCCCCC(=O)O)CCN
other carboxylic acid	about 3-5	anion in water near neutral or basic pH	6-[3-Hydroxy-2-[[3-hydroxy-2-(hydroxymethyl)propoxy]methoxymethyl]propoxy]-6-oxohexanoic acid	56509-15-0	IDJCDWRYOUMJPQ-UHFFFAOYSA-N	C(CCC(=O)OCC(CO)COCOCC(CO)CO)CC(=O)O
other carboxylic acid	about 3-5	anion in water near neutral or basic pH	6-Acetamidohexanoic acid	57-08-9	WDSCBUNMANHPFH-UHFFFAOYSA-N	CC(=O)NCCCCCC(=O)O
other carboxylic acid	about 3-5	anion in water near neutral or basic pH	6-Hydroxy-2-naphthoic acid	16712-64-4	KAUQJMHLAFIZDU-UHFFFAOYSA-N	C1=CC2=C(C=CC(=C2)O)C=C1C(=O)O
other carboxylic acid	about 3-5	anion in water near neutral or basic pH	6-Hydroxyhexanoic acid	1191-25-9	IWHLYPDWHHPVAA-UHFFFAOYSA-N	C(CCC(=O)O)CCO
other carboxylic acid	about 3-5	anion in water near neutral or basic pH	6-Phenylquinoline-4-carboxylic acid	1973181-45-1	BAHAQHNXBOUTIA-UHFFFAOYSA-N	C1=CC=C(C=C1)C2=CC3=C(C=CN=C3C=C2)C(=O)O
other carboxylic acid	about 3-5	anion in water near neutral or basic pH	9,10-Dihydrolysergic acid	5878-43-3	ORBSYPFBZQJNJE-MPKXVKKWSA-N	CN1C[C@@H](C[C@H]2[C@H]1CC3=CNC4=CC=CC2=C34)C(=O)O
other carboxylic acid	about 3-5	anion in water near neutral or basic pH	9,10-Dihydroxypalmitic acid	29242-09-9	MHWBJDVXYSGJET-UHFFFAOYSA-N	CCCCCCC(C(CCCCCCCC(=O)O)O)O
other carboxylic acid	about 3-5	anion in water near neutral or basic pH	9,10-Dihydroxystearic acid	120-87-6	VACHUYIREGFMSP-UHFFFAOYSA-N	CCCCCCCCC(C(CCCCCCCC(=O)O)O)O
other carboxylic acid	about 3-5	anion in water near neutral or basic pH	9-(2-Carboxylatophenyl)-3,6-bis(ethylamino)-2,7-dimethylxanthylium	25152-49-2	ZTKQHJHANLVEBM-UHFFFAOYSA-N	CCNC1=CC2=C(C=C1C)C(=C3C=C(C(=NCC)C=C3O2)C)C4=CC=CC=C4C(=O)O
other carboxylic acid	about 3-5	anion in water near neutral or basic pH	9-Eicosenoic acid	506-31-0	LQJBNNIYVWPHFW-VAWYXSNFSA-N	CCCCCCCCCC/C=C/CCCCCCCC(=O)O
other carboxylic acid	about 3-5	anion in water near neutral or basic pH	9-Hexadecenoic acid	2091-29-4	SECPZKHBENQXJG-BQYQJAHWSA-N	CCCCCC/C=C/CCCCCCCC(=O)O
other carboxylic acid	about 3-5	anion in water near neutral or basic pH	9-Octadecenoic acid, 12-hydroxy-, calcium salt, (9Z,12R)-	31983-33-2	WBHHMMIMDMUBKC-KQPPXVQYSA-N	CCCCCC[C@@H](C/C=C/CCCCCCCC(=O)O)O
other carboxylic acid	about 3-5	anion in water near neutral or basic pH	[4-[(4-Aminocyclohexyl)methyl]cyclohexyl]carbamic acid	13253-82-2	NAXYKJVXULDOFW-UHFFFAOYSA-N	C1CC(CCC1CC2CCC(CC2)NC(=O)O)N
other carboxylic acid	about 3-5	anion in water near neutral or basic pH	Abietic acid	8050-09-7	RSWGJHLUYNHPMX-ONCXSQPRSA-N	CC(C)C1=CC2=CC[C@@H]3[C@@]([C@H]2CC1)(CCC[C@@]3(C)C(=O)O)C
other carboxylic acid	about 3-5	anion in water near neutral or basic pH	Acetic Acid	64-19-7	QTBSBXVTEAMEQO-UHFFFAOYSA-N	CC(=O)O
other carboxylic acid	about 3-5	anion in water near neutral or basic pH	Acetoacetic acid	541-50-4	WDJHALXBUFZDSR-UHFFFAOYSA-N	CC(=O)CC(=O)O
other carboxylic acid	about 3-5	anion in water near neutral or basic pH	Acrylic acid	79-10-7	NIXOWILDQLNWCW-UHFFFAOYSA-N	C=CC(=O)O
other carboxylic acid	about 3-5	anion in water near neutral or basic pH	Adipic Acid	124-04-9	WNLRTRBMVRJNCN-UHFFFAOYSA-N	C(CCC(=O)O)CC(=O)O
other carboxylic acid	about 3-5	anion in water near neutral or basic pH	Allyl hydrogen maleate	2424-58-0	PEKZMKOVRVVTTN-ARJAWSKDSA-N	C=CCOC(=O)/C=C\C(=O)O
other carboxylic acid	about 3-5	anion in water near neutral or basic pH	Aminocaproic acid	60-32-2	SLXKOJJOQWFEFD-UHFFFAOYSA-N	C(CCC(=O)O)CCN
other carboxylic acid	about 3-5	anion in water near neutral or basic pH	Aminopterin	54-62-6	TVZGACDUOSZQKY-LBPRGKRZSA-N	C1=CC(=CC=C1C(=O)N[C@@H](CCC(=O)O)C(=O)O)NCC2=CN=C3C(=N2)C(=NC(=N3)N)N
other carboxylic acid	about 3-5	anion in water near neutral or basic pH	Arachidic Acid	506-30-9	VKOBVWXKNCXXDE-UHFFFAOYSA-N	CCCCCCCCCCCCCCCCCCCC(=O)O
other carboxylic acid	about 3-5	anion in water near neutral or basic pH	Arachidonic Acid	506-32-1	YZXBAPSDXZZRGB-DOFZRALJSA-N	CCCCC/C=C\C/C=C\C/C=C\C/C=C\CCCC(=O)O
other carboxylic acid	about 3-5	anion in water near neutral or basic pH	Aspirin	50-78-2	BSYNRYMUTXBXSQ-UHFFFAOYSA-N	CC(=O)OC1=CC=CC=C1C(=O)O
other carboxylic acid	about 3-5	anion in water near neutral or basic pH	Azelaic Acid	123-99-9	BDJRBEYXGGNYIS-UHFFFAOYSA-N	C(CCCC(=O)O)CCCC(=O)O
other carboxylic acid	about 3-5	anion in water near neutral or basic pH	Behenic Acid	112-85-6	UKMSUNONTOPOIO-UHFFFAOYSA-N	CCCCCCCCCCCCCCCCCCCCCC(=O)O
other carboxylic acid	about 3-5	anion in water near neutral or basic pH	Benzenepropanoic acid, 3-(2H-benzotriazol-2-yl)-5-(1,1-dimethylethyl)-4-hydroxy-	84268-36-0	OYGYNUPKLMDVHM-UHFFFAOYSA-N	CC(C)(C)C1=C(C(=CC(=C1)CCC(=O)O)N2N=C3C=CC=CC3=N2)O
other carboxylic acid	about 3-5	anion in water near neutral or basic pH	Benzidine-3,3'-dicarboxylic acid	2130-56-5	IIQLVLWFQUUZII-UHFFFAOYSA-N	C1=CC(=C(C=C1C2=CC(=C(C=C2)N)C(=O)O)C(=O)O)N
other carboxylic acid	about 3-5	anion in water near neutral or basic pH	Benzoic Acid	65-85-0	WPYMKLBDIGXBTP-UHFFFAOYSA-N	C1=CC=C(C=C1)C(=O)O
other carboxylic acid	about 3-5	anion in water near neutral or basic pH	Benzoylformic acid	611-73-4	FAQJJMHZNSSFSM-UHFFFAOYSA-N	C1=CC=C(C=C1)C(=O)C(=O)O
other carboxylic acid	about 3-5	anion in water near neutral or basic pH	Biphenylene-2,6-dicarboxylic acid	65330-85-0	CYISDYQPECMUKK-UHFFFAOYSA-N	C1=CC2=C3C=C(C=CC3=C2C=C1C(=O)O)C(=O)O
other carboxylic acid	about 3-5	anion in water near neutral or basic pH	Butanedioic acid, octenyl-	28805-58-5	GUOCOOQWZHQBJI-UHFFFAOYSA-N	C=CCCCCCCOC(=O)CCC(=O)O
other carboxylic acid	about 3-5	anion in water near neutral or basic pH	Butyric Acid	107-92-6	FERIUCNNQQJTOY-UHFFFAOYSA-N	CCCC(=O)O
other carboxylic acid	about 3-5	anion in water near neutral or basic pH	Caffeic Acid	331-39-5	QAIPRVGONGVQAS-DUXPYHPUSA-N	C1=CC(=C(C=C1/C=C/C(=O)O)O)O
other carboxylic acid	about 3-5	anion in water near neutral or basic pH	Capric Acid	334-48-5	GHVNFZFCNZKVNT-UHFFFAOYSA-N	CCCCCCCCCC(=O)O
other carboxylic acid	about 3-5	anion in water near neutral or basic pH	Caproic Acid	142-62-1	FUZZWVXGSFPDMH-UHFFFAOYSA-N	CCCCCC(=O)O
other carboxylic acid	about 3-5	anion in water near neutral or basic pH	Chlorendic acid	115-28-6	DJKGDNKYTKCJKD-UHFFFAOYSA-N	C1(C(C2(C(=C(C1(C2(Cl)Cl)Cl)Cl)Cl)Cl)C(=O)O)C(=O)O
other carboxylic acid	about 3-5	anion in water near neutral or basic pH	Chloroacetic acid	79-11-8	FOCAUTSVDIKZOP-UHFFFAOYSA-N	C(C(=O)O)Cl
other carboxylic acid	about 3-5	anion in water near neutral or basic pH	CID 18981086	52627-55-1	OWGMUUMIVUJVAV-UHFFFAOYSA-N	C(CCC(=O)OCC(CO)(CO)CO)CC(=O)O
other carboxylic acid	about 3-5	anion in water near neutral or basic pH	Cinchophen	132-60-5	YTRMTPPVNRALON-UHFFFAOYSA-N	C1=CC=C(C=C1)C2=NC3=CC=CC=C3C(=C2)C(=O)O
other carboxylic acid	about 3-5	anion in water near neutral or basic pH	Cinnamic Acid	621-82-9	WBYWAXJHAXSJNI-VOTSOKGWSA-N	C1=CC=C(C=C1)/C=C/C(=O)O
other carboxylic acid	about 3-5	anion in water near neutral or basic pH	Citric Acid	77-92-9	KRKNYBCHXYNGOX-UHFFFAOYSA-N	C(C(=O)O)C(CC(=O)O)(C(=O)O)O
other carboxylic acid	about 3-5	anion in water near neutral or basic pH	Crotonic acid	107-93-7	LDHQCZJRKDOVOX-NSCUHMNNSA-N	C/C=C/C(=O)O
other carboxylic acid	about 3-5	anion in water near neutral or basic pH	Cyclohex-4-ene-1,2-dicarboxylic acid	88-98-2	ILUAAIDVFMVTAU-UHFFFAOYSA-N	C1C=CCC(C1C(=O)O)C(=O)O
other carboxylic acid	about 3-5	anion in water near neutral or basic pH	Cyclohexanecarboxylic acid	98-89-5	NZNMSOFKMUBTKW-UHFFFAOYSA-N	C1CCC(CC1)C(=O)O
other carboxylic acid	about 3-5	anion in water near neutral or basic pH	Daminozide	1596-84-5	NOQGZXFMHARMLW-UHFFFAOYSA-N	CN(C)NC(=O)CCC(=O)O
other carboxylic acid	about 3-5	anion in water near neutral or basic pH	Decanoic acid, 3,3,4,4,5,5,6,6,7,7,8,8,9,9,10,10,10-heptadecafluoro-	27854-31-5	XTBXSCIWOVSSGB-UHFFFAOYSA-N	C(C(=O)O)C(C(C(C(C(C(C(C(F)(F)F)(F)F)(F)F)(F)F)(F)F)(F)F)(F)F)(F)F
other carboxylic acid	about 3-5	anion in water near neutral or basic pH	Dehydroabietic acid	1740-19-8	NFWKVWVWBFBAOV-MISYRCLQSA-N	CC(C)C1=CC2=C(C=C1)[C@]3(CCC[C@@]([C@@H]3CC2)(C)C(=O)O)C
other carboxylic acid	about 3-5	anion in water near neutral or basic pH	Deoxycholic Acid	83-44-3	KXGVEGMKQFWNSR-LLQZFEROSA-N	C[C@H](CCC(=O)O)[C@H]1CC[C@@H]2[C@@]1([C@H](C[C@H]3[C@H]2CC[C@H]4[C@@]3(CC[C@H](C4)O)C)O)C
other carboxylic acid	about 3-5	anion in water near neutral or basic pH	Dicarbonic acid	503-81-1	ZFTFAPZRGNKQPU-UHFFFAOYSA-N	C(=O)(O)OC(=O)O
other carboxylic acid	about 3-5	anion in water near neutral or basic pH	Diglycolic acid	110-99-6	QEVGZEDELICMKH-UHFFFAOYSA-N	C(C(=O)O)OCC(=O)O
other carboxylic acid	about 3-5	anion in water near neutral or basic pH	Diphenolic acid	126-00-1	VKOUCJUTMGHNOR-UHFFFAOYSA-N	CC(CCC(=O)O)(C1=CC=C(C=C1)O)C2=CC=C(C=C2)O
other carboxylic acid	about 3-5	anion in water near neutral or basic pH	DL-Tartaric acid	133-37-9	FEWJPZIEWOKRBE-UHFFFAOYSA-N	C(C(C(=O)O)O)(C(=O)O)O
other carboxylic acid	about 3-5	anion in water near neutral or basic pH	Doconexent	6217-54-5	MBMBGCFOFBJSGT-KUBAVDMBSA-N	CC/C=C\C/C=C\C/C=C\C/C=C\C/C=C\C/C=C\CCC(=O)O
other carboxylic acid	about 3-5	anion in water near neutral or basic pH	Dodecanedioic acid	693-23-2	TVIDDXQYHWJXFK-UHFFFAOYSA-N	C(CCCCCC(=O)O)CCCCC(=O)O
other carboxylic acid	about 3-5	anion in water near neutral or basic pH	Dodecenylsuccinic acid	29658-97-7	QDCPNGVVOWVKJG-VAWYXSNFSA-N	CCCCCCCCCC/C=C/C(CC(=O)O)C(=O)O
other carboxylic acid	about 3-5	anion in water near neutral or basic pH	Dodecylsuccinic acid	455-95-8	YLAXZGYLWOGCBF-UHFFFAOYSA-N	CCCCCCCCCCCCC(CC(=O)O)C(=O)O
other carboxylic acid	about 3-5	anion in water near neutral or basic pH	Elaidic Acid	112-79-8	ZQPPMHVWECSIRJ-MDZDMXLPSA-N	CCCCCCCC/C=C/CCCCCCCC(=O)O
other carboxylic acid	about 3-5	anion in water near neutral or basic pH	Epoxyoleic acid	24560-98-3	IMYZYCNQZDBZBQ-SJORKVTESA-N	CCCCCCCC[C@@H]1[C@@H](O1)CCCCCCCC(=O)O
other carboxylic acid	about 3-5	anion in water near neutral or basic pH	Erucic Acid	112-86-7	DPUOLQHDNGRHBS-KTKRTIGZSA-N	CCCCCCCC/C=C\CCCCCCCCCCCC(=O)O
other carboxylic acid	about 3-5	anion in water near neutral or basic pH	Ethenyl-carbamic acid	34325-66-1	PEOHLVWFSVQRLK-UHFFFAOYSA-N	C=CNC(=O)O
other carboxylic acid	about 3-5	anion in water near neutral or basic pH	Ethyl hydrogen sebacate	693-55-0	DLZCDMPHHUODDO-UHFFFAOYSA-N	CCOC(=O)CCCCCCCCC(=O)O
other carboxylic acid	about 3-5	anion in water near neutral or basic pH	Ethylene glycol acrylate phthalate	30697-40-6	RKYJPYDJNQXILT-UHFFFAOYSA-N	C=CC(=O)OCCOC(=O)C1=CC=CC=C1C(=O)O
other carboxylic acid	about 3-5	anion in water near neutral or basic pH	Ethylene terephthalate	2225-05-0	WFBOYZZQPYDMKX-UHFFFAOYSA-N	C1=CC(=CC=C1C(=O)O)C(=O)OCCOC(=O)C2=CC=C(C=C2)C(=O)O
other carboxylic acid	about 3-5	anion in water near neutral or basic pH	Etienic acid	302-97-6	YQACAXHKQZCEOI-UDCWSGSHSA-N	C[C@]12CC[C@H]3[C@H]([C@@H]1CC[C@@H]2C(=O)O)CCC4=CC(=O)CC[C@]34C
other carboxylic acid	about 3-5	anion in water near neutral or basic pH	Felbinac	5728-52-9	QRZAKQDHEVVFRX-UHFFFAOYSA-N	C1=CC=C(C=C1)C2=CC=C(C=C2)CC(=O)O
other carboxylic acid	about 3-5	anion in water near neutral or basic pH	Formic Acid	64-18-6	BDAGIHXWWSANSR-UHFFFAOYSA-N	C(=O)O
other carboxylic acid	about 3-5	anion in water near neutral or basic pH	Gadoleic Acid	29204-02-2	LQJBNNIYVWPHFW-QXMHVHEDSA-N	CCCCCCCCCC/C=C\CCCCCCCC(=O)O
other carboxylic acid	about 3-5	anion in water near neutral or basic pH	gamma-Linolenic acid	506-26-3	VZCCETWTMQHEPK-QNEBEIHSSA-N	CCCCC/C=C\C/C=C\C/C=C\CCCCC(=O)O
other carboxylic acid	about 3-5	anion in water near neutral or basic pH	Gluconic Acid	526-95-4	RGHNJXZEOKUKBD-SQOUGZDYSA-N	C([C@H]([C@H]([C@@H]([C@H](C(=O)O)O)O)O)O)O
other carboxylic acid	about 3-5	anion in water near neutral or basic pH	Glutaric acid	110-94-1	JFCQEDHGNNZCLN-UHFFFAOYSA-N	C(CC(=O)O)CC(=O)O
other carboxylic acid	about 3-5	anion in water near neutral or basic pH	Glycolic Acid	79-14-1	AEMRFAOFKBGASW-UHFFFAOYSA-N	C(C(=O)O)O
other carboxylic acid	about 3-5	anion in water near neutral or basic pH	Glycylsarcosine		VYAMLSCELQQRAE-UHFFFAOYSA-N	CN(CC(=O)O)C(=O)CN
other carboxylic acid	about 3-5	anion in water near neutral or basic pH	Glyoxylic acid	298-12-4	HHLFWLYXYJOTON-UHFFFAOYSA-N	C(=O)C(=O)O
other carboxylic acid	about 3-5	anion in water near neutral or basic pH	Heneicosanoic acid	2363-71-5	CKDDRHZIAZRDBW-UHFFFAOYSA-N	CCCCCCCCCCCCCCCCCCCCC(=O)O
other carboxylic acid	about 3-5	anion in water near neutral or basic pH	Heptadecanoic acid	506-12-7	KEMQGTRYUADPNZ-UHFFFAOYSA-N	CCCCCCCCCCCCCCCCC(=O)O
other carboxylic acid	about 3-5	anion in water near neutral or basic pH	Heptadecenoic acid		GEHPRJRWZDWFBJ-FOCLMDBBSA-N	CCCCCCCCCCCCCC/C=C/C(=O)O
other carboxylic acid	about 3-5	anion in water near neutral or basic pH	Heptanoic Acid	111-14-8	MNWFXJYAOYHMED-UHFFFAOYSA-N	CCCCCCC(=O)O
other carboxylic acid	about 3-5	anion in water near neutral or basic pH	Hexacosanoic acid	506-46-7	XMHIUKTWLZUKEX-UHFFFAOYSA-N	CCCCCCCCCCCCCCCCCCCCCCCCCC(=O)O
other carboxylic acid	about 3-5	anion in water near neutral or basic pH	Hexadecanedioic acid	505-54-4	QQHJDPROMQRDLA-UHFFFAOYSA-N	C(CCCCCCCC(=O)O)CCCCCCC(=O)O
other carboxylic acid	about 3-5	anion in water near neutral or basic pH	Hexanoic acid, 6-[[6-[(6-amino-1-oxohexyl)amino]-1-oxohexyl]amino]-	5776-78-3	JOIUZBTWMAYEQW-UHFFFAOYSA-N	C(CCC(=O)NCCCCCC(=O)NCCCCCC(=O)O)CCN
other carboxylic acid	about 3-5	anion in water near neutral or basic pH	Icosapent	10417-94-4	JAZBEHYOTPTENJ-JLNKQSITSA-N	CC/C=C\C/C=C\C/C=C\C/C=C\C/C=C\CCCC(=O)O
other carboxylic acid	about 3-5	anion in water near neutral or basic pH	Isobutyric acid	79-31-2	KQNPFQTWMSNSAP-UHFFFAOYSA-N	CC(C)C(=O)O
other carboxylic acid	about 3-5	anion in water near neutral or basic pH	Isophthalic acid	121-91-5	QQVIHTHCMHWDBS-UHFFFAOYSA-N	C1=CC(=CC(=C1)C(=O)O)C(=O)O
other carboxylic acid	about 3-5	anion in water near neutral or basic pH	Isovaleric acid	35915-22-1	GWYFCOCPABKNJV-UHFFFAOYSA-N	CC(C)CC(=O)O
other carboxylic acid	about 3-5	anion in water near neutral or basic pH	Itaconic acid	97-65-4	LVHBHZANLOWSRM-UHFFFAOYSA-N	C=C(CC(=O)O)C(=O)O
other carboxylic acid	about 3-5	anion in water near neutral or basic pH	L-HISTIDINE, N-beta-ALANYL-	9001-73-4	CQOVPNPJLQNMDC-UHFFFAOYSA-N	C1=C(NC=N1)CC(C(=O)O)NC(=O)CCN
other carboxylic acid	about 3-5	anion in water near neutral or basic pH	L-Leucine, L-leucyl-L-leucyl-L-leucyl-L-leucyl-	62526-42-5	WJWLSKXFWZTKQT-KEOOTSPTSA-N	CC(C)C[C@@H](C(=O)N[C@@H](CC(C)C)C(=O)N[C@@H](CC(C)C)C(=O)N[C@@H](CC(C)C)C(=O)N[C@@H](CC(C)C)C(=O)O)N
other carboxylic acid	about 3-5	anion in water near neutral or basic pH	L-Tartaric acid	87-69-4	FEWJPZIEWOKRBE-JCYAYHJZSA-N	[C@@H]([C@H](C(=O)O)O)(C(=O)O)O
other carboxylic acid	about 3-5	anion in water near neutral or basic pH	L-Valine, N-(1-L-lysyl-L-prolyl)-	67727-97-3	YSPZCHGIWAQVKQ-AVGNSLFASA-N	CC(C)[C@@H](C(=O)O)NC(=O)[C@@H]1CCCN1C(=O)[C@H](CCCCN)N
other carboxylic acid	about 3-5	anion in water near neutral or basic pH	Lactic Acid	598-82-3	JVTAAEKCZFNVCJ-UHFFFAOYSA-N	CC(C(=O)O)O
other carboxylic acid	about 3-5	anion in water near neutral or basic pH	Lauric Acid	143-07-7	POULHZVOKOAJMA-UHFFFAOYSA-N	CCCCCCCCCCCC(=O)O
other carboxylic acid	about 3-5	anion in water near neutral or basic pH	Leucyl-leucyl-leucine	10329-75-6	DNDWZFHLZVYOGF-KKUMJFAQSA-N	CC(C)C[C@@H](C(=O)N[C@@H](CC(C)C)C(=O)N[C@@H](CC(C)C)C(=O)O)N
other carboxylic acid	about 3-5	anion in water near neutral or basic pH	Levulinic acid	123-76-2	JOOXCMJARBKPKM-UHFFFAOYSA-N	CC(=O)CCC(=O)O
other carboxylic acid	about 3-5	anion in water near neutral or basic pH	Linoleic Acid	60-33-3	OYHQOLUKZRVURQ-HZJYTTRNSA-N	CCCCC/C=C\C/C=C\CCCCCCCC(=O)O
other carboxylic acid	about 3-5	anion in water near neutral or basic pH	Linolenic Acid	463-40-1	DTOSIQBPPRVQHS-PDBXOOCHSA-N	CC/C=C\C/C=C\C/C=C\CCCCCCCC(=O)O
other carboxylic acid	about 3-5	anion in water near neutral or basic pH	m-Phenylenedioxydi(acetic acid)	102-39-6	ZVMAGJJPTALGQB-UHFFFAOYSA-N	C1=CC(=CC(=C1)OCC(=O)O)OCC(=O)O
other carboxylic acid	about 3-5	anion in water near neutral or basic pH	M-Toluic acid	99-04-7	GPSDUZXPYCFOSQ-UHFFFAOYSA-N	CC1=CC(=CC=C1)C(=O)O
other carboxylic acid	about 3-5	anion in water near neutral or basic pH	Malic Acid	6915-15-7	BJEPYKJPYRNKOW-UHFFFAOYSA-N	C(C(C(=O)O)O)C(=O)O
other carboxylic acid	about 3-5	anion in water near neutral or basic pH	Malonic acid	141-82-2	OFOBLEOULBTSOW-UHFFFAOYSA-N	C(C(=O)O)C(=O)O
other carboxylic acid	about 3-5	anion in water near neutral or basic pH	Meglutol	503-49-1	NPOAOTPXWNWTSH-UHFFFAOYSA-N	CC(CC(=O)O)(CC(=O)O)O
other carboxylic acid	about 3-5	anion in water near neutral or basic pH	Methacrylic Acid	79-41-4	CERQOIWHTDAKMF-UHFFFAOYSA-N	CC(=C)C(=O)O
other carboxylic acid	about 3-5	anion in water near neutral or basic pH	Methacryloxyacetic acid	10041-27-7	KWBYXBYRUHMDAR-UHFFFAOYSA-N	CC(=C)COCC(=O)O
other carboxylic acid	about 3-5	anion in water near neutral or basic pH	Methoxyacetic acid	625-45-6	RMIODHQZRUFFFF-UHFFFAOYSA-N	COCC(=O)O
other carboxylic acid	about 3-5	anion in water near neutral or basic pH	Methyl hydrogen azelate	2104-19-0	VVWPSAPZUZXYCM-UHFFFAOYSA-N	COC(=O)CCCCCCCC(=O)O
other carboxylic acid	about 3-5	anion in water near neutral or basic pH	Mono(2-ethylhexyl) adipate	4337-65-9	MBGYSHXGENGTBP-UHFFFAOYSA-N	CCCCC(CC)COC(=O)CCCCC(=O)O
other carboxylic acid	about 3-5	anion in water near neutral or basic pH	Mono(2-ethylhexyl) terephthalate	155603-50-2	HRUJAEJKCNCOGW-UHFFFAOYSA-N	CCCCC(CC)COC(=O)C1=CC=C(C=C1)C(=O)O
other carboxylic acid	about 3-5	anion in water near neutral or basic pH	Mono(2-methacryloyloxyethyl) phthalate	27697-00-3	FIQBJLHOPOSODG-UHFFFAOYSA-N	CC(=C)C(=O)OCCOC(=O)C1=CC=CC=C1C(=O)O
other carboxylic acid	about 3-5	anion in water near neutral or basic pH	mono-2-(Methacryloyloxy)ethyl maleate	51978-15-5	HSFXEOPJXMFQHG-ARJAWSKDSA-N	CC(=C)C(=O)OCCOC(=O)/C=C\C(=O)O
other carboxylic acid	about 3-5	anion in water near neutral or basic pH	Monobenzyl phthalate	2528-16-7	XIKIUQUXDNHBFR-UHFFFAOYSA-N	C1=CC=C(C=C1)COC(=O)C2=CC=CC=C2C(=O)O
other carboxylic acid	about 3-5	anion in water near neutral or basic pH	Monobutyl maleate	925-21-3	UTOVMEACOLCUCK-PLNGDYQASA-N	CCCCOC(=O)/C=C\C(=O)O
other carboxylic acid	about 3-5	anion in water near neutral or basic pH	Monobutyl phthalate	131-70-4	YZBOVSFWWNVKRJ-UHFFFAOYSA-N	CCCCOC(=O)C1=CC=CC=C1C(=O)O
other carboxylic acid	about 3-5	anion in water near neutral or basic pH	Monoethyl maleate	3990-03-2	XLYMOEINVGRTEX-ARJAWSKDSA-N	CCOC(=O)/C=C\C(=O)O
other carboxylic acid	about 3-5	anion in water near neutral or basic pH	Monoethyl phthalate	2306-33-4	YWWHKOHZGJFMIE-UHFFFAOYSA-N	CCOC(=O)C1=CC=CC=C1C(=O)O
other carboxylic acid	about 3-5	anion in water near neutral or basic pH	Monoisononyl phthalate	106610-61-1	RNCMBSSLYOAVRT-UHFFFAOYSA-N	CC(C)CCCCCCOC(=O)C1=CC=CC=C1C(=O)O
other carboxylic acid	about 3-5	anion in water near neutral or basic pH	Monomethyl adipate	627-91-8	UOBSVARXACCLLH-UHFFFAOYSA-N	COC(=O)CCCCC(=O)O
other carboxylic acid	about 3-5	anion in water near neutral or basic pH	Monomethyl Fumarate	2756-87-8	NKHAVTQWNUWKEO-NSCUHMNNSA-N	COC(=O)/C=C/C(=O)O
other carboxylic acid	about 3-5	anion in water near neutral or basic pH	Monomethyl maleate	3052-50-4	NKHAVTQWNUWKEO-IHWYPQMZSA-N	COC(=O)/C=C\C(=O)O
other carboxylic acid	about 3-5	anion in water near neutral or basic pH	Myristelaidic acid	50286-30-1	YWWVWXASSLXJHU-AATRIKPKSA-N	CCCC/C=C/CCCCCCCC(=O)O
other carboxylic acid	about 3-5	anion in water near neutral or basic pH	Myristic Acid	544-63-8	TUNFSRHWOTWDNC-UHFFFAOYSA-N	CCCCCCCCCCCCCC(=O)O
other carboxylic acid	about 3-5	anion in water near neutral or basic pH	Myristoleic acid	544-64-9	YWWVWXASSLXJHU-WAYWQWQTSA-N	CCCC/C=C\CCCCCCCC(=O)O
other carboxylic acid	about 3-5	anion in water near neutral or basic pH	N-(2-Hydroxydodecyl)-N-(2-hydroxyethyl)-beta-alanine	70521-70-9	OKVWJOUKDKKXQG-UHFFFAOYSA-N	CCCCCCCCCCC(CN(CCC(=O)O)CCO)O
other carboxylic acid	about 3-5	anion in water near neutral or basic pH	N-Benzyloxycarbonylglycine	1138-80-3	CJUMAFVKTCBCJK-UHFFFAOYSA-N	C1=CC=C(C=C1)COC(=O)NCC(=O)O
other carboxylic acid	about 3-5	anion in water near neutral or basic pH	N-Lauroylsarcosine	97-78-9	BACYUWVYYTXETD-UHFFFAOYSA-N	CCCCCCCCCCCC(=O)N(C)CC(=O)O
other carboxylic acid	about 3-5	anion in water near neutral or basic pH	N-Methacryloyl-L-lysine	45158-94-9	FQYPKQOQUNFBDP-QMMMGPOBSA-N	CC(=C)C(=O)N[C@@H](CCCCN)C(=O)O
other carboxylic acid	about 3-5	anion in water near neutral or basic pH	N-Methacryloylglycine	23578-45-2	BOURDYMMTZXVRY-UHFFFAOYSA-N	CC(=C)C(=O)NCC(=O)O
other carboxylic acid	about 3-5	anion in water near neutral or basic pH	N-oleoylglycine	2601-90-3	HPFXACZRFJDURI-KTKRTIGZSA-N	CCCCCCCC/C=C\CCCCCCCC(=O)NCC(=O)O
other carboxylic acid	about 3-5	anion in water near neutral or basic pH	n-Pentylmalonic acid	616-88-6	LAWHHRXCBUNWFI-UHFFFAOYSA-N	CCCCCC(C(=O)O)C(=O)O
other carboxylic acid	about 3-5	anion in water near neutral or basic pH	Neoabietic acid	471-77-2	KGMSWPSAVZAMKR-ONCXSQPRSA-N	CC(=C1CC[C@H]2C(=C1)CC[C@@H]3[C@@]2(CCC[C@@]3(C)C(=O)O)C)C
other carboxylic acid	about 3-5	anion in water near neutral or basic pH	Neodecanoic acid	26896-20-8	YPIFGDQKSSMYHQ-UHFFFAOYSA-N	CC(C)(C)CCCCCC(=O)O
other carboxylic acid	about 3-5	anion in water near neutral or basic pH	Nicotinic acid	59-67-6	PVNIIMVLHYAWGP-UHFFFAOYSA-N	C1=CC(=CN=C1)C(=O)O
other carboxylic acid	about 3-5	anion in water near neutral or basic pH	Nonadecanoic acid	646-30-0	ISYWECDDZWTKFF-UHFFFAOYSA-N	CCCCCCCCCCCCCCCCCCC(=O)O
other carboxylic acid	about 3-5	anion in water near neutral or basic pH	Nonanoic acid	112-05-0	FBUKVWPVBMHYJY-UHFFFAOYSA-N	CCCCCCCCC(=O)O
other carboxylic acid	about 3-5	anion in water near neutral or basic pH	Octacosanedioic acid	5632-97-3	WHTKRYWWSTYDNH-UHFFFAOYSA-N	C(CCCCCCCCCCCCCC(=O)O)CCCCCCCCCCCCC(=O)O
other carboxylic acid	about 3-5	anion in water near neutral or basic pH	Octacosanoic acid	506-48-9	UTOPWMOLSKOLTQ-UHFFFAOYSA-N	CCCCCCCCCCCCCCCCCCCCCCCCCCCC(=O)O
other carboxylic acid	about 3-5	anion in water near neutral or basic pH	Octadeca-9,12,15-trienoic acid	1955-33-5	DTOSIQBPPRVQHS-IUQGRGSQSA-N	CC/C=C/C/C=C/C/C=C/CCCCCCCC(=O)O
other carboxylic acid	about 3-5	anion in water near neutral or basic pH	Octadecadienoic acid	121250-47-3	ADHNUPOJJCKWRT-JLXBFWJWSA-N	CCCCCCCCCCCCC/C=C/C=C/C(=O)O
other carboxylic acid	about 3-5	anion in water near neutral or basic pH	Octadecanedioic acid	871-70-5	BNJOQKFENDDGSC-UHFFFAOYSA-N	C(CCCCCCCCC(=O)O)CCCCCCCC(=O)O
other carboxylic acid	about 3-5	anion in water near neutral or basic pH	Octadecenoic acid	26764-26-1	LKOVPWSSZFDYPG-WUKNDPDISA-N	CCCCCCCCCCCCCCC/C=C/C(=O)O
other carboxylic acid	about 3-5	anion in water near neutral or basic pH	Octanoic Acid	124-07-2	WWZKQHOCKIZLMA-UHFFFAOYSA-N	CCCCCCCC(=O)O
other carboxylic acid	about 3-5	anion in water near neutral or basic pH	Oleic Acid	112-80-1	ZQPPMHVWECSIRJ-KTKRTIGZSA-N	CCCCCCCC/C=C\CCCCCCCC(=O)O
other carboxylic acid	about 3-5	anion in water near neutral or basic pH	Oleoyl sarcosine	110-25-8	DIOYAVUHUXAUPX-KHPPLWFESA-N	CCCCCCCC/C=C\CCCCCCCC(=O)N(C)CC(=O)O
other carboxylic acid	about 3-5	anion in water near neutral or basic pH	Ophiohayatone C	84-33-3	BLCNBYUENJBFPA-UHFFFAOYSA-N	C1=CC=C2C(=C1)C(=O)C3=CC(=C(C=C3C2=O)O)C(=O)O
other carboxylic acid	about 3-5	anion in water near neutral or basic pH	Oxalacetic acid	328-42-7	KHPXUQMNIQBQEV-UHFFFAOYSA-N	C(C(=O)C(=O)O)C(=O)O
other carboxylic acid	about 3-5	anion in water near neutral or basic pH	p-Coumaric acid	7400-08-0	NGSWKAQJJWESNS-ZZXKWVIFSA-N	C1=CC(=CC=C1/C=C/C(=O)O)O
other carboxylic acid	about 3-5	anion in water near neutral or basic pH	Palmitic Acid	57-10-3	IPCSVZSSVZVIGE-UHFFFAOYSA-N	CCCCCCCCCCCCCCCC(=O)O
other carboxylic acid	about 3-5	anion in water near neutral or basic pH	Palmitoleic Acid	373-49-9	SECPZKHBENQXJG-FPLPWBNLSA-N	CCCCCC/C=C\CCCCCCCC(=O)O
other carboxylic acid	about 3-5	anion in water near neutral or basic pH	Paullinic acid	17735-94-3	URXZXNYJPAJJOQ-FPLPWBNLSA-N	CCCCCC/C=C\CCCCCCCCCCCC(=O)O
other carboxylic acid	about 3-5	anion in water near neutral or basic pH	Pentadecanoic acid	1002-84-2	WQEPLUUGTLDZJY-UHFFFAOYSA-N	CCCCCCCCCCCCCCC(=O)O
other carboxylic acid	about 3-5	anion in water near neutral or basic pH	Pentamethylbenzoic acid	2243-32-5	MNLKGWIYXCKWBU-UHFFFAOYSA-N	CC1=C(C(=C(C(=C1C)C)C(=O)O)C)C
other carboxylic acid	about 3-5	anion in water near neutral or basic pH	Phenylacetic Acid	103-82-2	WLJVXDMOQOGPHL-UHFFFAOYSA-N	C1=CC=C(C=C1)CC(=O)O
other carboxylic acid	about 3-5	anion in water near neutral or basic pH	Phenylsuccinic acid	635-51-8	LVFFZQQWIZURIO-UHFFFAOYSA-N	C1=CC=C(C=C1)C(CC(=O)O)C(=O)O
other carboxylic acid	about 3-5	anion in water near neutral or basic pH	Phthalic acid	88-99-3	XNGIFLGASWRNHJ-UHFFFAOYSA-N	C1=CC=C(C(=C1)C(=O)O)C(=O)O
other carboxylic acid	about 3-5	anion in water near neutral or basic pH	Pimaric acid	127-27-5	MHVJRKBZMUDEEV-APQLOABGSA-N	C[C@]1(CC[C@H]2C(=C1)CC[C@@H]3[C@@]2(CCC[C@@]3(C)C(=O)O)C)C=C
other carboxylic acid	about 3-5	anion in water near neutral or basic pH	Pimelic acid	111-16-0	WLJVNTCWHIRURA-UHFFFAOYSA-N	C(CCC(=O)O)CCC(=O)O
other carboxylic acid	about 3-5	anion in water near neutral or basic pH	Piperonylic acid	94-53-1	VDVJGIYXDVPQLP-UHFFFAOYSA-N	C1OC2=C(O1)C=C(C=C2)C(=O)O
other carboxylic acid	about 3-5	anion in water near neutral or basic pH	Pivalic acid	75-98-9	IUGYQRQAERSCNH-UHFFFAOYSA-N	CC(C)(C)C(=O)O
other carboxylic acid	about 3-5	anion in water near neutral or basic pH	Propanoic acid, 2-(3-acetoxy-4,4,14-trimethylandrost-8-en-17-yl)-		HVIBGCANOBQDPU-UHFFFAOYSA-N	CC(C1CCC2(C1(CCC3=C2CCC4C3(CCC(C4(C)C)OC(=O)C)C)C)C)C(=O)O
other carboxylic acid	about 3-5	anion in water near neutral or basic pH	Propionic Acid	79-09-4	XBDQKXXYIPTUBI-UHFFFAOYSA-N	CCC(=O)O
other carboxylic acid	about 3-5	anion in water near neutral or basic pH	Propylene glycol alginate	9005-37-2	HDSBZMRLPLPFLQ-UHFFFAOYSA-N	CC1C(C(C(OC1C(=O)OCC(C)O)OC2C(C(C(OC2C(=O)O)OC)O)O)O)O
other carboxylic acid	about 3-5	anion in water near neutral or basic pH	Pyromellitic acid	89-05-4	CYIDZMCFTVVTJO-UHFFFAOYSA-N	C1=C(C(=CC(=C1C(=O)O)C(=O)O)C(=O)O)C(=O)O
other carboxylic acid	about 3-5	anion in water near neutral or basic pH	Ricinoleic acid	141-22-0	WBHHMMIMDMUBKC-QJWNTBNXSA-N	CCCCCC[C@H](C/C=C\CCCCCCCC(=O)O)O
other carboxylic acid	about 3-5	anion in water near neutral or basic pH	Salicylic Acid	69-72-7	YGSDEFSMJLZEOE-UHFFFAOYSA-N	C1=CC=C(C(=C1)C(=O)O)O
other carboxylic acid	about 3-5	anion in water near neutral or basic pH	Sebacic Acid	111-20-6	CXMXRPHRNRROMY-UHFFFAOYSA-N	C(CCCCC(=O)O)CCCC(=O)O
other carboxylic acid	about 3-5	anion in water near neutral or basic pH	Sorbic Acid	110-44-1	WSWCOQWTEOXDQX-MQQKCMAXSA-N	C/C=C/C=C/C(=O)O
other carboxylic acid	about 3-5	anion in water near neutral or basic pH	Stearic Acid	57-11-4	QIQXTHQIDYTFRH-UHFFFAOYSA-N	CCCCCCCCCCCCCCCCCC(=O)O
other carboxylic acid	about 3-5	anion in water near neutral or basic pH	Stearyl citrate	1323-66-6	REVZBRXEBPWDRA-UHFFFAOYSA-N	CCCCCCCCCCCCCCCCCCOC(=O)CC(CC(=O)O)(C(=O)O)O
other carboxylic acid	about 3-5	anion in water near neutral or basic pH	Suberic acid	505-48-6	TYFQFVWCELRYAO-UHFFFAOYSA-N	C(CCCC(=O)O)CCC(=O)O
other carboxylic acid	about 3-5	anion in water near neutral or basic pH	Succinic Acid	110-15-6	KDYFGRWQOYBRFD-UHFFFAOYSA-N	C(CC(=O)O)C(=O)O
other carboxylic acid	about 3-5	anion in water near neutral or basic pH	Succinic acid peroxide	123-23-9	MKTOIPPVFPJEQO-UHFFFAOYSA-N	C(CC(=O)OOC(=O)CCC(=O)O)C(=O)O
other carboxylic acid	about 3-5	anion in water near neutral or basic pH	Terephthalic acid	100-21-0	KKEYFWRCBNTPAC-UHFFFAOYSA-N	C1=CC(=CC=C1C(=O)O)C(=O)O
other carboxylic acid	about 3-5	anion in water near neutral or basic pH	Tetracosanoic acid	557-59-5	QZZGJDVWLFXDLK-UHFFFAOYSA-N	CCCCCCCCCCCCCCCCCCCCCCCC(=O)O
other carboxylic acid	about 3-5	anion in water near neutral or basic pH	Tetradecanedioic acid	821-38-5	HQHCYKULIHKCEB-UHFFFAOYSA-N	C(CCCCCCC(=O)O)CCCCCC(=O)O
other carboxylic acid	about 3-5	anion in water near neutral or basic pH	trans-13-Octadecenoic acid	693-71-0	BDLLSHRIFPDGQB-AATRIKPKSA-N	CCCC/C=C/CCCCCCCCCCCC(=O)O
other carboxylic acid	about 3-5	anion in water near neutral or basic pH	Tricosanoic acid	2433-96-7	XEZVDURJDFGERA-UHFFFAOYSA-N	CCCCCCCCCCCCCCCCCCCCCCC(=O)O
other carboxylic acid	about 3-5	anion in water near neutral or basic pH	Tridecanedioic acid	505-52-2	DXNCZXXFRKPEPY-UHFFFAOYSA-N	C(CCCCCC(=O)O)CCCCCC(=O)O
other carboxylic acid	about 3-5	anion in water near neutral or basic pH	Tridecanoic acid	638-53-9	SZHOJFHSIKHZHA-UHFFFAOYSA-N	CCCCCCCCCCCCC(=O)O
other carboxylic acid	about 3-5	anion in water near neutral or basic pH	Trimellitic anhydride	552-30-7	SRPWOOOHEPICQU-UHFFFAOYSA-N	C1=CC2=C(C=C1C(=O)O)C(=O)OC2=O
other carboxylic acid	about 3-5	anion in water near neutral or basic pH	Undecanedioic acid	1852-04-6	LWBHHRRTOZQPDM-UHFFFAOYSA-N	C(CCCCC(=O)O)CCCCC(=O)O
other carboxylic acid	about 3-5	anion in water near neutral or basic pH	Undecanoic acid	112-37-8	ZDPHROOEEOARMN-UHFFFAOYSA-N	CCCCCCCCCCC(=O)O
other carboxylic acid	about 3-5	anion in water near neutral or basic pH	Undecylenic Acid	112-38-9	FRPZMMHWLSIFAZ-UHFFFAOYSA-N	C=CCCCCCCCCC(=O)O
other carboxylic acid	about 3-5	anion in water near neutral or basic pH	Vaccenic acid, cis-	506-17-2	UWHZIFQPPBDJPM-FPLPWBNLSA-N	CCCCCC/C=C\CCCCCCCCCC(=O)O
other carboxylic acid	about 3-5	anion in water near neutral or basic pH	Valeric acid	109-52-4	NQPDZGIKBAWPEJ-UHFFFAOYSA-N	CCCCC(=O)O
