input_inchikey,name,status,reason
BJQHLKABXJIVAM-SAQXESPHSA-N,Bis(2-ethylhexyl) Phthalate-d4,excluded,Owner A-3 D-ISO: deuterated isotope-labelled entry excluded from campaign
CSHWQDPOILHKBI-AQZSQYOVSA-N,Perylene-D12,excluded,Owner A-3 D-ISO: deuterated isotope-labelled entry excluded from campaign
DOIRQSBPFJWKBE-ULDPCNCHSA-N,Di-n-butyl phthalate-d4,excluded,Owner A-3 D-ISO: deuterated isotope-labelled entry excluded from campaign
DXBHBZVCASKNBY-AQZSQYOVSA-N,Benz[a]anthracene-d12,excluded,Owner A-3 D-ISO: deuterated isotope-labelled entry excluded from campaign
GVEPBJHOBDJJJI-LHNTUAQVSA-N,"Fluoranthene-1,2,3,4,5,6,7,8,9,10-d10",excluded,Owner A-3 D-ISO: deuterated isotope-labelled entry excluded from campaign
LRHPLDYGYMQRHN-UICOGKGYSA-N,Butan-1-(2H)ol,excluded,Owner A-3 D-ISO: deuterated isotope-labelled entry excluded from campaign
NIHNNTQXNPWCJQ-QNNBDYQESA-N,Fluorene-d10,excluded,Owner A-3 D-ISO: deuterated isotope-labelled entry excluded from campaign
UHOVQNZJYSORNB-MZWXYZOWSA-N,Benzene-d6,excluded,Owner A-3 D-ISO: deuterated isotope-labelled entry excluded from campaign
VOWAEIGWURALJQ-ZZRPVTOQSA-N,"Dicyclohexyl phthalate-3,4,5,6-d4",excluded,Owner A-3 D-ISO: deuterated isotope-labelled entry excluded from campaign
