entry_id,A_energy_hartree,B_energy_hartree,B_OPT_energy_hartree,A_cavity_cm3_mol,B_cavity_cm3_mol,A_surface_sha256,B_surface_sha256,A_relative_energy_kj_mol,A_weight_298K,B_relative_energy_kj_mol,B_weight_298K,B_OPT_relative_energy_kj_mol,B_OPT_weight_298K,polymer,merged_into
evoh__config_20,-852.9091698107,-852.810485873648,-852.763172808523,206.014291478543,202.68828178202543,e77583e42b5c427a73970f27ae8a8b7fc12c5535c01010f0e9eaa4fcd23a8330,18811127cd443cb0ea94808be698faf82ee3732bbfa4ad798c7848b30d4fed47,7.861472133856621,0.027127297831639936,7.759290657341028,0.019975427212000293,10.066236913193277,0.007265393021800742,evoh,
evoh__config_2200,-852.9109253749,-852.812985260559,-852.766495119649,205.72158782387814,203.44273980466562,548dbd9d82cd19910f817774fa53a0813c6de2a99c9e8322ae569a76d66e1939,3f88746947dd562cf252ede617d9bc69067f02a53591f640b91cc90ced96e054,3.2522389595707706,0.1741442948992121,1.197151223483817,0.2819247254879256,1.343510249643979,0.24514029731578818,evoh,
evoh__config_3880,-852.9106908933,-852.812763125211,-852.767006835678,206.17759870050537,202.65658334265154,8134f683f88a68385946c89c15f211f398da9856a733ce6d44dde7f4056a0c81,7b92c47d85994e46e5a1d00e8464dfd0639813e6223d898cf25d3bb0f501f847,3.867870315657494,0.13584864278785258,1.780367499714281,0.22282201394633094,0.0,0.42149023832874816,evoh,
evoh__config_4460,-852.908595407,-852.81031524547,-852.764272416567,205.57077405059044,203.00094936834392,c2664bed4425f38297a926946e89b89b24b2362b801ebb20c715a3ad1f64a261,756a1656929e161268794a02a9b468894ce59dff9bd705da46d9ff8a98de24f5,9.369568840973162,0.014763843174091275,8.207274877195626,0.016672957246754244,7.179216390099747,0.023283229846379483,evoh,
evoh__config_5540,-852.9121640873,-852.813441231379,-852.766694069737,206.1481498572007,203.07987145141817,eeff1951d52b4e04fa457fe48ac40e6bdaef0c6b719a35de6d64bf93d5a9ba05,77afcfe567f7ed6614b73cdf47d707d60e505d4ad98135c02b6737526a3fcbef,0.0,0.646661292580757,0.0,0.4569461121646867,0.8211668652730909,0.30263929057284905,evoh,
evoh__config_7530,-852.9062110877,-852.807761467589,-852.759455776403,206.779069015274,204.73546311192138,0f9cff2b47560f1347a92334211169ebb72275b76099deba9c8cf4ab35f271e5,d5bf27e61d9cc26b1d9d62eca3f046ad1c8a906b3faa7517592a971f28ed5710,15.629598303693532,0.0011816523158392548,14.912217782973404,0.0011152120688502126,19.825303404172068,0.00014175703919693528,evoh,
evoh__config_8390,-852.9033603143,-852.80560680912,-852.756671139477,206.6452106366163,203.37449590635217,5c70e55f30a3a38d43ae7d19cd0302642a846dae336569fb29bea4ce919d0974,de4164ad9b50e9c72bcc5cc7b6fb0eaa353858b7b6d52f59b8b801752fc551f7,23.11430283744253,5.77066957716925e-05,20.56927281641216,0.00011383722422533433,27.136366649416342,7.425090795512767e-06,evoh,
evoh__config_8440,-852.9034575227,-852.805465438873,-852.757000452033,206.5872053391979,203.27426258482257,e0492f3750ec1a325c49d11451a0fe2fc755389a1f4438ef2a5bb925225d9c1d,a313cd145602e92289fb5008b6829ab9528a1a95d4c7143601f5fee166198e72,22.859082218270206,6.396448767399923e-05,20.940440349187252,9.800733025849553e-05,26.271756652349328,1.0523855752121956e-05,evoh,
evoh__config_8680,-852.9032379518,-852.805610648754,-852.755471135539,206.570249944568,203.38748202266353,eff66ca5c679facd2d64b08d9b19f9eaf05b3d4c5df19244c868375a86a8af33,485962aa25906b453228bdcbcc25c0cc1702bf97c5a235e49195f6932c900de9,23.43556553724855,5.0692465913528104e-05,20.559191858680244,0.00011430109866793365,30.28697655611012,2.0832375430905996e-06,evoh,
evoh__config_8790,-852.9017966464,-852.80400326571,-852.755829818359,206.39266449554876,203.82409504044224,06a978171ca7de4b71a643c0e8595080f559b9f0c2e4ed6e7b80cdc8925ca2c5,7c79fda3954e3527c241860227ed63439d321cbf4819a90fb3bc1f0c6efb93d0,27.219712345086997,1.1015128798574227e-05,24.7793754614042,2.0830813242337166e-05,29.345254941568566,3.0459395674712586e-06,evoh,
evoh__config_9820,-852.9037757138,-852.806122595161,-852.757437332817,206.67733664749414,203.75756701289473,fd6f68761f57f68bd33c89712dff2a5b354420817aea9b2cfde5707d174cde82,8b80545e6af180408270236bdef1457969f24c3cdfdfdcf1c4db18053e55bf40,22.023671600065434,8.95976324499689e-05,19.21507675177532,0.00019657540705779187,25.12472631166435,1.671575157920768e-05,evoh,
nylon6__config_10270,-1541.7062923299,-1541.527713589991,-1541.441584419586,376.4106531746532,371.91836220201037,c85107a512f179e68394dd9ee848b8bcc7a9fa4130b6e776531770c1711ad6b5,346e33fe81b84a02c92ff7c89dd8d49134a8211b694b16376506e2883e8fb321,24.17439846419632,1.6919789207915896e-05,26.650262708837257,7.321239440288011e-06,39.35730666180698,1.2493479412043752e-07,nylon6,
nylon6__config_16620,-1541.7133480547,-1541.535066474395,-1541.45657482601,374.6071346195384,369.68958131587334,b31312e99712dc020f209416abd2292a5c508007ed74bf19bcca5f6e948af048,f2de0c6451d4eb6932a72c0217ac5759fff8dd21001b2a45f27a7d528d9f6047,5.649595545497062,0.02977145139608369,7.3452673567371285,0.017647105041976942,0.0,0.981262533846756,nylon6,
nylon6__config_18510,-1541.7137778294,-1541.535711195971,-1541.449190928698,376.4838290883194,371.4919762894585,e620fd15a601ec9ea520802505e7592bbf92dfd57428eea4f59dbd74815d50be,57156abd2f22b814d938eec7618dbfcd1002d7c2d6ecb05376f7a18d2c8b3869,4.521222225527257,0.04693344793335612,5.6525510913604995,0.03493208676810111,19.38641973037871,0.00039394121775141345,nylon6,
nylon6__config_30460,-1541.7063991464,-1541.528532835865,-1541.450230900906,374.57768577623375,370.4805841431534,3fcf24c42baebf100091f6c38cd7a5c2d096513fa41a04022f7e5591555a9bd6,5caeafd5655e07e4fdfcd8bc136a700b485d7502a3332b965168111d9b0de0a5,23.893951782047356,1.8946416543024175e-05,24.499332961934446,1.7434568329579947e-05,16.655973073229188,0.0011851818212921142,nylon6,
nylon6__config_40830,-1541.7133257038,-1541.535948033217,-1541.444714859088,378.267715081231,372.9886539681968,473903de76a08df34bfea919878caa08bd672a17595fb0f428c6eb1d6fd7048b,0c294b82aa3162ae734af034f3d56fd568d4cdcd8bdb0b8ae6ff7fee8bd0ca96,5.708277825529382,0.029074972785853845,5.030734987652531,0.04489128100071416,31.13833887788831,3.440204535836561e-06,nylon6,
nylon6__config_490,-1541.7104410618,-1541.532424041633,-1541.44533813019,376.3339077042227,370.34464194087354,a172dfaa7f559dcd19a6331ebadfcf2ea69bcba0d26cc02146aa6cf614c561ff,ef7099751c7408a85b5ae7fd8547fff18e6d7be9c66cf5e2e8b15da5faaad898,13.2819043560302,0.0013698636902454043,14.282973620872616,0.0010745828840395787,29.501940824064036,6.656850440943576e-06,nylon6,
nylon6__config_5560,-1541.7045768426,-1541.527148622059,-1541.441678356681,376.34193920694224,371.85597430988366,1adfc53fe01da05d66dcbb673e7dcd6328bc9f2945db41ae8c6ab5d2087055c7,8f83e3bfd27cf4d0f5cbdf07da58bae8c7a42e67234cb791bb702d325ad08944,28.678409751515577,2.749959574351798e-06,28.133585810490676,4.0245529561655556e-06,39.1106748527077,1.3800392201073064e-07,nylon6,
nylon6__config_55770,-1541.7112875677,-1541.531517974607,-1541.44343932188,377.9509169184078,371.81385764487777,cf12b220660905b73d680415293738fba1fd30188437d182069d59065be7c973,ef2dbb8fa797865f50f1d9b073ae9c9119fffaa0bf75a0ba2d717580db48df70,11.059403420836587,0.00335770604366165,16.6618522712634,0.00041160288525226847,34.48726135738016,8.91001488270861e-07,nylon6,
nylon6__config_69310,-1541.711772433,-1541.532937067097,-1541.44128661416,377.62876442043824,371.6556238510783,ad26ed396800b29030584cda308ebdb62c465f08ed5b4e0465717c09ae6e15f2,aa5810330a10723fa6605d19e1898dcb07da25f0ee8fac9c87f08bee5f225543,9.786389750502448,0.005611319770364607,12.936025450128074,0.001850184460026083,40.13919470052027,9.113864082440897e-08,nylon6,
nylon6__config_79120,-1541.7151513947,-1541.537372659516,-1541.444939499937,378.34624533004353,373.6989434312697,02364a863e50cf840016116f298feacd2f2eeb1b9f9b99289e4d462e54df30fa,221a3fbef811facd7150f765ecc3fbde0381e576d3fb4219291b5372af51100d,0.9149270258369393,0.20103794903040118,1.2903791532009892,0.20297567295741384,30.54854440994329,4.364271744956847e-06,nylon6,
nylon6__config_83290,-1541.7080092309,-1541.528178033301,-1541.448858605664,375.9100228384733,369.9891225660162,447ef0a7f6fb2d7aed7a048022dad4e423a2b19e3202fe4f4b8fd664954b7230,5156ffe4c8b20ded6a73d436972829abd298645acdabb94d2adf373e4d34289a,19.66667550765034,0.0001042590691398546,25.430866965963602,1.1973290018551596e-05,20.258933736191395,0.0002770598422562647,nylon6,
nylon6__config_8330,-1541.7120120594,-1541.533276876699,-1541.442552299176,378.09012963221187,372.96976195909036,a669538c1a5c9af4b000a8975bc984c8c0b4f5407caea22a1826fda7e640102f,8d35e3fec3e66c8c8dfc8d662e613e3c0aca668c25dc614d629df7914e870cea,9.157250723984149,0.007232449454603144,12.043855462893147,0.0026516515189597637,36.81613914718309,3.482384273014565e-07,nylon6,
nylon6__config_8380,-1541.7080485925,-1541.529724073937,-1541.44416391046,376.4561650233968,371.3065173163074,43c313396bdc60a4a551647fc8b8e1e64ed5bd0b09e1969edd96a7573c8f1ca9,88519d4253859b5f86fe3f819863099b687e969bcc15b56ece7c7e0627833f16,19.563331640773228,0.00010869733722634882,21.371737833634654,6.15661731310604e-05,32.58485430197101,1.9194010406866576e-06,nylon6,
nylon6__config_87100,-1541.715499872,-1541.537404628123,-1541.444941656104,378.7281879038135,373.69669720593294,473d0aba3e6a6f16583fb7dd3a3ad8b853391d2dd5f0a1e4b825f1a9eef104dc,6238d12c6193319647f723fb460777427feba587f8c3b47b0fee3d4aad26b688,0.0,0.29078120039271865,1.2064455867381096,0.2099657775696594,30.542883394113908,4.374249506782199e-06,nylon6,
nylon6__config_87690,-1541.7099425281,-1541.531306322504,-1541.447808108482,376.1206266875615,371.30700517352017,48daf939fd5f411a3e8c9cd50f7be3795ede6e6e96db1825cc61a3321e521ed0,448b7dbd8bfa8176303b8c106e621c98ac738766e1874313ac84317856fbd2e1,14.590804405676977,0.0008079193070597674,17.21754479128538,0.00032894651743908734,23.01701370927287,9.107074235007823e-05,nylon6,
nylon6__config_89840,-1541.700808934,-1541.521610021346,-1541.450829773151,373.72545409877966,367.9676144155607,829a30e0ae846ee68d17329a5997a5ef9856b6b50fed81efaa3757884e4d7819,d18cc27eb0fe1d0428016d61aa0dc6893810411520153d2b1940d7f6c694726c,38.57105242277368,5.084055659982943e-08,42.675179985571255,1.1406189100706595e-08,15.08363420971958,0.002234842041168221,nylon6,
nylon6__config_92030,-1541.715354657,-1541.537864138979,-1541.452596815177,376.4757975855999,371.12189461909355,15d323d6f8b2efd7d1a47014f65fc4d79bfe957bd6d69f3df4a06a7ff2817b7b,41d0eb514496054b1b69be95e30eda25b0683206722ba23b96aafac5c0cfc404,0.3812619300814265,0.24932861510340987,0.0,0.3415927439834294,10.444266007763531,0.014522085075214665,nylon6,
nylon6__config_95370,-1541.7074151541,-1541.528905409281,-1541.443971527643,376.08760828749257,371.5116035172268,196f99ce79513bb31a73f43f9155a4a8c0e9e1426498d7c34d19e696af496ce1,01151886c0c2872a9f98beb3c6a8ecadfd7a6fa4578aee236bf815b66178f9d4,21.226423931534736,5.5572219393906006e-05,23.521141592766874,2.586919487770249e-05,33.089955318585034,1.5655821329259416e-06,nylon6,
nylon6__config_97370,-1541.7146932825,-1541.536946849154,-1541.44558832526,378.4131745193724,373.60423417829213,8d0e2a28d0e15835e5db6000802995a944a32721a28941bc68a83725e01acdc7,21c951758d85bdc5281073823f332764facf083950ced8bf60fba641fd95e8ac,2.1177004412385165,0.12375457391243662,2.4083441051271337,0.12929597462706427,28.845053758402592,8.676617145821256e-06,nylon6,
nylon6__config_99080,-1541.7123757859,-1541.534722126508,-1541.443204644501,375.14346052336026,372.64859436072976,49d923bf0327b6b019c4fb14ebba67b2171e1a72832c8b17507e10a6a188e39a,b3969fef55aeb83396870255749cfdc47ea93c7ef6e5d346ede8c004ad2d4cc9,8.20228692955653,0.010631335548163617,8.249352609895544,0.012254189360981686,35.103406731370995,6.949193905667554e-07,nylon6,
nylon66__config_14660,-1541.7090170632,-1541.53081420436,-1541.445639429868,376.14472119571985,371.04020959958234,00edec6592adcc76a63ba4826649e9a30da30dd9e0a22abcd448b8bcbfd42ecd,831c5b7b4902880b751b2d17bdd1021b9d210347299a3afad08dc0e6a244b130,16.65892123637078,0.00033135933395704755,18.656065760370005,0.00020020415171992194,20.128216904318904,0.0002008459847096135,nylon66,
nylon66__config_15560,-1541.7142763354,-1541.536494943657,-1541.444604564382,378.38283328687663,373.02493882138236,075e5b3d0dfd6cba0d8957360ac380d3cccf849a43ab0633fdbd7299c0d71d01,f10902f3552b0bd9529fd1d716e8c00f5aa563318a20870cb4c96fb58cfc2729,2.850703971437402,0.08697495478619105,3.7412867839155703,0.08211628756627658,22.845255864624047,6.712101607615058e-05,nylon66,
nylon66__config_16590,-1541.7123383982,-1541.534485055672,-1541.443234994063,378.49348954656705,372.16287762762414,eba460b7fe75731b07fab253fcf2a0a84b39f5e6e959dc9451b3bad2f1d3b239,e5bcce21c72d18f1069a3ffd9d6a7d763225800a6023cf139c4a609feaf54153,7.938757391253498,0.011168782105936208,9.018246964441985,0.009771154513185335,26.441062243287767,1.573622293861024e-05,nylon66,
nylon66__config_18870,-1541.714951093,-1541.537192686619,-1541.445259959436,378.3257203786494,371.7201805922413,46dfd462e960ab5d012c6e656a5ff59b267b28d80fc9bae84e4b7c10a01ba6dc,c2d6dde6090af08f36a06ddf71900d93c390fada4a4739e2714bf5458ae72fe8,1.0791281356150761,0.17773005288805346,1.9093628891357803,0.1719366607588788,21.12451638641494,0.00013437517292590976,nylon66,
nylon66__config_20460,-1541.7122782861,-1541.534008626866,-1541.450037412407,376.9585801379587,370.72757059666816,fd20bcd7a17e5672cadecb1ac84d42b8e8ffd02830be8c0fe47c2ac3071ee692,177b31520218a1994fc21219b9e140ba6d63a8a151ca76770c3182d168915b5d,8.096581688322827,0.010479877295147974,10.26911062282223,0.005899348452914196,8.581315333464044,0.0211735065337655,nylon66,
nylon66__config_23290,-1541.7062139662,-1541.526623474695,-1541.444980084213,376.07154528205365,370.3722472596372,044bba70c6c59a60acaa4968972236b96e6b9f38983d9ae95605236572ee5f4c,8b10e3d0223d3916d25da0e544bfd503076e10864be5c041d4ccea518d4a4fa8,24.01845139921673,1.7020225389266688e-05,29.65882498490566,2.3652282665881717e-06,21.859328683465215,9.990460138782545e-05,nylon66,
nylon66__config_34850,-1541.7112757893,-1541.533194141033,-1541.444018507345,377.55112656081684,372.3348857687769,ad9f57c8e9cf47afe87504bb4e9c574fc8cc00eb0a282301e69b1bdcb76adb7d,deefae018f281581cf3c17885fe2016c4d52046f4e139ebff91f54c64ab31ac8,10.728636674924743,0.0036244333188560113,12.40754288362416,0.0024898141205455014,24.38394840405038,3.608205399586019e-05,nylon66,
nylon66__config_3620,-1541.7084558677,-1541.52902348385,-1541.445302528265,376.52398660191665,370.7833320699014,8c72afe6aa100ff55c3370e6db73c8b6da4621d64b9a902fce295afba188fbb9,3a87cbc2e96da3748d8653579919b47c70557c0716277af93e094903c947cc6a,18.132339819404624,0.00018288051703862303,23.357601813564656,3.0046894975193656e-05,21.012751941141907,0.00014057216053983953,nylon66,
nylon66__config_37470,-1541.709535293,-1541.530708184075,-1541.441337884061,377.7983183667381,373.23705863392115,d76c0d5e76676f0e7ba4de1c05af01a0013ede2ecd66a9d387944645c0150297,8d3af81f9eafd03b76197b64fd1184fa27fb433c705328691248ce30fda27589,15.298309083207599,0.0005736779331839459,18.934421980683396,0.00017893989552366437,31.421923869307964,2.110042953194652e-06,nylon66,
nylon66__config_38400,-1541.7074580391,-1541.527234135304,-1541.440094227498,377.72781962064505,371.9771470601955,010e46f8a61cb0e3dbea335b0d843a9ea41185b9758c557093c859d581f75dd4,e04f089c63d436e9ec7e782dd1bb2e15556d93515b25c96318dd5abf21b11d0d,20.752138449021214,6.356214990196307e-05,28.055535776060598,4.516033735831784e-06,34.687143727152765,5.652616557820849e-07,nylon66,
nylon66__config_40740,-1541.7100317246,-1541.531352360953,-1541.44499765756,376.4731204180268,371.7416696145238,c8a6ecd175fdd96ccd3928cb021c9ad3f7a951526622601ad65ea750fcc6f3b0,2042df22878e740b0da74c939a0927aff79df49ad9c5ebdd0e9c080599cbe63e,13.994928096609078,0.0009705336875524813,17.24313581962671,0.0003540036137781022,21.81318986752792,0.00010178145668988415,nylon66,
nylon66__config_45900,-1541.714447988,-1541.536594293587,-1541.445082631231,378.1035154700776,372.6729529383616,fa0a7202b6794aa948e6d74c0bc47a9fdce506108252a561432f024841cb738d,00e17574830a2534b85765836f57c43959b6703726593e32c97caea4b918eafa,2.4000301317541304,0.1043155020094885,3.4804435785271277,0.09122777009105439,21.59009152511765,0.00011136630249306459,nylon66,
nylon66__config_46520,-1541.7146933205,-1541.536914664815,-1541.444637736403,378.4381614167218,372.70400857712923,715bdeb966f38bb4662bf86a6705a8393ab0262ff9d5b41f5ae21e0dcd1d6501,74c06a73587f2626fac705199bda70f3c1e31983767d4525eb3628072e529e5e,1.755909741860604,0.13526762426759367,2.6393090352497897,0.12808180989020354,22.758162735582236,6.952109089875426e-05,nylon66,
nylon66__config_52090,-1541.7108729726,-1541.532181874434,-1541.447975251714,376.33301531503173,371.81164536584737,c7e177cc71ef72007e6b25c0ca9014dd010ea0634ffc35d7c471f54226f219f7,b2d1ad07f3b8fb3071b33931ddcc2f362a65d85b9a67a47ca02b788a8c40c57e,11.78623177552172,0.002365688010022464,15.065248474332884,0.0008522304564715926,13.99551748937505,0.0023837769027688412,nylon66,
nylon66__config_61870,-1541.7097932995,-1541.531879237631,-1541.446862740314,376.3392620393691,370.91286786175874,a1ff3fe5b35a88d4f43a02cd87108b61af3c06eaa4d876cf7fa7672ce8b1ed2b,061f0884345a2c55d1675379a023d71e7c09e291e6fc8d06e02077dbb4eb466f,14.620913110573914,0.0007539504153692352,15.859821291164957,0.0006185202400649889,16.91641576939025,0.0007337470500504458,nylon66,
nylon66__config_62050,-1541.7083456831,-1541.528257430188,-1541.445072870479,376.51149315324204,372.34006900873146,73e5157308e29b7f657dff1a16c519cbfa4d5633a5ce7c1e3451305304404b00,aea345c8db2c56dd35c194baeec70c6f25a1bc00fe1652c570832ed804da7b12,18.42162944661827,0.00016273691953158043,25.368875427279804,1.3348722556133329e-05,21.615718375807937,0.00011022095529045336,nylon66,
nylon66__config_63140,-1541.7111763487,-1541.531864604437,-1541.445594303197,376.720312223948,371.1931464321677,3a7aeec40634f5a852e6c4c8fa80c27aaeff743d976c5cda136867e94fa09ae5,58ae7d614829f7aca7a0ad1e40ae3df14dccdb8ede876ca056383d0c12700d5c,10.98971793443883,0.00326212543434729,15.898240736845041,0.0006090081717611932,20.246696962790608,0.00019147247257973602,nylon66,
nylon66__config_64680,-1541.7097731798,-1541.530362725038,-1541.451507450898,374.99621630683674,369.2904574862678,72d2f6f281910f101d87d67922f43bd524cbc8700a2b38d50087d1953f4165e7,2c45c47b48a658ac72867d150dddb0e6370c21300dee55449fafd426f8ea3e8e,14.673737375437863,0.0007380544005396338,19.841424557538886,0.00012411012206591622,4.721729805639042,0.1004530013850375,nylon66,
nylon66__config_74780,-1541.7080576594,-1541.528399798374,-1541.453305862802,374.9391033986095,369.42757335256493,a65766f714e6e2b429f3cb4eb95099e40b922c9c55cff94c8ebf5c977e2a4739,fd2ede1da88e7b25472dc551c61798c77b6111d7aa91e6c4e035baa23ac5207a,19.177835567189476,0.00011995117606856448,24.99508780610192,1.5521170322282817e-05,0.0,0.6747986267822798,nylon66,
nylon66__config_77070,-1541.7153621112,-1541.537919924536,-1541.446804790512,378.352492054381,373.2179395244375,8540bcfca9a6e407980ec5c3ee650164bfb1b3a0edf8e56c532a2e8138fdb2e8,e36fd558dd0c6c082505cf822b31920da4145f4126145a31c130a04f148460d0,0.0,0.2746729804640616,0.0,0.37142778954267075,17.068562953347556,0.0006900671199788246,nylon66,
nylon66__config_84570,-1541.7096783187,-1541.53163365278,-1541.440629400916,378.07852857272815,373.12004834152094,6743cc9583bd22ecce37929c9766c1d921fb59401d2bb4be5da56968d21fda74,f277df1fe08593eb382c468c134d5206e6d9defca9ca78696dbb5cdcd7ead24f,14.922795159351518,0.0006675062524365206,16.50460422885522,0.0004768621278295864,33.2820461116542,9.963501221552533e-07,nylon66,
nylon66__config_85810,-1541.7132305498,-1541.535503354999,-1541.44408956111,378.41852885451874,373.12388306539737,a5c41dbc8aa1c5e57ba5816e04a7f851a21e3dd232d48573051011af0ee64877,8768771b8f0639f6b904c11f3d99fe452790cc306b4a6c445ce3b444fc36e5a9,5.596413686946333,0.028732054468824625,6.344702448145904,0.028729668547128596,24.19739676921687,3.890215720408373e-05,nylon66,
nylon66__config_86410,-1541.7147012381,-1541.536657445886,-1541.444838553201,378.22309562167845,373.6041037296434,551518f5580f0141d3d003118efccc544e387b2e88316865cfd9af3bd89054d9,c0c91642bb73d4a513b717ecca7fcb00e56bf36ddaa16a029bed98451e233cbb,1.7351220859486773,0.136406699937468,3.3146372404405247,0.0975382755402562,22.230918304721275,8.599749604075915e-05,nylon66,
nylon66__config_88080,-1541.7069250753,-1541.528095142768,-1541.449880412995,374.1752182510695,369.7659230394494,e7a5ff57dbca4037fb42af477890a5abf468c4b9c907b8349ce0bbbe6e9ef3af,e7c7037ec4645c10aaf862ba0604c77b11fa094673a44e421c48f7668cfc1caa,22.15143471369662,3.614535369530142e-05,25.794960989786677,1.1240684172359555e-05,8.993517232953995,0.01792991120653709,nylon66,
nylon66__config_88790,-1541.7091581683,-1541.531129959617,-1541.44715776586,375.9296554006765,370.99147886554624,db92d21928c9141c40df070f6421d8c707a50f56826b47bd901a69a6e3a9e61a,3cd2de2623a3e8e49484dd7461ead3498c50def909042ba23ee3cd43316e2e6f,16.28844984704514,0.00038477158112755705,17.82705044719833,0.00027971147189376265,16.14182630429521,0.0010028790784459996,nylon66,
nylon66__config_93100,-1541.7087350708,-1541.528642262881,-1541.44589835997,376.42314662332785,370.26476786004446,6f77c2e95513ab060bd3c5f3c98f28d9d0a03692c9fb9fdab454754229d35a6c,f741f3c1561d5029b10c271cbf693cc8c8dcfb1865912413598d7e92f9ad0266,17.399292180920078,0.0002458056328433757,24.358497330433252,2.006551408041182e-05,19.448396014700798,0.0002642181338365218,nylon66,
nylon66__config_93720,-1541.7128735611,-1541.534168271356,-1541.447858393701,376.54629633169293,371.0856599048839,5cc6ebf939cabd3f471673eba6da4bfa0321eb8b77b8a2c6a63af168d43e3c09,732569cd7493368ae775875627b671d20ee96dd653d937e16199ffcda3aeae01,6.533687390370201,0.019686269784373774,9.849964071441404,0.006986108847719767,14.302328160753458,0.0021062732070732584,nylon66,
nylon66__config_94000,-1541.7074791546,-1541.527255141018,-1541.452042594561,374.34477219736925,368.49930585657046,5d6a8bb1d5b0a3dd7a9e264e616eba3500d4f7d81171d7331d48ddc7be0e9669,6eb4acb2eb035713b4be4e548a891e039d738476ac40814c05bfab07a0937096,20.696699711446584,6.49996510001941e-05,28.00038528162863,4.6176299487993275e-06,3.3167103113605383,0.17705642180172476,nylon66,
pe__config_1010,-473.1870830854,-473.104251571982,-473.09462202676,158.30181098979116,155.854844417836,69ae7303fb209b045d1b0c10a59386c904cc32f68769128a9a8b9cb4a1b4eee8,fe11393a5fcf1bc938a7be857a6e5be97354c3ac33541b1a8e1b2a5843f43399,14.002777552938392,0.0011388173014150308,14.463549381595012,0.000985684163955704,14.095159042134517,0.0011215891674334582,pe,
pe__config_1130,-473.1846192282,-473.101866890991,-473.09221432945,158.43209981168465,156.31213711863847,8c0b5efc2557c81f5f774655b088856c581a6ca53587dc4cbbfc0dcc66cda61e,b2c23709f5394eb5288b73513efb56c1a76fa78048fe0526e2daaffb709d8512,20.471633743227475,8.378369003000744e-05,20.72452846370213,7.886089474368282e-05,20.416567461641616,8.757314873083163e-05,pe,
pe__config_1600,-473.189699761,-473.106910614039,-473.097207467718,158.65073516349224,156.67915597222873,2410352a150cd15472f56e1063967f9e0dcf2e89be2694f58d86356fb946beb2,92decc00fa697f3536c86e2652b97cd47274bd569b122de7133c2e6f35e10e22,7.1326967085150565,0.01819869085042167,7.482235419530462,0.016474455489824444,7.307084739007329,0.01734015489730854,pe,
pe__config_1720,-473.1857453151,-473.102889079936,-473.093257364168,158.49456705505824,155.7992945527467,4cbeb77729537b3a424b73350005c8338d09a01914777a2934e2d761c2a7fb55,7305be455b2173b32df867fb38892f1b5f6e1c2b01d9f58164e49357f5515e9b,17.5150929932514,0.0002761359898521974,18.040771757122098,0.00023282817457287214,17.678080185543863,0.0002643219193067119,pe,
pe__config_1940,-473.1884495986,-473.105546850481,-473.095855191527,158.58469836335445,155.96744187058403,c132067aec8e3bb5e456b7538a231ceaf9e250c70abf835240bf2834499cec85,1d8da7a517c0946b6a08591c422670f6c589846f8c007a0d8b3d646b0a28499a,10.414997638926746,0.004841789488619823,11.062796149405628,0.003886189454095564,10.857485391028773,0.00414047044816646,pe,
pe__config_1950,-473.1871303674,-473.104228565891,-473.094559735989,158.29645665464483,155.97038794411233,2185fc10d3c1d87ff696104179a10577778d12b0c925d02ab02fea0be03003ed,81fad87449ba2b2778c3e83fc523e7c6c01df8f1ab1d3add1d88242adb7000cb,13.878638678917655,0.0011972979704136977,14.52395186521736,0.0009619571387566382,14.258703439045082,0.0010499825160357507,pe,
pe__config_1960,-473.1871303674,-473.104228568212,-473.094559735154,158.29645665464483,155.97052960090167,d8cad4d73d4d2f3344e60f61484ce922767e5e0b029dc3c09f55b444d0054923,172fc22ea2112d4d5dc175bccc64655f48a25d4391243dd9b5670e497e18a886,13.878638678917655,0.0011972979704136977,14.523945771352674,0.0009619595034784838,14.25870563126634,0.0010499815875029254,pe,pe__config_1950
pe__config_1990,-473.183215616,-473.100380731869,-473.090720717695,158.2625458653849,155.9982869348622,59672d6ba36e4f743be8f94b705a5c8c7a344e2c26f2fadc30441415c9ceaa6c,2b50cd2a1389dae84216fcba29bd705ff409a0de0a9b547f9c41b71461614898,24.15681706835496,1.894712401460504e-05,24.626438702748274,1.6340923675985046e-05,24.338044585904118,1.8003539528458057e-05,pe,
pe__config_2070,-473.1871303674,-473.104228540968,-473.09455973377,158.29645665464483,155.97058508894764,92598b6af8c811b6ce2347d8b6431802b7434a7732da6350021ecd0892d1bed2,28be5c68153c5080ec4a2bcc2e368733b48f7395590c6cd80fab27ae0a8f2d65,13.878638678917655,0.0011972979704136977,14.524017300536997,0.0009619317469723762,14.258709265019704,0.0010499800483994707,pe,pe__config_1950
pe__config_2180,-473.1858302539,-473.102994233326,-473.093379625227,158.29556426545378,156.15038010627583,3952d177b66803ac799f2d0d8afbbf6e7ea66295c0f1846dcd0051fd96e37c56,a023d76a74ce99f0e97ec61184e19e1a876f2ca8daee0a430ca4af7d143b7bf6,17.29208620447197,0.00030212879088662884,17.7646915695991,0.0002602571618724109,17.357083819204295,0.00030086336565957316,pe,
pe__config_270,-473.1872816852,-473.104412762092,-473.094762038081,158.473149714473,156.1470430093106,c924beab1620323b89af48fe2986cc39a6cacd886cbd40b9476e298ced9bc8aa,c948f9be48705d41f26a5dbdd9ce5cc90e129e26be91c61596098a77bbd1a2b7,13.481353849635195,0.0014054116107312133,14.040344805848541,0.0011691763263978368,13.72755936937911,0.0013008717498373488,pe,
pe__config_2890,-473.187034975,-473.104180887173,-473.094552075279,158.46333343337147,156.18448551714067,4a5041ac98a0c29c07ddb3bc20a27aeda507e507081dc9ed88d79cc363c02f3a,1c3a31f6dc6979c8e8544d38b44836cebed24baba82d4623af0e7c76d7b60d37,14.129091390723293,0.0010822431098940991,14.64913232207525,0.0009145870646607495,14.278816630305812,0.001041497876350532,pe,
pe__config_3190,-473.1897003215,-473.106894190235,-473.09722514845,158.41960636300993,156.25418757555505,8af33596bb7ad26d6bd848b56f9e694799399448132f29d9eb956d11626c18d3,f9d93b1143d0b52429ed51f3c2c04e0fa0f0c7a95f098c95e026453ffa4b0dee,7.13122511585936,0.018209497415490397,7.525356111082237,0.016190365419732643,7.260663983626842,0.017667924598167784,pe,
pe__config_3410,-473.1924164617,-473.109760436427,-473.099990589311,159.02196906696963,157.3137232220447,ccd80a91b22b18da6a3510410b1e821208ce1241797820c0783169cec4b2b1d4,da615b8739fef93a20d28cdc0e443cb019fba0de2bc38da24976ddb52478bddf,0.0,0.3233214719693633,2.776729021567421e-05,0.3370056152928321,0.0,0.33052082918916265,pe,
pe__config_4140,-473.191060247,-473.108272120244,-473.098546259391,158.51330722807035,156.32801475315733,d4c592280a93a72fb5d6cad84e4dcf7cea5a22c512e9f34ae6ea16d2cb0c0c38,b9fc4ab26b518e95c6feea51e11facfcb73ac8222ee4b285f2e8a039eea45842,3.5607412059712416,0.0768811157166038,3.9076013691513434,0.06967225392577284,3.7920876842266797,0.07159023930244061,pe,pe__config_4170
pe__config_4170,-473.1910602506,-473.108272114767,-473.098546260138,158.51330722807035,156.32801160828862,e7f6f1d217c8f1d4331a987537aef8996a3a9872b54ddd9f2f90a6107d34fef3,ebb25ded07e9ce82bac983377a37bb4a2db8eab568765dad1d5c0f8552358cc0,3.560731754153102,0.07688140885105542,3.907615749101972,0.06967184977166535,3.79208572303262,0.07159029594013377,pe,
pe__config_4300,-473.191036539,-473.108357543931,-473.098625091521,158.70249373657322,156.55736590214536,738c10b4c25aa94f1d895eb1f830088f30ac4677db6e78687cc9e0535a169574,89b21db91f6131aa2fdc5ef9d1e152306f9b8fa9b16ec1fe0be8fe31b0ff09ee,3.6229865514626827,0.0749747048142781,3.6833215097751633,0.07626969185592143,3.585113955367705,0.07782408847022075,pe,
pe__config_5010,-473.1858137572,-473.10305877795,-473.093410854196,158.39372707646945,156.37743579681546,99fb09f175d8cd3946ae059e50a92f8ec0d3d0633be8458954ca40ad12402528,f3524598d976e84c0215d9abf080d9e60e5a30050e4490974045e324549173da,17.335398284446377,0.00029689587560033777,17.59522968249329,0.0002786705839206806,17.275092172297246,0.0003109808344603193,pe,
pe__config_6040,-473.1924164617,-473.109760447003,-473.099990588325,159.02196906696963,157.30482566828726,ca85c9ffd2984a2de167e6d031e1551fdc90f7cd93fb59d81e5b55ae673085fb,e8f6ccdbad5d898091ae08060169f4d4f7533dc2c06f8df73007c2ae234536cd,0.0,0.3233214719693633,0.0,0.3370093901808279,2.5887582493407048e-06,0.33052048402865114,pe,pe__config_3410
pe__config_6210,-473.1896825454,-473.106895710393,-473.097190109433,158.53561695784663,156.40993606153103,eb48f41c6b1a2ae92bce2818cc35fd491b6ec4bf10e35a1969abf63ee198fcc4,7ad6b16fbc72dcfcd3a961ad972b323812ba11ccf281a272863e3c639d430ff9,7.1778962600986,0.017869875577546965,7.52136493670471,0.01621645325321677,7.352658910146361,0.017024278814158526,pe,
pe__config_7260,-473.1897471308,-473.106946831294,-473.097247508145,158.49099749829404,156.34782795777792,fa7fe9fd8ea393d4d09df4886d359ff4483cd47ae562f461dc38d85f05e075c7,f10d7218191da68306609d307e9378f8aee5fee289941a9e5867d21fbf3263e8,7.008327315616228,0.019135011274632033,7.387147029581735,0.01711866268588589,7.2019586123664245,0.018091320737402803,pe,
pe__config_7520,-473.1884920985,-473.105628621546,-473.095925773775,158.57131252548868,156.4337136059884,93502eb095e3d56d09eecb7b8c5ab24e05a4718969db6632b157db59633d8757,0d67e4230e32c7e1b9c1d739c23c33a0789be69d4e0c0e28ccbb05205ec74c90,10.30341416689867,0.005064708817813679,10.848106247807344,0.004237756633653233,10.67217172438827,0.004461852806176949,pe,
pe__config_7530,-473.1884920985,-473.105628676867,-473.095925741737,158.57131252548868,156.43442950406728,1bbdf00526fe28dde08c6faff59fd3f17608c930b2a8121e9fc7465c48b33e09,558fb1b2f1de9bb9d926502ecc6849424c9cd732d77d88d49a75a806cf5a04f8,10.30341416689867,0.005064708817813679,10.847961002440925,0.0042380049366855,10.672255840077591,0.0044617014096611915,pe,pe__config_7520
pe__config_7570,-473.1858279106,-473.102934285049,-473.093263512581,158.44637803874147,156.1282456950123,98f9af58cb09f13fe9912b7f53f52de7f71bb0f12e23a46cddad10a66dfdfaf6,6acb4c102995e421a5dc63117e4ba0d82dee2ac4666aa6a424d621a5cae042a3,17.298238537843147,0.000301379890310911,17.922085749246133,0.00024424654110543134,17.66193752933555,0.0002660487667857682,pe,
pe__config_7700,-473.1870433974,-473.104230014767,-473.094585110216,158.60343853636653,156.05420255976122,fa64ad8cd44c1c411d911f86714a590827069da46b3a5415b88ede03aea8a67f,6b3abcf8f9551844f88a43d7b06e9ea4342aff127558a3a05b8b5d06d3d1f539,14.106978382670249,0.001091940215169183,14.52014784182369,0.0009634344199290246,14.192083415222,0.001078582552241086,pe,
pe__config_800,-473.1842335389,-473.101356765827,-473.091770123428,158.36695540073794,155.68659806246774,d16d7a1eed987cd53a6acc45c4be64f6113a5aa8ae46c191e21d4791541867da,2877792a9460c3b7b51f3cd9a87277a43de28095b454c3a93c93a15a86f4faad,21.484260861337596,5.5687136700867494e-05,22.063861897869838,4.5943135807112894e-05,21.582830212246378,5.470796636238346e-05,pe,
pe__config_840,-473.1856475594,-473.102804748551,-473.093149452595,158.28753276273434,156.48584380812278,81da9dacafde6a0abcceecc41bb561bcf1ee35f41e61b8b013c4ec1675618333,19a928b4f800503e17adc53caea1f0cea73128cb7bf082234d34e4166811ffb6,17.771750548313417,0.00024897661338587186,18.262183777991176,0.00021293439856872012,17.96140198146726,0.0002357747798499553,pe,
pe__config_8780,-473.1884229296,-473.10563026785,-473.095973494111,158.65876666621173,156.22984975364648,e01f0059cc8749052397e46f6ad39216a83aa13dcd7abd3d767bbb3829b111dd,83da7eb5d1056540b30678985179d4d23934ca96eaf7ccf813d4aee6af12d022,10.485017088868966,0.004706943945284569,10.843783877137485,0.004245152136345537,10.546881999426507,0.004693156636237514,pe,
pe__config_9140,-473.1896831972,-473.106877773325,-473.09718834159,158.6168243742323,156.4903963638854,4331c4ac8dd6731a0d449102c2bdff7b350d7f7dfee8f32e88865d99ac74f55b,a5850eb99be585c13740fda1235ac11424857374c80d655a09daac61b25b139a,7.176184959413253,0.01788221596416876,7.568458702369441,0.015911290454325874,7.357300381163243,0.016992433256701148,pe,
pe__config_9790,-473.1881905004,-473.105446829239,-473.095767389405,158.56685057953342,156.1858276560273,6b6dea3980b4c65f87bb306f789b16165192e3b166dab912a19eeee0fcd8a54c,842f166b8d0d795dff522bd0de791f205dbbc6d3e7e44d6d6b79185c62578e92,11.095259869590773,0.0036798415312173016,11.325401884268068,0.003495565421558286,11.088009830637809,0.003772798013751465,pe,
pe__config_9860,-473.1844800646,-473.101733775607,-473.092095433636,158.55881907681396,156.0932895003715,dfcd9b4f4b7cab7711d65df97c59ac8aeac3a7097433806dde9ddfda64d6e634,4b354828051c90c5bd26b78fb37ec553557a865dc494b4dbba83eb138d4c4685,20.83700772488445,7.230173709535423e-05,21.074022856447847,6.849090923902075e-05,20.72872837831634,7.72116331740639e-05,pe,
pp__config_1200,-787.8344209061,-787.697262627891,-787.680484964345,253.89632591359458,249.9904605403275,ea930be10115257dfad5ae26bef740a20bffd33eb8839bb0459af3bf1e309318,4b2868fa511f81f39a1af71d06bd08802b79e4fc039b0b54e6e34ab91b95b65c,12.11795315327474,0.0013287335498147826,11.886977582170696,0.0014445921530578183,11.353123358417575,0.0017211373788412186,pp,
pp__config_12740,-787.8390363907,-787.701790138542,-787.684770240805,254.251496811633,250.3208329621228,63705eb830e8705e77ce2ae30ea1759de4f663a948d1e60218620aed9bcaf1d7,3c65ee2ed976ec648b3ac9c2d727735dfe0511c88808261d63ec7272bf78db15,0.0,0.17636461034193499,0.0,0.17468419966949217,0.10213155762727509,0.16102897227418958,pp,
pp__config_15380,-787.8304661389,-787.693689109681,-787.677011640639,254.2568511467793,250.43839940012296,dcddd652c7d97c44220d6c680ef08adff61a6e68bc647504457ace0005636a2b,1f8b170f694870f270511b8c4097088c00e64558212223f1e8b9d3bd088bb870,22.50119301128761,2.0154544123929308e-05,21.26924835398737,3.2812742228503855e-05,20.47233349655151,4.34709409621597e-05,pp,
pp__config_1720,-787.8291251538,-787.692272848257,-787.675419848985,254.41748120116856,251.0471169882209,35a599957fc79dddad09c49d1d7ce2a9e0ae78f7c8b6836f0ddd980263fc6d43,99310ca063218a9b4b2eb3d54cedf6c154a2da4689d8fcdfe6d7b0b2b40b7ea6,26.02194890788705,4.870384317909146e-06,24.98764221232692,7.321635547714846e-06,24.651581910088968,8.054273932133e-06,pp,
pp__config_19750,-787.8339307721,-787.696904923883,-787.680044560097,254.3193183901529,250.5936147434366,59d48b90befed2d10cd542c204cc1f53ec76bcb876582684fdb32c4d8c23bb7f,c010d78257f17930d45c7cb0032815df377ff822fdbb9a983856d0200334ccd3,13.404799793766523,0.0007906642877893602,12.82612932598101,0.0009890380145614278,12.509404552831596,0.0010795526690428653,pp,
pp__config_20310,-787.8374950315,-787.700431384282,-787.683529532044,254.1417329411337,250.06853194394608,c1550480d1a38e7cf6770e7e2a083b4be57249230d494b9b507bdd639a2a031b,e900128e1ef8bfcd44cb7d71cea9ae5ef6b010d61a52b2e8f418512ffcbc639b,4.046838023957947,0.03446958820526945,3.5674088199862712,0.04142577471155266,3.3596119625638234,0.04327311360485312,pp,
pp__config_2080,-787.831973752,-787.695095267752,-787.678323732236,254.1417329411337,250.5082089605582,ea709567e60070b5aa577c4b8ea96c70410488d44f1489b2b0dc204dd9788c2b,fd3aa9f0695db3e098c09338c82a40eee0c083397e1b72336f87d57592f95197,18.542955360792096,9.950071774024389e-05,17.577380845657814,0.00014548885671305324,17.027437481624435,0.0001744691766501037,pp,
pp__config_2700,-787.8319737518,-787.695095592383,-787.678323721673,254.1417329411337,250.51470746036932,80b39908d472c084b9923e6e6f844a4c9f8eb1578c0408e63824901d3002c41e,8310ff243d9dd67380a2e45225ef9e10d534c65a96caf1ca99af0580f56c99ff,18.542955885826775,9.950069666633206e-05,17.576528526927312,0.0001455388875107016,17.027465214738147,0.0001744672248024549,pp,pp__config_2080
pp__config_29980,-787.8359892668,-787.699041957849,-787.682138944263,254.24971203325092,250.24349696412156,ce59bd9073b3f07bba71e92d771757875acf06803a68cca84ebc97ebef975b8e,a4c3d210f3b5347171082db2329f2fc00a013d5f1458e875b8e826cedd0740ee,8.000222701022002,0.006995730410530576,7.215347418857096,0.009509976563373584,7.010599680178272,0.00992185258165003,pp,
pp__config_3310,-787.8372336802,-787.700109839115,-787.683192285703,254.01590606519542,249.97256000354412,f2706a01a354e8406249d3f155af4f056d57a1e5855ba52edf3418ab093e7b54,b24c47f2519d98f9c94547ecee8ad51b7ef0385682dac94555f7b4a4398f97b2,4.7330157678034706,0.026135027136669892,4.411625539790426,0.02946933044182724,4.245052109324405,0.030275808005730313,pp,
pp__config_43170,-787.8389950379,-787.701737095928,-787.684780217208,254.563833028501,250.58960086734353,8b44d73c8f61ad991bfe7b17f57e1c9ed3ad3872337092a496e1ecf6ac788aaf,f04aba8ef6aa8cf581a94f23d2e218d2dfe77aaedd4896c145e4b6b7f57c6df5,0.10857176163214147,0.1688070162176357,0.13926336396837563,0.16514131506087237,0.07593851539074441,0.16273944989787037,pp,pp__config_54020
pp__config_44510,-787.8356666653,-787.698752114853,-787.681898148834,254.65931867194345,250.99888352958382,8af5c5bc184e2763fa87a4474e27996e920a9da78318b6c7ee6dc521557abbbf,ab451f8cd979e2b30181f23221572c32690032007fdc4999c52061232622dc67,8.847212822936685,0.004971034938835067,7.976330100166419,0.006996181196379012,7.642807992263942,0.007688376908683802,pp,
pp__config_53190,-787.8389981447,-787.701689517528,-787.684749757068,254.17921328715784,250.98958124002638,9964effa83870144f5c98affcf7b13b6d72709a2bee8c0e7ca8be9a55991b879,a5d064d44774b57bfdbe000e0caa846b60b2d9f9a46f12b0fcdf88e828a621e4,0.100414859292925,0.1693633833513837,0.2641804359414353,0.1570258722423951,0.15591160200627088,0.15757313115787736,pp,
pp__config_54020,-787.8390041623,-787.701737182391,-787.684780276909,254.1667198384831,250.5860832200554,e94705dbc0075293829a245659cb40248737e86f6bdbd27f793bc0864437bbcb,a19df90937da9391b4253f5908b94202e8c649e6d6fbcbc02f1f1b8e4ecb4189,0.0846156527729611,0.17044623879439835,0.13903635556944557,0.165156438429943,0.07578177030230607,0.1627497402803324,pp,
pp__config_58120,-787.8317148832,-787.69470717536,-787.67784387718,253.86241512433463,249.7221974543178,16ed9c7b11ee0fb50e344b9b23dc16ddafa229ad21c4c261a8cb29ebed7ccd3a,68cc3b6c715184c2ea6221fcdafb1ae76a7055da96cc4386df14cf0c4e77a8ae,19.22261530176101,7.564059622550363e-05,18.59631728086611,9.645389963005649e-05,18.28729675822882,0.00010495446414058409,pp,
pp__config_62750,-787.8339052106,-787.697220287187,-787.680264766092,254.49422667159894,250.45002849972434,8e3059da999aa0aa20c0f1de1710ec85a444edab92724eec2c5b155031a3c508,4b3224942a0a6fd591e3975cd4b613c46b22d94122b1ed019aa8f9b69ba226a4,13.471911502566131,0.0007695461337778849,11.998143085255103,0.0013812423888849704,11.931253792368041,0.0013631117659820716,pp,
pp__config_73540,-787.8341275838,-787.69707716907,-787.680286848349,254.05695596798378,250.67468085686528,cb6ea9403caf07ef6f6a1793fbbfd7c06aa23bf74b9a3e7757d3b9d3dbc57159,59b6ec8f19dddb09a978edf06f425d5ad19e9842798690a31257009dd77c0d51,12.888070746388676,0.0009739106965889252,12.373899649753518,0.0011869712391688607,11.873276834489765,0.0013953674570635738,pp,
pp__config_80350,-787.8372018012,-787.700182366453,-787.683324021526,254.05249402202855,250.01396180118059,e1f1071b9e1e9896808c7f8ce7aaabf2f022e4fbeb128b2605187b9dac7f70e7,83d26683a24a9819e7ca82f263bf4cd80829513d1958641d09e4c35a336bc6e1,4.816714070973133,0.025267347142114052,4.221205040228263,0.03182222167796779,3.899179753371666,0.03480887261611573,pp,
pp__config_84580,-787.8263968625,-787.689791366152,-787.673094844512,254.24971203325092,250.9249380826604,be91b4488579c5cc2daef2c4dff5c7b4c0b65a5f0416ce494ba24bd31580c676,b15bd69db372ded5dedefecb2c44945571467ae00573e12cdca52a262cf7e837,33.18507673228969,2.707930611442905e-07,31.502772584223685,5.286967593654706e-07,30.755880315871647,6.864352605773443e-07,pp,
pp__config_84650,-787.8300931539,-787.693332196869,-787.676548407993,254.2639902603077,250.58021974537428,e0fe8294f4613c88cd941daac07b0694b2582b1694fb4092a716b6c4e29834d5,82aa753af8ac334fa02a3d40955d97625d0c5983ae9981c53fca1edcba1aeb4b,23.480464994352374,1.3577254239393407e-05,22.206322813168434,2.2484031458148847e-05,21.688550641578175,2.661503340820094e-05,pp,
pp__config_87270,-787.8298618828,-787.693035611721,-787.67632099726,254.22026318994622,250.1330812490085,f8ac59edeedbd6883da3684766cba5356215d1a66f152504bdea903ee58d546b,dc34a9293823aebec15fad47948f146e54a090df170b643208e173799e3798fa,24.08766718403991,1.0627588475089249e-05,22.985007012373245,1.642308023849981e-05,22.285617439168153,2.0918254297130772e-05,pp,
pp__config_89510,-787.8359256541,-787.699004374459,-787.682240536814,255.48210150609282,250.22789467700147,2e1e81053593088f0c7f73c39150778feb8d670639faa297e022f6b6e9a333a0,5e165b62575152e39a9a730dc30e18068101d0dd3acf49d258dc44094d964f18,8.167237821761102,0.006539932739361226,7.314022595594355,0.009138865876868291,6.743868474141813,0.011048976645248107,pp,
pp__config_90460,-787.8355238622,-787.698403384405,-787.681542974457,254.460315882339,250.32047671589578,f51cc6dc175fbc25ad3115d323fc25620bae89b1bd24c139f548574c986021c2,ec45ce20f981c766f936a116411ee1afbe84ea075cf029c6d9dbb0806072a905,9.222142310366092,0.004273286504062815,8.891921765879717,0.0048356663616894655,8.575318190971206,0.0052779582071042054,pp,
pp__config_91490,-787.8390018985,-787.701737048056,-787.684809140661,254.31128688743343,250.13769352925635,ff801dc1a68cb3723db04837aaa7d985216a99c0b2239ac8ac52ecf4f7d6fa08,c3f16ba53cfe87b9c5e8f5a203e9bbce9403c575e82b4cadb89c2450e2652b36,0.09055925874229472,0.17003806238566332,0.13938905201691018,0.16513294228022676,0.0,0.16780183120812217,pp,
pp__config_96920,-787.8374290124,-787.700250193118,-787.683448140758,254.1417329411337,250.29674115897456,16f5298a33142463d093d23cb40b86f64dfd5d86bec088b2782775ec4367a33b,77a3719a96ea1b618812bd6e6a16096ae816d54572cd2e0602abd2baae1378ea,4.22017114725376,0.03214174458932035,4.043126155641896,0.03419231986165343,3.5733047546574657,0.03969911153783987,pp,
pvc__config_14260,-3310.538630102,-3309.751873543622,-3309.705339215987,260.84625293350257,256.11393074622225,690ac10037e5681fab364a1dc9ba3591d72e4440def41fa69192cd4f1334c8d4,468c4e6ae5e36e5bb81653ffde313426c2865bd9e556c9a232738dcffce2d07b,18.652224192967328,0.00037264726895692535,13.31027209488704,0.0007738796404125046,17.67645896039287,0.00015650232900893643,pvc,
pvc__config_17400,-3310.538630102,-3309.751873739419,-3309.705339171363,260.84625293350257,256.1130297291448,53423fd787dcfe2948c338cff18c4f041a740cb770a8546f69861781eb05cba6,5f8f9cc670507509a379aca5d1439fc205f2abea85e5697ed1f92fdc6c9ac3e6,18.652224192967328,0.00037264726895692535,13.309758030120822,0.0007740401375502989,17.67657612043357,0.00015649493259756994,pvc,pvc__config_14260
pvc__config_19400,-3310.5436364892,-3309.756942746357,-3309.712071823638,260.9676178634855,256.0042667056954,aed2df7fb845ba5064e7b74449a4134d6a0f1ed8ed90f1c2074e5d4676c27349,ae6f5db8bfd58013ee7bbac2aa5e7adba320d59a281230384ce96a8df0da7cde,5.507956404387382,0.07482970447168946,0.001082142139120115,0.16608966976936973,0.0,0.19557008883147886,pvc,
pvc__config_20190,-3310.5352759593,-3309.74710414266,-3309.700723242621,260.9988514851723,255.4152693506134,48c832107da293fdd57e90f75d3741df7169428958b12aceb13eabddcdf91135,9955954b140d57941800f8281ba2ca2501811d5112c2c57ab60d532aa26ca2f5,27.45852464169798,1.067826889849442e-05,25.832332600568,4.953399246088067e-06,29.795695368862564,1.1784806228006488e-06,pvc,
pvc__config_20310,-3310.5352759588,-3309.747103446173,-3309.700723210291,260.9988514851723,255.41414399099827,4f40e6fdbb3ba49183583d4c7bf2c36dd85e692f2c6f36894e650ae9c631aa24,9b06ca61f87cf277b06980478148b7fc34c55bf8f6a190173349d56a707c3bdc,27.458525955030886,1.0678263241228862e-05,25.834161227997782,4.949746668971163e-06,29.795780250762242,1.178440271168801e-06,pvc,pvc__config_20190
pvc__config_2510,-3310.5340975342,-3309.751149271829,-3309.707130529058,260.7552292360153,255.8131915008923,8b7216916c78c735069a06792524fac5d6bc28e0ddc1d20b7880d523f8c0e3eb,b322b7479de755a4bfad2e5c4db2caf1ad4683e008ffd4205a9b15ce3ab40d3c,30.55247931710956,3.0652326650656464e-06,15.21184742611808,0.00035936173923054466,12.973367138410037,0.0010434384694942749,pvc,
pvc__config_36710,-3310.5346875775,-3309.750666304966,-3309.705572416914,260.6445729763249,255.18484583850568,9d2b08bbf98108af68fe1bd0eefd70d06d56f8dcf895a0360d891c2baa9e43ff,df4b377c1c97a7c57f8a7d30667aa2471d0c35b3c8d01ada00996d5875b0eef5,29.00332084625828,5.726170391373879e-06,16.479876750330135,0.00021546796508000514,17.064190010257015,0.00020034831038187386,pvc,
pvc__config_41530,-3310.5347965292,-3309.750010371002,-3309.704038202039,260.67669898720277,255.212856467768,518dac2163a94b21c6cf322e769d9a6fad1c90e737147441266c26f6ffcbc4c0,a9c0fb083f6f38d9df6b5924185ff9caba139bab3db3c72e927e2c59d9e599bc,28.717268197225675,6.426559354092615e-06,18.202031136403516,0.00010756582563369787,21.09227061128849,3.94544954958779e-05,pvc,
pvc__config_41960,-3310.5332187229,-3309.745586499367,-3309.698957529179,260.30814225129853,254.71211912314783,777eacc992861ac0f613917956970c375df50ed6c435138b685efa3da4f22a45,ca282ce675c00f5472012e60926f4ebb1386d2fb327fce3414bce40ab30650f8,32.85979806849981,1.2084778327563191e-06,29.816904519270803,9.927423184563162e-07,34.43157537354349,1.8161487145382578e-07,pvc,
pvc__config_46990,-3310.538278022,-3309.751017655721,-3309.707587379849,260.2447826187339,255.05315620438557,ee6b39555ed1b454362b69cdd8dbc384adcdaaded20c322fc5af83daf52747fa,723d8695721275161af82790632b7068141ff38de6191ee3bbf8e5faa3ae5cbf,19.576610105062652,0.0002566566595287556,15.557405469866938,0.0003126026724001257,11.77390555101668,0.001692791317568288,pvc,
pvc__config_48010,-3310.5436410776,-3309.756943158523,-3309.712071801621,261.00152865274544,256.00207007363866,801a6894b82e2d1410d598e6fe41e2a52e5b12a90470fc2c05ac9837f55480e7,06cc03cf898503269b0ef83d576171ba960e9dce3cf32601e45a6897222a29e1,5.49590956101273,0.07519423506331313,0.0,0.16616218892300752,5.78057509051445e-05,0.19556552846843248,pvc,pvc__config_19400
pvc__config_52170,-3310.5397094669,-3309.753268189363,-3309.70795905034,261.07381217722065,256.896992289456,26876e18c9e151d696bdbbef59a33a0b0a178c1c95391ed4f709285c6775c4bb,db8e4e4dbf8eae5d2d8f30ae29c25fd6b9d94f40fa86d98167602b9999d8e7e0,15.81835203634602,0.0011688825219071108,9.648630204349748,0.0033897317121591767,10.798084811023903,0.002509341794483163,pvc,
pvc__config_58460,-3310.5360710797,-3309.750499725297,-3309.705271095536,260.889980003864,255.61560286089556,773cf3afda885e634c63f183de6c6530327f5b0c2f562127cb59439416aced7f,d1cd7a3723962da079037278078a1699bc5f2f318eefc1114783f6c172d948e0,25.37093631882802,2.4787373105449648e-05,16.91723161238867,0.0001806181764653763,17.85530918002091,0.0001456087930711638,pvc,
pvc__config_59670,-3310.5418121322,-3309.756883791658,-3309.711994729827,260.32777481350166,256.0058611461193,c286d313d6140446ffcd8005628cee892196c84004187fe448d8a1fd5e520316,30e81f49db9ccb2628d0187f8ffd621ed3a96c724a5b9dc75328508887c05a15,10.297805049657718,0.010837493571718971,0.1558676829599423,0.15603620101380686,0.20240977269037877,0.18023609735178486,pvc,
pvc__config_60510,-3310.5357848106,-3309.749502683565,-3309.70399621963,260.45895602458626,255.04245839955604,7cf468330a09452661eb3b749df1559e007ed4800bde45575c1753ecb8357b15,22bfd91a8dfcdbc5d9a53bb2c210de5f8e49f49d7ffcd88fd729df835a0c79ca,26.122535737378616,1.8304420439955823e-05,19.53496431979504,6.282818654067684e-05,21.202495411322648,3.773861389999922e-05,pvc,
pvc__config_65520,-3310.5389797413,-3309.752396532348,-3309.705643642691,261.0238383825217,255.58637041054712,3c1fbc7f21f902748da435bf948686a547f1f829a7efc822a59b19f0e8342255,5c8de85e24ed6d38dc9bc0fa9440fb8541641aefcfd058e7ab028dcddc8cd1db,17.734246336576714,0.0005396605917033468,11.937165383161418,0.0013465773630404335,16.877186758443045,0.00021604650072539944,pvc,
pvc__config_69080,-3310.5389845023,-3309.752061344733,-3309.705366535154,260.9711874202497,255.15132934516308,740cdb69fa15e06fc32ae54c1e4303458f9efc2d68390468723bd5751fd37e1c,8b947e6483054ddbe10318bd49a90637e9eb4d6964060c1512162e6e45098f5a,17.72174633245847,0.0005423886727959447,12.817200345074603,0.0009441822993696108,17.604732496752543,0.00016109673469733197,pvc,
pvc__config_72680,-3310.5399481055,-3309.753422193603,-3309.707632567944,261.0532872258264,255.99058665933907,3cf55903525e3eea4791412210893a0ff51f758431dc78ff319e7812fee1a1ff,b53bd7ab6cf65742aa623eb48de7c83e7ba6859fca0d21db8977afd455c8ede6,15.19180647816644,0.0015050013778622978,9.24429212800641,0.003990270087714198,11.655264223621646,0.0017757772349522966,pvc,
pvc__config_7590,-3310.5352367864,-3309.747223221058,-3309.700389142185,260.4045202839321,255.45381577474947,1d6c17b1174454b412498037ace20a5e4501869bdda3b434ae419ecd2f3bdc25,3ddccd79eb927941b5fe52240c2d611dd46491aba7f955cdeec2b7b4d9025c00,27.561373076420995,1.024430704528441e-05,25.51969231006957,5.619213624551225e-06,30.67287594258852,8.272695863118541e-07,pvc,
pvc__config_76710,-3310.5436365005,-3309.756943149973,-3309.7120718042,260.9676178634855,256.00204218540557,e1eaed5681b9e8559c34af3785fff9230228305db815d1520fc61df10ec717e7,4741946cd8695d5ad8579d7d6e1cccc83fca47e6eab400a1898de84ab0663e99,5.507926736197026,0.0748306000399365,2.2448441187180416e-05,0.16616068423164257,5.103372886420805e-05,0.19556606271564306,pvc,pvc__config_19400
pvc__config_79980,-3310.5404826038,-3309.752616908384,-3309.706317344389,260.5000059273746,255.26770109186862,900c89b9d4787af49a3680ceb6468cf4e93eb1135ad1ff9b120b1260f3a4b3c3,5c285428a76d5dd16ad07c8b8db330f60ea6ea1a6ac3410d50755d3ea9471f4a,13.788481385112869,0.0026508723613326954,11.358568180249057,0.0017005803390588339,15.108383193474038,0.00044098946459080076,pvc,
pvc__config_8380,-3310.5389127357,-3309.750575233045,-3309.704428023374,260.76861507388105,255.11093154881544,b3c2ac7f9da1b1e4be9ba512821c3ab8c7eb1f6105fe51a319e97589189f6f9e,31e4f7470b7aaa9f32f9e1a71124cf996a6bf5ffa598fcbe7828ae8e7f0515d8,17.910169515635083,0.00050269005992274,16.718986047029414,0.00019565573111688075,20.068794836993746,5.962133448537209e-05,pvc,
pvc__config_85200,-3310.545734359,-3309.756680875748,-3309.70953411568,261.080951290749,255.351275448237,5f932c2423f90f540068f57dccccd8c973ee621114feea14efd0aeaaff5ab426,df5d6317ba5ad75dba9b442e48989b196f2857b86117793322ed577ac9814e3f,0.0,0.6902815149785725,0.6886233314959519,0.12586083728958478,6.662751328307294,0.013305735983152142,pvc,
pvc__config_89110,-3310.5331064335,-3309.746781749579,-3309.700451699413,260.9810037013513,254.8734277782097,88bdc79f70cb1eacf861ab0deaed040ec59ba1b1a99c7e0c34265404f89d5e77,f74d113cdf365cbd15401de019c0122bfce37c6fc6ebe0830e3418149b2f0874,33.154613847774556,1.0729740004679267e-06,26.678775519043906,3.5205697266266467e-06,30.50863196323644,8.839370925124882e-07,pvc,
pvc__config_9400,-3310.5429273662,-3309.755672666276,-3309.709781801997,260.8596387713683,255.5249636942677,f1a9db65500c45816f9d38f7eeeff298587e4c86e7b84b878b14dd4cffd16b3a,754582787ba108b5d28c56f83a6b6b6918333e2d0fb1fe4f4e3be7d900a646d4,7.36975858517841,0.035310218079998894,3.3356769362796075,0.043266014232618236,6.01245099251672,0.01729683296813475,pvc,
pvc__config_95180,-3310.5264855688,-3309.74359732096,-3309.69986993495,260.3527617108511,255.3871186882639,954a0c7f2d2df3131f1860307a23d5d70195c64ced30942e557e9078cb6bf4b9,78d76db474a42e600811efc2d19ac16b1086fcaefedecdb9b53db4ae26e42168,50.53769173047476,9.665085751610628e-10,35.03949171038522,1.2074769384371153e-07,32.03605435063866,4.7734077468606e-07,pvc,
pvc__config_98180,-3310.5427956528,-3309.756919502958,-3309.712063334847,260.6267251925039,255.48356069734942,835cb257d5a8f2baf80ab85bb12f870486ec6318c348fe5f9ad4ef939618fbf6,30eee3bd3877dbb96b8314b6f1ac08a315c5a69c86a18a0b8a728f841e21d980,7.715572068595742,0.03071259399832116,0.062107676712710384,0.16205088624491948,0.022287317924407773,0.19381967627270266,pvc,pvc__config_19400
pvdf__conformer_002_frame2,-1941.9332661071,-1941.847858027859,-1941.774853798799,242.4898072735761,240.8378652830059,91ba125655422123b2f841f85ead64276418d1ff4fadd4eadf20eb090bbca7cb,4a770504b78294994841ebd3d36158e287581838e56c31c6834592d344fb5789,3.167063812950905,0.025031478271687925,4.334994714091408,0.018851860377315052,15.502574548731081,0.000809048577966538,pvdf,
pvdf__conformer_003_frame4,-1941.9328730731,-1941.84812747328,-1941.772595918278,242.869965068964,240.55833284223365,e38323d39f9ae23b7f094ceb6f52f6ecd3cfed29589791a0070d26231d39b993,c1bc7561cca7d4841a4ee1849d048b5780e94b25b074c5fa68486c0ca4cfa47f,4.198974438585417,0.01650834658897121,3.6275658582543184,0.02507785506242226,21.43063904268065,7.403253699612567e-05,pvdf,
pvdf__conformer_004_frame6,-1941.9333850893,-1941.84823058046,-1941.774827696341,242.6004635332665,240.31837597307512,054e7924593675abe65144f58e2a996c518b4cbfa7503a8f82cf722903762e04,069c573da348ae6384afccddd7faa5caf072eec7190c15a10310fe168749c40b,2.8546760901006683,0.02839320771028232,3.356857994496978,0.02797153847793148,15.571106543194732,0.0007869883671626741,pvdf,
pvdf__conformer_005_frame10,-1941.9334829989,-1941.848343334987,-1941.777904055654,242.54424301423026,240.44558311451422,5750bd5dff77875e7d7775cc7e9b1ce95d7486b585b7c4e411bde94b241b4b6c,d38428337f07d8218c90df9b8bfdc5a08db3d9e20f8c96f25d5e1baacf2c9709,2.5976144704101585,0.03149558699390597,3.060821024558617,0.03151953393624395,7.494126275669459,0.020464165287066925,pvdf,
pvdf__conformer_006_frame15,-1941.934472378,-1941.849509140146,-1941.779725014672,242.48266816004772,240.59516340042268,9cc20ffd54cd379862145e1f7d246b8f66aea2cc002838cc65d9a11c08158d1c,a5b146237545ec89f455bd806b6bbec8234074c6b3a1ff1784a6448db7023bc9,0.0,0.0898115254609695,0.0,0.10834588731437111,2.713199030389812,0.14079143985049794,pvdf,
pvdf__conformer_007_frame18,-1941.9344226274,-1941.848809970743,-1941.778887299882,242.33185438676003,241.29655677504113,ae0bb7e0a09e3a003e7e62e706a894bce833634b6a76a6f5b522afec8ba0a6f3,5cb5800a6957c3e275f86235fd0750050c82b97d79627696976ce2facc61cdf1,0.13062018250996885,0.085201728820374,1.8356690151926078,0.05166746250259994,4.912618909844323,0.05797684237141572,pvdf,pvdf__conformer_009_frame26
pvdf__conformer_008_frame22,-1941.9344226273,-1941.848809884917,-1941.778887296723,242.33185438676003,241.2963833284932,3a19638a0bdfcd36a8e48984a0ec8af3ec0db4907250bb2bfce4348f92524843,c92232238b77ea449e029303a4213a7e3a83fa9925856808a894da455d388e31,0.1306204451765501,0.08520171979252665,1.8358943514799602,0.05166276616260602,4.912627203541627,0.05797664840210879,pvdf,pvdf__conformer_009_frame26
pvdf__conformer_009_frame26,-1941.9344226271,-1941.848810997028,-1941.778887341167,242.33185438676003,241.29318986808272,c47e54f419f4f86b410f6bec195bfe971888a7a0e77db93a2daf5cd4106a2414,b33e9d16fcf739ec399de047718ecec82ea18e33efc29b684f16d8340955cf95,0.13062096991274316,0.08520170175735266,1.8329745043927972,0.05172365316000182,4.9125105157038025,0.057979377505070595,pvdf,
pvdf__conformer_011_frame28,-1941.9338014708,-1941.848365445813,-1941.776057352425,242.4666051546088,240.48207098204657,e7c086691d77d2941202487f8109d34c294335654d23c64a6b9adf7adbe009e7,4f180cef1a2444800e314a182faa673fb3d896de1dd62cd3132fd24670ed5393,1.761466611584448,0.04413025876317854,3.002769058954726,0.03226636568731001,12.342644938024586,0.002894478416289086,pvdf,
pvdf__conformer_012_frame30,-1941.9344159924,-1941.848381691057,-1941.778124005165,242.3746890679305,239.96836984164264,def41f0fdfd3bdac6e6a2dd20eaeecf2d0bbb5d639a9456978b1e14904721d25,6ebad332b69f161aaf62c97f313a2855d0cdc01260f6f3826344243cb8804375,0.14804037225903482,0.08460509586174023,2.960117176508123,0.03282633052448954,6.916648914117295,0.025832336634267324,pvdf,
pvdf__conformer_013_frame38,-1941.9339528196,-1941.848842249445,-1941.77648403368,242.58886247378283,240.94775680808343,8a82f0a80b994998a5a0ecd891945cbe51f5d08fa8312374527cde93fefcb59e,b5028006d07b7c649e521e76655868b302bf243170cd202f00257eab2e24fc12,1.3641003916292054,0.051802655591723444,1.7509212951550042,0.05346434999375164,11.222393456793274,0.004548098730468638,pvdf,
pvdf__conformer_014_frame42,-1941.9310401816,-1941.84651097071,-1941.773098866591,242.7869728741962,240.21054700375421,764d5dda7d55a1aa74658aeca97e07db121b3ac7d4a8c1911ad38b4264688ea0,8820a0b469ce22917e0a979fce6f3abe1e92be6d3b14515ade9aa5ee9ff02955,9.01123041055933,0.0023693695742151655,7.8716927734976725,0.004526385319771263,20.110148428374526,0.00012611379048408486,pvdf,pvdf__conformer_016_frame44
pvdf__conformer_015_frame43,-1941.9304498065,-1941.846058309553,-1941.772301518853,242.67453183612375,240.32615398996765,b78c73fb5469e046c9d21b0f3ce9790a2ea5d35bf45338c37f0a4d0c418672f4,c3d177792600581534de2f56631d95b8767b004461e5d4ebb793aee081e04a9e,10.561260022888021,0.0012678835520730616,9.060154477854814,0.002802476884611395,22.203584626885853,5.420114044943575e-05,pvdf,
pvdf__conformer_016_frame44,-1941.9310401749,-1941.846510409227,-1941.77309887247,242.7869728741962,240.21084702285853,fc819d64d4cd20555610c0e1f9247b4b4dcc58717cf58086f65f0133c7b83de1,2b72ac77c4a5360c33d420b9939fdef7096dfdae8ab9d4d6cd907002514c0a96,9.011248001459672,0.002369352761016842,7.8731669467032885,0.004523694392807121,20.11013299313106,0.00012611457573493738,pvdf,
pvdf__conformer_017_frame53,-1941.9343313651,-1941.849145622963,-1941.780020583972,242.5290723979824,240.18491828117993,d4990d940a6d40dac1386005ffeaa60da83b01afac2f76b70770f64b89168d0c,3debffe7f1cf7cdf104f390ad38e63fc56144da7cc1ac76665d934b52b1b4f66,0.3702293181922137,0.07735184957745053,0.9544142326608176,0.07372355876959977,1.9371819401891732,0.19254336727464216,pvdf,
pvdf__conformer_018_frame58,-1941.93426816,-1941.849358676803,-1941.780758417606,242.47642143571034,240.14219374484094,1a0b574642ec50eaadddca36e2f4983b0ddcfc8099bec3bfc3b53413c8e899ea,2f1dfe106114fc97dc5911aaf80fcf16e42a4d74eb7c172460a5a3abc6311453,0.5361742851337504,0.07234331444055647,0.3950414529625062,0.09238557419328074,0.0,0.4206376624979182,pvdf,
pvdf__conformer_019_frame67,-1941.9332380957,-1941.848678101334,-1941.774916472123,242.78875765257834,240.2816199432156,3be9d73a8fa3c80701c17749077dff85f9240c0c5c35c7855fe3b9314240d4a6,29e4d8d97b6d67e8162d91838e3b98c11b7b8004c0a29eeab75a00767be3ec70,3.2406077335276735,0.024299769880381444,2.1818921014737533,0.044932592030235835,15.338025759138699,0.0008645742559447059,pvdf,
pvdf__conformer_021_frame80,-1941.9328215696,-1941.84831169349,-1941.770837346702,242.85479445271613,240.57578773404398,e6b1e465df70cbd74a6c944ec00aecb9a36616fc1c9aa67be274d7939db96ec8,218ded3e28fa965e60554ed7919e8bfa6cea9590ecd6dc45e952f01f250769aa,4.334196858978052,0.01563196719973288,3.1438957638309923,0.030480755166289432,26.047768081854212,1.1495731747369386e-05,pvdf,pvdf__conformer_022_frame81
pvdf__conformer_022_frame81,-1941.932824231,-1941.848311700156,-1941.770837359172,242.77001747956623,240.57560358043207,5df1cd65a4b192959fd7d9f54cbf5c42e3e9bd4849224b16e617b3188c84c379,5a8b50eee971437a7f6f021c8bdb2b81156ceea3409026551f6f7d81adaedbcd,4.327209354228378,0.015676091616215762,3.143878261879106,0.030480970367516087,26.047735341658793,1.1495883575329614e-05,pvdf,
pvdf__conformer_023_frame82,-1941.9329140217,-1941.848492357534,-1941.770649167136,242.97883655027226,241.51775000501073,fa623775490ee3e7d2f59ad390140c82abac71a1ffd17942e067438493efaeb2,b4c78a56285ca40dd79c453f72977ecdc64725667c72fe3dab04bad96a2977c0,4.091463903668892,0.017240053493139843,2.669562381081525,0.03690840996017401,26.54183346412242,9.418464623517669e-06,pvdf,pvdf__conformer_024_frame84
pvdf__conformer_024_frame84,-1941.932928682,-1941.848468370834,-1941.770649796282,243.03951901526375,241.52941724363058,ebad5f485e86e5a1722985423d6b3cfe0eae1941cbaa119649c48c7dea4f1981,2bbe0370f82a0c453c7ace79e06cd05490a4a2ed03a280bba31258d7be8b784d,4.052973291463459,0.017509827699374928,2.73253945313585,0.03598257424849956,26.54018164174728,9.424742592392332e-06,pvdf,
pvdf__conformer_025_frame91,-1941.9338634066,-1941.849196447158,-1941.777363527403,242.45768126269826,240.15338769824965,f2ae80bf5eda00e412505669f8b3fc9f543a541d7bfc84220800e6cbb1fb6a95,ab57b54d5f2c02897aed54b13e6aad6f750712f91250755c3134652115bf6cc7,1.5988541910746994,0.047122132652875244,0.8209753273095995,0.07780074864119309,8.913283004118817,0.011544324685000449,pvdf,
pvdf__conformer_026_frame92,-1941.9340115582,-1941.84886198816,-1941.776275318086,242.64151343605488,240.56077614851063,14aa5111fb3e566aa7ef4ba9fca6146ca34c24365052b2126e63389323cf98e7,f7d99a19ae39c6454194fea42c41a1cc3a62baec9024edfd09a099c328cd76fb,1.2098822189815157,0.05512770066349003,1.699097305823456,0.054593817203692004,11.770376173591302,0.003646090678316028,pvdf,
pvdf__conformer_027_frame95,-1941.9332383914,-1941.848142525092,-1941.773859542157,242.74949252817206,241.21085355527583,700446acb84714d6ebfdd6fafa7864576a3fea63b5582a5672184daef473e544,6b68fa64c21f259178fd375936d33e85c4dc124fa9b7345525615fe263abe96d,3.2398313734952087,0.02430738127676535,3.58804733142547,0.025480839623287024,18.112995004156986,0.000282259599661008,pvdf,
