polymer,convention,solute,solvent,A_logP_concentration,B_logP_concentration,delta_B_minus_A,A_logP_x,B_logP_x,sign_changed
evoh,normalized,DBP,"1,2-propanediol",-0.06978675329357176,0.14787337725951877,0.21766013055309053,-0.5163652803257297,-0.2923664403429801,True
evoh,normalized,DBP,dodecane,0.07449692295752919,-0.050618710865518855,-0.12511563382304805,0.11935834335311805,0.0005814189597291397,True
evoh,normalized,DEHP,"1,2-propanediol",-0.20742590671292804,0.009202555178801086,0.21662846189172913,-0.654004433745086,-0.4310372624236978,True
evoh,normalized,DEHP,acetic acid,0.20305100488966077,-0.09321112553101585,-0.2962621304206766,-0.351108792532143,-0.6410322135231604,True
nylon6,normalized,DEP,ethylene glycol,-0.03185691363990084,0.049664373035160025,0.08152128667506087,-0.8614520691177957,-0.773969650608314,True
nylon6,normalized,DEP,heptane,0.0469224056161377,-0.048504907365516825,-0.09542731298165452,-0.3616288472722179,-0.45109502841945154,True
nylon6,normalized,BBP,dodecane,0.02850560231636015,-0.07278605845702471,-0.10129166077338486,-0.18983184937745656,-0.2851623783164205,True
pe,normalized,DBP,"1,2-propanediol",-0.1813517611068841,0.049999519551830185,0.2313512806587143,-0.5149362203887055,-0.27850424498945514,True
pe,normalized,DEHP,acetylacetone,0.4074306745581532,-0.18065485551719146,-0.5880855300753447,0.21930341298073006,-0.3637014223540786,True
pe,normalized,DEHP,dimethyl sulfoxide,0.5070321477220866,-0.01339574821482864,-0.5204278959369153,0.15931293800046328,-0.35603426319591586,True
pe,normalized,DEHP,dodecane,0.14028616105263192,-0.13901646622288716,-0.2793026272755191,0.29814164919855735,0.023919716663574238,True
pe,normalized,DEHP,ethanol,0.18883914119003106,-0.10217052957318584,-0.29100967076321693,-0.2439056880253551,-0.5298346640480359,True
pp,normalized,DBP,"1,2-propanediol",-0.09896123119237588,0.17801687923513648,0.27697811042751236,-0.6368438441844071,-0.35328559629298656,True
pp,normalized,DBP,dodecane,0.0453224450587252,-0.02047520888990098,-0.06579765394862619,-0.0011202205055592664,-0.060337736990277314,True
pp,normalized,BBP,dodecane,0.05801471310802424,-0.04356993395617321,-0.10158464706419745,0.011572047543739772,-0.08343246205654954,True
pp,normalized,DEHP,acetylacetone,0.462914160772466,-0.019988778978253907,-0.4829029397507199,0.07048874548483297,-0.4058340568019788,True
pvc,normalized,DEP,ethanol,-0.1352186997336121,0.011308440821913401,0.14652714055552551,-0.7836335094078257,-0.6283506685367942,True
pvc,normalized,DEP,isopropanol,-0.20284234095896236,0.014065964278234588,0.21690830523719695,-0.7333868999480192,-0.5077228943953163,True
pvc,normalized,DBP,1-propanol,-0.1540217008067365,0.003446584613368664,0.15746828542010516,-0.6951737556554708,-0.5289497699198598,True
pvc,normalized,DBP,isopropanol,-0.14295738602565167,0.039859929276122086,0.18281731530177375,-0.6735019450147085,-0.48192892939742876,True
pvc,normalized,DBP,tert-butanol,-0.05119078808866856,0.048941694265236924,0.10013248235390548,-0.4904889018368967,-0.38160071916748534,True
pvc,normalized,DEHP,acetylacetone,0.04803034144398399,-0.326334278618473,-0.37436462006245697,-0.35576690059226657,-0.7213758203392177,True
pvc,normalized,DEHP,dimethyl sulfoxide,0.1476318146079173,-0.15907517131611015,-0.30670698592402745,-0.41575737557253334,-0.7137086611810549,True
pvdf,normalized,DEP,"2,3-dihydropyran",-0.346775934212712,0.21369279251063977,0.5604687267233518,-0.7713414512837222,-0.20752614687523235,True
pvdf,normalized,DEP,2-butanone,-0.27211829065605325,0.20956125672289846,0.4816795473789517,-0.7009761212334664,-0.21594999616937668,True
pvdf,normalized,DEP,acetone,-0.12528158800185063,0.30401849806619163,0.42930008606804226,-0.6404607296348591,-0.2078140658816788,True
pvdf,normalized,DEP,benzene,-0.32133589587065103,0.2822200975881448,0.6035559934587958,-0.7546481494536248,-0.1477455783096909,True
pvdf,normalized,DEP,dimethyl sulfoxide,-0.4360762395727392,0.09198987510926726,0.5280661146820065,-0.9675054766347557,-0.4360927842676112,True
pvdf,normalized,DEP,ethyl acetate,-0.38329368978505757,0.1340776000240061,0.5173712898090637,-0.7745095385777754,-0.25379167108357376,True
pvdf,normalized,DEP,isopropylamine,-0.684939069505837,0.11941537669565161,0.8043544462014887,-1.1330049543120397,-0.325303930425413,True
pvdf,normalized,DEP,methylacetate,-0.25611890058054876,0.24141137420283226,0.497530274783381,-0.7379693094193243,-0.23709245695080522,True
pvdf,normalized,DEP,"n,n-dimethylformamide",-0.1643966380073394,0.2893243544587767,0.4537209924661161,-0.6606707443392476,-0.20360317418799337,True
pvdf,normalized,DEP,tetrahydrofuran,-0.14986682651251754,0.4019167747275332,0.5517836012400508,-0.6221420794278053,-0.0670119005026166,True
pvdf,normalized,DEP,tetrahydropyran,-0.3860439259546798,0.1957370756007759,0.5817810015554556,-0.7795965414249639,-0.1944689621843702,True
pvdf,normalized,DEP,toluene,-0.5523988407754885,0.04239124777384912,0.5947900885493376,-0.90827747229763,-0.3101408060631543,True
pvdf,normalized,DBP,dimethyl sulfoxide,-0.3443921094140324,0.03573411044301078,0.3801262198570432,-0.8758213464760489,-0.4923485489338677,True
pvdf,normalized,DBP,diphenyl ether,-0.2573199201020661,0.22585890822968457,0.4831788283317507,-0.5267616568742177,-0.0549366275793733,True
pvdf,normalized,DBP,ethyl acetate,-0.0818125202703307,0.3418376081637403,0.423650128434071,-0.4730283690630485,-0.04603166294383952,True
pvdf,normalized,DBP,isopropylamine,-0.30471140532607627,0.4232779573341171,0.7279893626601934,-0.7527772901322789,-0.021441349786947516,True
pvdf,normalized,DBP,methylacetate,-0.005332142392749983,0.39488303339196934,0.4002151757847193,-0.4871825512315255,-0.08362079776166813,True
pvdf,normalized,DBP,o-xylene,-0.22007177154155794,0.28480720606150506,0.504878977603063,-0.5208494278225553,-0.012623872534354253,True
pvdf,normalized,DBP,toluene,-0.0762964379307956,0.4425948661037573,0.5188913040345529,-0.43217506945293704,0.09006281226675389,True
pvdf,normalized,DBP,triethylamine,-0.46361940878304975,0.005483869981129985,0.46910327876417973,-0.7022238341561873,-0.22977397770686953,True
pvdf,normalized,BBP,acetylacetone,-0.22659823277769625,0.13191833744094691,0.35851657021864314,-0.5984355216955127,-0.2365723737917315,True
pvdf,normalized,BBP,dimethyl sulfoxide,-0.06960504585429306,0.3700185803727919,0.43962362622708495,-0.6010342829163096,-0.1580640790040866,True
pvdf,normalized,BBP,diphenyl ether,-0.32814233844294954,0.22852829663387383,0.5566706350768234,-0.5975840752151012,-0.052267239175184034,True
pvdf,normalized,BBP,isopropylamine,-0.3708062822704418,0.481299041268488,0.8521053235389298,-0.8188721670766445,0.036579734147423396,True
pvdf,normalized,BBP,o-xylene,-0.3271551175289565,0.27933212433095655,0.606487241859913,-0.6279327738099538,-0.01809895426490276,True
pvdf,normalized,BBP,toluene,-0.16260019895689065,0.44825319157658683,0.6108533905334774,-0.5184788304790321,0.09572113773958343,True
pvdf,normalized,DEHP,1-propanol,-0.3744982845362754,0.2099126466514133,0.5844109311876887,-0.8836903862665756,-0.29593287739374885,True
pvdf,normalized,DEHP,cyclohexanol,-0.2333063571927042,0.4060100910231274,0.6393164482158316,-0.5927240262428892,0.04993899965808048,True
pvdf,normalized,DEHP,dimethyl sulfoxide,-0.15864521498707462,0.12228462761026371,0.28092984259733833,-0.6900744520490911,-0.4057980317666148,True
pvdf,normalized,DEHP,ethanol,-0.47683822151913,0.03350984625190667,0.5103480677710367,-1.0932930780749095,-0.5795984326187348,True
pvdf,normalized,DEHP,heptane,-0.1309755723130632,0.3785807053804755,0.5095562776935387,-0.34704391270206997,0.16585894267660672,True
pvdf,normalized,DEHP,isopropanol,-0.3271901484190596,0.26364375393366557,0.5908339023527251,-0.8257747542896823,-0.23159427425181908,True
pvdf,normalized,DEHP,tert-butanol,-0.08970389734506418,0.36422009307018216,0.45392399041524634,-0.49704205797485823,-0.039771489874473875,True
evoh,existing,DEP,cyclohexane,0.05824892340170762,-0.12690448371319435,-0.18515340711490197,-0.3741076940551685,-0.5642213534069346,True
evoh,existing,DEP,cyclohexanol,0.09175560658347498,-0.0007080627098910997,-0.09246366929336608,-0.1969461028902415,-0.2830710627462577,True
evoh,existing,DBP,dodecane,0.021936479019527097,-0.22293500192190785,-0.24487148094143496,-0.06995629294847613,-0.33954359239895826,True
evoh,existing,DBP,hexane,0.29462847876228776,-0.008711202755654263,-0.303339681517942,0.09987679330173774,-0.19712417877885446,True
evoh,existing,BBP,heptane,0.17712280159249844,-0.046263588211964524,-0.22338638980446296,-0.132430337017083,-0.37229552625312057,True
evoh,existing,BBP,hexane,0.12186055664134147,-0.12603786637369888,-0.24789842301504034,-0.07289112881920855,-0.3144508423968991,True
evoh,existing,DEHP,acetic acid,0.12075660229575913,-0.31466621334043365,-0.4354228156361928,-0.5403006039150025,-0.9810085359472858,True
evoh,existing,DEHP,methanol,0.18156283288506536,-0.13644263799609968,-0.31800547088116504,-0.5228503326282014,-0.8345170940720165,True
nylon6,existing,DEP,cyclohexanol,-0.08764227055060192,0.004138117169440125,0.09178038772004204,-0.6395428521301583,-0.5418013325340644,True
nylon6,existing,DEHP,acetic acid,0.007777520091867385,-0.23896332077055593,-0.24674084086242332,-0.9164785582247341,-1.1688820930445458,True
nylon6,existing,DEHP,methanol,0.06858375068117362,-0.06073974542622196,-0.12932349610739557,-0.899028286937933,-1.0223906511692766,True
nylon66,existing,DEP,"1,2-propanediol",-0.19557444086976572,0.043899051280533063,0.23947349215029878,-0.9813879933678593,-0.7588637116548979,True
nylon66,existing,DEP,cyclohexanol,-0.06734455810977835,0.0939259943587405,0.16127055246851885,-0.6198160769432677,-0.4522622761750479,True
nylon66,existing,DBP,"1,2-propanediol",-0.27911954794091165,0.09900388975733354,0.3781234376982452,-1.0649331004390052,-0.7037588731780974,True
nylon66,existing,BBP,"1,2-propanediol",-0.2072324896008454,0.058309745256913015,0.2655422348577584,-0.993046042098939,-0.7444530176785179,True
nylon66,existing,DEHP,"1,2-propanediol",-0.30475168648200057,0.06809688341479025,0.3728485698967908,-1.0905652389800942,-0.7346658795206407,True
nylon66,existing,DEHP,acetic acid,0.13721566593258727,-0.014401220279930405,-0.15161688621251768,-0.7876113496379472,-0.9445688133842042,True
pe,existing,DEP,"1,2-propanediol",-0.05102453538107965,0.056301025889993195,0.10732556127107284,-0.4600742108058904,-0.3709004135825964,True
pe,existing,DEP,cyclohexane,0.043698664197140524,-0.019868452035102513,-0.06356711623224304,-0.27566388554622573,-0.3454492687634233,True
pe,existing,DBP,cyclohexanol,-0.06439239869161492,0.017003342020507184,0.0813957407121221,-0.2401000404518215,-0.1536236050504399,True
pe,existing,BBP,methanol,0.15363857257490193,-0.028925679777022317,-0.18256425235192425,-0.43778052522485483,-0.6152640828875195,True
pe,existing,DEHP,acetylacetone,0.018628454105740377,-0.5280587480469332,-0.5466872021526736,-0.2710651535331763,-0.8360410951649483,True
pe,existing,DEHP,dimethyl sulfoxide,0.09456767459095727,-0.38664365038910664,-0.4812113249800639,-0.3311085673266701,-0.8284141378274095,True
pe,existing,DEHP,heptane,0.20853056777017087,-0.04243786405014155,-0.2509684318203124,0.011971496874099352,-0.25673374912587804,True
pe,existing,DEHP,hexane,0.17774055623275878,-0.08685135324583775,-0.2645919094785965,0.09598293848571861,-0.16352827630361846,True
pe,existing,DEHP,tert-butanol,0.22216305415721618,-0.0795520447983264,-0.3017150989555426,-0.1380316635222086,-0.46236271995126177,True
pp,existing,DBP,1-propanol,-0.04558471318826551,0.01984415530229544,0.06542886849056095,-0.707166558899635,-0.6514565580613565,True
pp,existing,DBP,acetylacetone,0.19153532949986984,-0.005156226572667788,-0.19669155607253763,-0.3024564317997751,-0.5159372845864486,True
pp,existing,DBP,cyclohexane,0.046340127068532966,-0.027531356899194948,-0.07387148396772791,-0.4773205763355616,-0.5559108845232814,True
pp,existing,DBP,isopropanol,-0.026965637691472533,0.06828204768684343,0.09524768537831596,-0.685495683081672,-0.6044376233954979,True
pp,existing,BBP,acetic acid,0.20820541425586647,-0.1401927218999205,-0.34839813615578696,-0.5441558779021134,-0.8975977024371188,True
pp,existing,BBP,cyclohexane,0.09363267475995962,-0.007935524707848973,-0.1015681994678086,-0.4300280286441349,-0.5363150523319354,True
pp,existing,DEHP,heptane,0.000803372215666065,-0.16715373651920473,-0.1679571087348708,-0.4000538523411337,-0.584248332490707,True
pp,existing,DEHP,tert-butanol,0.014435858602711349,-0.2042679172673897,-0.21870377587010104,-0.5500570127374417,-0.7898773033160907,True
pvc,existing,DEP,"2,3-dihydropyran",0.3733711917345671,-0.13765279266833297,-0.5110239844029001,-0.20985226432865364,-0.724833799777749,True
pvc,existing,DEP,2-butanone,0.4664693642315756,-0.11751787903861588,-0.5839872432701915,-0.13948957530205644,-0.7332573667404442,True
pvc,existing,DEP,acetic acid,0.03779420459515981,-0.5959151865796971,-0.6337093911748569,-0.7259389143266574,-1.3625164310069418,True
pvc,existing,DEP,acetone,0.6214611701148554,-0.018306760718589166,-0.6397679308334445,-0.07897711396955487,-0.7251224519820143,True
pvc,existing,DEP,acetylacetone,0.16265761033799192,-0.44755505230821335,-0.6102126626462052,-0.3427059777254902,-0.9675323742120406,True
pvc,existing,DEP,benzene,0.4024605798629757,-0.07013410694037303,-0.4725946868033487,-0.19315935936172254,-0.6650556400813764,True
pvc,existing,DEP,dimethyl sulfoxide,0.235326669776873,-0.2996351786012187,-0.5349618483780917,-0.40601955256531985,-0.9534006408253337,True
pvc,existing,DEP,ethyl acetate,0.3539727339572546,-0.2019177775533072,-0.5558905115105618,-0.21302020152709464,-0.7710975960614508,True
pvc,existing,DEP,isopropylamine,0.07682095527317945,-0.18006877306128632,-0.2568897283344658,-0.5715049569447287,-0.8426068402164753,True
pvc,existing,DEP,methylacetate,0.47430254754528867,-0.09889022816668003,-0.5731927757119687,-0.17648137312246312,-0.7543988891299578,True
pvc,existing,DEP,"n,n-dimethylformamide",0.5290131927876432,-0.08520959158217367,-0.6142227843698169,-0.09918681819334907,-0.7209130399187655,True
pvc,existing,DEP,o-xylene,0.02150304490739241,-0.4531109458812549,-0.4746139907886473,-0.428705016591421,-0.9114023033076892,True
pvc,existing,DEP,tetrahydropyran,0.3435328102428584,-0.14349670494574474,-0.48702951518860316,-0.21810804286756888,-0.7117779702170453,True
pvc,existing,DEP,toluene,0.16887401375411282,-0.30764674651141344,-0.47652076026552626,-0.3467832182712588,-0.8274446383029169,True
pvc,existing,DBP,2-butanone,0.6023454756789616,-0.10570805408904194,-0.7080535297680035,-0.003613463854670384,-0.7214475417908702,True
pvc,existing,DBP,acetone,0.7090041450228824,-0.06486786543189382,-0.7738720104547763,0.008565860938472216,-0.771683556695319,True
pvc,existing,DBP,acetylacetone,0.05394575678335933,-0.6529029155497821,-0.7068486723331414,-0.4514178312801228,-1.1728802374536094,True
pvc,existing,DBP,dimethyl sulfoxide,0.13058134792024445,-0.5225233421732461,-0.6531046900934906,-0.5107648744219484,-1.1762888043973612,True
pvc,existing,DBP,diphenyl ether,0.1397097079055851,-0.43152980268965263,-0.5712395105952377,-0.16169198204300936,-0.7388761689904227,True
pvc,existing,DBP,ethyl acetate,0.4590320099931275,-0.1607913355797489,-0.6198233455728763,-0.10796092549122176,-0.7299711540878925,True
pvc,existing,DBP,isopropylamine,0.2606228925469916,-0.04284390773574975,-0.30346680028274137,-0.3877030196709165,-0.7053819748909387,True
pvc,existing,DBP,methylacetate,0.528668997232451,-0.11204932819575597,-0.640718325428207,-0.12211492343530081,-0.7675579891590337,True
pvc,existing,DBP,"n,n-dimethylformamide",0.5688411181909184,-0.15907083043930803,-0.7279119486302265,-0.059358892790073906,-0.7947742787758999,True
pvc,existing,DBP,o-xylene,0.2944280765548657,-0.23827372964363225,-0.5327018061984979,-0.15577998494394776,-0.6965650870700666,True
pvc,existing,DBP,toluene,0.4485479665101049,-0.07408500440753452,-0.5226329709176394,-0.06710926551526668,-0.593882896199038,True
pvc,existing,DBP,triethylamine,0.09319792977770536,-0.47120117196262656,-0.5643991017403319,-0.33714942214496857,-0.9137065686538779,True
pvc,existing,BBP,acetylacetone,0.35129432103880837,-0.3924904996511831,-0.7437848206899915,-0.15406926702467377,-0.9124678215550104,True
pvc,existing,BBP,dimethyl sulfoxide,0.48465713151812456,-0.18021269159189635,-0.664869823110021,-0.1566890908240683,-0.8339781538160114,True
pvc,existing,BBP,diphenyl ether,0.1481862539344645,-0.42082042545818815,-0.5690066793926527,-0.15321543601412996,-0.7281667917589583,True
pvc,existing,BBP,o-xylene,0.2666464594951819,-0.23570760382725742,-0.5023540633224393,-0.18356160200363153,-0.6939989612536918,True
pvc,existing,BBP,toluene,0.44154523799406287,-0.06038585948380437,-0.5019310974778672,-0.07411199403130878,-0.5801837512753079,True
pvc,existing,BBP,triethylamine,0.007585854141817339,-0.5294708520911063,-0.5370567062329237,-0.4227614977808566,-0.9719762487823577,True
pvc,existing,DEHP,2-butanone,0.8493427860745059,-0.057617628486949624,-0.9069604145614555,0.24338384654087386,-0.6733571161887779,True
pvc,existing,DEHP,acetone,0.8635365066300148,-0.11628037580294515,-0.97981688243296,0.1630982225456046,-0.8230960670663703,True
pvc,existing,DEHP,cyclohexane,0.637281395796132,-0.03198884786043754,-0.6692702436565695,0.10224886562820014,-0.5695646393745705,True
pvc,existing,DEHP,dimethyl sulfoxide,0.0645804778497635,-0.8394189279181835,-0.903999405767947,-0.5767657444924293,-1.4931843901422985,True
pvc,existing,DEHP,diphenyl ether,0.449729511128959,-0.2045992036819117,-0.6543287148108707,0.14832782118036456,-0.5119455699826818,True
pvc,existing,DEHP,ethyl acetate,0.6306320608171264,-0.07444834869945816,-0.7050804095165846,0.06363912533277714,-0.6436281672076017,True
pvc,existing,DEHP,heptane,0.17854337102897713,-0.49521314157921836,-0.6737565126081955,-0.2336856802916599,-0.921504001440767,True
pvc,existing,DEHP,hexane,0.147753359491565,-0.5396266307749148,-0.6873799902664798,-0.14967423868004062,-0.8282985286185076,True
pvc,existing,DEHP,methylacetate,0.6212572496223764,-0.12783040419154146,-0.7490876538139178,-0.02952667104537539,-0.7833390651548192,True
pvc,existing,DEHP,"n,n-dimethylformamide",0.6920020782395458,-0.216819114698392,-0.9088211929379378,0.06380206725855357,-0.8525225630349839,True
pvc,existing,DEHP,tert-butanol,0.1921758574160225,-0.5323273223274031,-0.7245031797434256,-0.3836888406879678,-1.1271329722661507,True
pvc,existing,DEHP,triethylamine,0.6974213732828336,-0.013011476444614756,-0.7104328497274484,0.2670740213601596,-0.4555168731358661,True
pvdf,existing,BBP,tetrahydrofuran,-0.4658700445609866,0.15175688119249736,0.6176269257534839,-1.0738542947525702,-0.4650130209981181,True
pvdf,existing,DEHP,"2,3-dihydropyran",-0.12055928555426698,0.5806150130648876,0.7011742986191546,-0.6718227884712091,0.019984836455116683,True
pvdf,existing,DEHP,2-butanone,-0.34262738043700636,0.03801523339214563,0.380642613829152,-0.9166263668243599,-0.5511734238100375,True
pvdf,existing,DEHP,benzene,-0.07306717152474618,0.7013935302152996,0.7744607017400458,-0.6367271576031659,0.13302282757394138,True
pvdf,existing,DEHP,cyclohexane,-0.5546887707153803,0.06364401401865771,0.618332784734038,-1.0577613477370336,-0.4473809469958301,True
pvdf,existing,DEHP,ethyl acetate,-0.561338105694386,0.021184513179636988,0.582522618874023,-1.0963710880324566,-0.5214444748288614,True
pvdf,existing,DEHP,isopropylamine,-0.6287008586306408,0.2650197777712143,0.8937206364018552,-1.2450668177022703,-0.37096745888432936,True
pvdf,existing,DEHP,o-xylene,-0.4099349440788973,0.26729950175669415,0.6772344458355914,-0.8281830524314322,-0.16444102517009493,True
pvdf,existing,DEHP,toluene,-0.277471984768321,0.45055644739730133,0.7280284321656223,-0.7611692636474141,-0.042690613894557014,True
pvdf,existing,DEHP,triethylamine,-0.4945487932286788,0.08262138543448039,0.5771701786631591,-0.8929361920050742,-0.33333318075712576,True
