solute,solvent,A_status,A_solvent_volume_cm3_mol,A_solvent_volume_source,A_PE_volume_cm3_mol,A_PE_volume_source,A_logP_x,A_logP_concentration,A_legacy_unnormalized_x1e5_logP_concentration,B_status,B_solvent_volume_cm3_mol,B_solvent_volume_source,B_PE_volume_cm3_mol,B_PE_volume_source,B_logP_x,B_logP_concentration,B_legacy_unnormalized_x1e5_logP_concentration,B_OPT_weight_sensitivity_logP_concentration,delta_B_minus_A,delta_B_minus_A_x,sign_changed
DEP,"1,2-propanediol",predicted,73.69347697242269,documented campaign table,158.85961546922138,Boltzmann-weighted route-specific COSMO cavity,0.030287932547815352,0.3638723918296367,-0.126489777768169,predicted,73.69347697242269,documented campaign table,157.01198792861894,Boltzmann-weighted route-specific COSMO cavity,0.10145606765958946,0.4299598322008748,-0.04239667419019377,0.42987980590662667,0.0660874403712381,0.07116813511177411,False
DEP,1-propanol,predicted,75.0812393102061,documented campaign table,158.85961546922138,Boltzmann-weighted route-specific COSMO cavity,0.3777691039817681,0.703251178371675,0.2128827813407249,predicted,75.0812393102061,documented campaign table,157.01198792861894,Boltzmann-weighted route-specific COSMO cavity,0.3438051185495661,0.664206498198937,0.19184584901076196,0.6641264719046889,-0.03904468017273799,-0.033963985432202026,False
DEP,"2,3-dihydropyran",predicted,91.23427331887201,documented campaign table,158.85961546922138,Boltzmann-weighted route-specific COSMO cavity,1.0696676554830953,1.310523145213712,0.8201351272131595,predicted,91.23427331887201,documented campaign table,157.01198792861894,Boltzmann-weighted route-specific COSMO cavity,0.9514567340589357,1.1872315290490165,0.7148520983250941,1.1871515027547683,-0.12329161616469553,-0.11821092142415957,False
DEP,2-butanone,predicted,90.33700826860434,documented campaign table,158.85961546922138,Boltzmann-weighted route-specific COSMO cavity,1.1400329855333513,1.385180788770371,0.8947901297461598,predicted,90.33700826860434,documented campaign table,157.01198792861894,Boltzmann-weighted route-specific COSMO cavity,0.9430328847647914,1.1830999932612754,0.710720844868802,1.1830199669670272,-0.20208079550909575,-0.1970001007685599,False
DEP,acetic acid,predicted,57.52382776952919,documented campaign table,158.85961546922138,Boltzmann-weighted route-specific COSMO cavity,0.5535582501871913,0.9947239798586586,0.5043587171560061,predicted,57.52382776952919,documented campaign table,157.01198792861894,Boltzmann-weighted route-specific COSMO cavity,0.3137437616005126,0.7498287965314439,0.27747970703675157,0.7497487702371957,-0.24489518332721472,-0.2398144885866787,False
DEP,acetone,predicted,74.05329593267884,documented campaign table,158.85961546922138,Boltzmann-weighted route-specific COSMO cavity,1.2005483771319585,1.5320174914245737,1.0416239021342566,predicted,74.05329593267884,documented campaign table,157.01198792861894,Boltzmann-weighted route-specific COSMO cavity,0.9511688150524893,1.2775572346045685,0.8051770706828272,1.2774772083103203,-0.25446025682000517,-0.2493795620794692,False
DEP,acetylacetone,predicted,103.01162671056692,documented campaign table,158.85961546922138,Boltzmann-weighted route-specific COSMO cavity,0.9368106764399748,1.124937938017398,0.6345531856631292,predicted,103.01162671056692,documented campaign table,157.01198792861894,Boltzmann-weighted route-specific COSMO cavity,0.7087519085477716,0.8917984753846587,0.41942529573760867,0.8917184490904106,-0.23313946263273932,-0.22805876789220325,False
DEP,benzene,predicted,89.41518526573641,documented campaign table,158.85961546922138,Boltzmann-weighted route-specific COSMO cavity,1.0863609573131927,1.335963183555773,0.8455747686920542,predicted,89.41518526573641,documented campaign table,157.01198792861894,Boltzmann-weighted route-specific COSMO cavity,1.0112373026244772,1.2557588341265216,0.7833769945334302,1.2556788078322734,-0.08020434942925148,-0.07512365468871551,False
DEP,chloroform,predicted,80.70716289761012,documented campaign table,158.85961546922138,Boltzmann-weighted route-specific COSMO cavity,3.986002182062416,4.280103608232408,3.7896154399494426,predicted,80.70716289761012,documented campaign table,157.01198792861894,Boltzmann-weighted route-specific COSMO cavity,2.1022098575933588,2.3912305890228147,1.9187997132377825,2.391150562728566,-1.8888730192095933,-1.883792324469057,False
DEP,cyclohexane,predicted,108.75048455872852,documented campaign table,158.85961546922138,Boltzmann-weighted route-specific COSMO cavity,0.21468486735781306,0.3792671736186829,-0.11108160552945592,predicted,108.75048455872852,documented campaign table,157.01198792861894,Boltzmann-weighted route-specific COSMO cavity,0.12689288883434194,0.28639450035467573,-0.1859476823919722,0.28631447406042765,-0.09287267326400717,-0.08779197852347112,False
DEP,cyclohexanol,predicted,106.0,documented campaign table,158.85961546922138,Boltzmann-weighted route-specific COSMO cavity,0.3918682401549514,0.5675758818647432,0.07720532108439307,predicted,106.0,documented campaign table,157.01198792861894,Boltzmann-weighted route-specific COSMO cavity,0.40806629803594113,0.5786932450051968,0.10632794371762654,0.5786132187109487,0.01111736314045364,0.016198057880989714,False
DEP,dichloromethane,predicted,64.0,documented campaign table,158.85961546922138,Boltzmann-weighted route-specific COSMO cavity,2.8301661705359495,3.2249997035266245,2.734545485819022,predicted,64.0,documented campaign table,157.01198792861894,Boltzmann-weighted route-specific COSMO cavity,1.6889517169474568,2.0787045551975956,1.6062927252431989,2.0786245289033474,-1.146295148329029,-1.1412144535884927,False
DEP,dimethyl sulfoxide,predicted,71.33362547472977,documented campaign table,158.85961546922138,Boltzmann-weighted route-specific COSMO cavity,0.8735036301320619,1.2212228398536853,0.7308315589674997,predicted,71.33362547472977,documented campaign table,157.01198792861894,Boltzmann-weighted route-specific COSMO cavity,0.7228900966665568,1.0655286116476441,0.5931489772685157,1.065448585353396,-0.15569422820604117,-0.1506135334655051,False
DEP,diphenyl ether,predicted,130.4012629315705,route-specific COSMO cavity,158.85961546922138,Boltzmann-weighted route-specific COSMO cavity,0.9752295887039623,1.0609612981357206,0.5705760791510783,predicted,126.06119532135739,route-specific COSMO cavity,157.01198792861894,Boltzmann-weighted route-specific COSMO cavity,0.8196323970343606,0.9149837884476272,0.44260830244285876,0.9149037621533791,-0.14597750968809342,-0.15559719166960162,False
DEP,dodecane,predicted,228.4909456740442,documented campaign table,158.85961546922138,Boltzmann-weighted route-specific COSMO cavity,0.09156851348069578,-0.06628697466522965,-0.55665307706969,predicted,228.4909456740442,documented campaign table,157.01198792861894,Boltzmann-weighted route-specific COSMO cavity,0.011176399421944967,-0.15175978346451643,-0.6241177282913286,-0.15183980975876454,-0.08547280879928679,-0.08039211405875081,False
DEP,ethanol,predicted,58.65008930742506,documented campaign table,158.85961546922138,Boltzmann-weighted route-specific COSMO cavity,0.3349116135831678,0.7676564427985539,0.2772917260640978,predicted,58.65008930742506,documented campaign table,157.01198792861894,Boltzmann-weighted route-specific COSMO cavity,0.26846905555648426,0.6961331900313343,0.22377875509632875,0.6960531637370863,-0.0715232527672196,-0.06644255802668353,False
DEP,ethyl acetate,predicted,98.51620766383772,documented campaign table,158.85961546922138,Boltzmann-weighted route-specific COSMO cavity,1.0664995681890421,1.2740053896413666,0.7836175217364262,predicted,98.51620766383772,documented campaign table,157.01198792861894,Boltzmann-weighted route-specific COSMO cavity,0.9051912098505943,1.1076163365623828,0.6352386337631,1.1075363102681346,-0.16638905307898377,-0.1613083583384478,False
DEP,ethylene glycol,predicted,55.92568231170541,documented campaign table,158.85961546922138,Boltzmann-weighted route-specific COSMO cavity,-0.3664620127247348,0.08694020291341809,-0.40340451238951935,predicted,55.92568231170541,documented campaign table,157.01198792861894,Boltzmann-weighted route-specific COSMO cavity,-0.2905842668667201,0.15773725403089667,-0.31460016899799237,0.15765722773664864,0.07079705111747858,0.07587774585801466,False
DEP,heptane,predicted,147.45353679532644,documented campaign table,158.85961546922138,Boltzmann-weighted route-specific COSMO cavity,0.133361209120843,0.1657195221694565,-0.32463716909500273,predicted,147.45353679532644,documented campaign table,157.01198792861894,Boltzmann-weighted route-specific COSMO cavity,0.03229035532214243,0.05956797363021989,-0.4127808931069692,0.059487947335971826,-0.10615154853923661,-0.10107085379870058,False
DEP,hexane,predicted,131.6,documented campaign table,158.85961546922138,Boltzmann-weighted route-specific COSMO cavity,0.16123395384128641,0.24299157153791168,-0.24736227088095086,predicted,131.6,documented campaign table,157.01198792861894,Boltzmann-weighted route-specific COSMO cavity,0.061374253270100765,0.13805117622619,-0.3342950138504164,0.13797114993194196,-0.10494039531172167,-0.09985970057118565,False
DEP,isopropanol,predicted,76.93765202918961,documented campaign table,158.85961546922138,Boltzmann-weighted route-specific COSMO cavity,0.3851582230429743,0.7000328015732038,0.2096644108350937,predicted,76.93765202918961,documented campaign table,157.01198792861894,Boltzmann-weighted route-specific COSMO cavity,0.3890968296979622,0.6988907134876556,0.22652855390684812,0.6988106871934076,-0.0011420880855481652,0.003938606654987908,False
DEP,isopropylamine,predicted,86.42863409070969,documented campaign table,158.85961546922138,Boltzmann-weighted route-specific COSMO cavity,0.708004152454778,0.9723600099205874,0.48198280233227686,predicted,86.42863409070969,documented campaign table,157.01198792861894,Boltzmann-weighted route-specific COSMO cavity,0.833678950508755,1.0929541132340284,0.6205794256215604,1.0928740869397802,0.120594103313441,0.12567479805397697,False
DEP,methanol,predicted,40.7,documented campaign table,158.85961546922138,Boltzmann-weighted route-specific COSMO cavity,0.09987010460517846,0.6912892023545203,0.20093902675159664,predicted,40.7,documented campaign table,157.01198792861894,Boltzmann-weighted route-specific COSMO cavity,0.04933305427855143,0.6356714572873573,0.16333862900516338,0.6355914309931093,-0.055617745067162994,-0.05053705032662703,False
DEP,methylacetate,predicted,79.9600626045658,documented campaign table,158.85961546922138,Boltzmann-weighted route-specific COSMO cavity,1.1030397973474932,1.4011801788458755,0.9107909101871154,predicted,79.9600626045658,documented campaign table,157.01198792861894,Boltzmann-weighted route-specific COSMO cavity,0.9218904239833629,1.214950110741209,0.7425719007406506,1.2148700844469609,-0.18623006810466647,-0.1811493733641304,False
DEP,"n,n-dimethylformamide",predicted,77.34806045201447,documented campaign table,158.85961546922138,Boltzmann-weighted route-specific COSMO cavity,1.18033836242757,1.4929024414190848,1.002509162609362,predicted,77.34806045201447,documented campaign table,157.01198792861894,Boltzmann-weighted route-specific COSMO cavity,0.9553797067461747,1.2628630909971534,0.7904814474449755,1.2627830647029055,-0.23003935042193135,-0.2249586556813954,False
DEP,o-xylene,predicted,121.3237646843717,documented campaign table,158.85961546922138,Boltzmann-weighted route-specific COSMO cavity,0.8508075760660309,0.9678752050066349,0.47749451416037925,predicted,121.3237646843717,documented campaign table,157.01198792861894,Boltzmann-weighted route-specific COSMO cavity,0.7648819270935929,0.8768688612936609,0.404495734005141,0.8767888349994128,-0.091006343712974,-0.08592564897243793,False
DEP,tert-butanol,predicted,94.92604213357237,documented campaign table,158.85961546922138,Boltzmann-weighted route-specific COSMO cavity,0.5112717640848156,0.7348998973742163,0.24452669104765254,predicted,94.92604213357237,documented campaign table,157.01198792861894,Boltzmann-weighted route-specific COSMO cavity,0.44905241257114875,0.6675998511200135,0.19523422968990298,0.6675198248257654,-0.06730004625420283,-0.06221935151366681,False
DEP,tetrahydrofuran,predicted,81.74256878009076,documented campaign table,158.85961546922138,Boltzmann-weighted route-specific COSMO cavity,1.2188670273390123,1.5074322529139068,1.0170375375587533,predicted,81.74256878009076,documented campaign table,157.01198792861894,Boltzmann-weighted route-specific COSMO cavity,1.0919709804315514,1.3754555112659097,0.9030696953343614,1.375375484971662,-0.1319767416479971,-0.12689604690746092,False
DEP,tetrahydropyran,predicted,97.98755446344266,documented campaign table,158.85961546922138,Boltzmann-weighted route-specific COSMO cavity,1.0614125653418538,1.2712551534717447,0.7808664470735183,predicted,97.98755446344266,documented campaign table,157.01198792861894,Boltzmann-weighted route-specific COSMO cavity,0.9645139187497979,1.1692758121391527,0.6968950262850718,1.1691957858449045,-0.10197934133259201,-0.09689864659205594,False
DEP,toluene,predicted,106.86731616794246,documented campaign table,158.85961546922138,Boltzmann-weighted route-specific COSMO cavity,0.9327316344691876,1.104900238650936,0.6145172877216857,predicted,106.86731616794246,documented campaign table,157.01198792861894,Boltzmann-weighted route-specific COSMO cavity,0.8488420748710137,1.0159299843122258,0.5435543742510575,1.0158499580179778,-0.08897025433871009,-0.0838895595981739,False
DEP,triethylamine,predicted,139.99712238974465,documented campaign table,158.85961546922138,Boltzmann-weighted route-specific COSMO cavity,0.5988359655755786,0.6537303636083228,0.16335429899450546,predicted,139.99712238974465,documented campaign table,157.01198792861894,Boltzmann-weighted route-specific COSMO cavity,0.521596629301661,0.5714103325938692,0.09904438639882437,0.571330306299621,-0.08232003101445362,-0.07723933627391766,False
DEP,water,predicted,18.07,documented campaign table,158.85961546922138,Boltzmann-weighted route-specific COSMO cavity,-2.9406991578430612,-1.9966438034294312,-2.4865748840812936,predicted,18.07,documented campaign table,157.01198792861894,Boltzmann-weighted route-specific COSMO cavity,-4.169658094836638,-3.2306834351635443,-3.7024011516103776,-3.2307634614577916,-1.2340396317341131,-1.228958936993577,False
DBP,"1,2-propanediol",predicted,73.69347697242269,documented campaign table,158.85961546922138,Boltzmann-weighted route-specific COSMO cavity,-0.5149362203887055,-0.1813517611068841,-0.6716953366859075,predicted,73.69347697242269,documented campaign table,157.01198792861894,Boltzmann-weighted route-specific COSMO cavity,-0.27850424498945514,0.049999519551830185,-0.42234309171892587,0.049870417070595086,0.2313512806587143,0.23643197539925032,True
DBP,1-propanol,predicted,75.0812393102061,documented campaign table,158.85961546922138,Boltzmann-weighted route-specific COSMO cavity,0.1683223135117027,0.4938043879016095,0.003438056821488178,predicted,75.0812393102061,documented campaign table,157.01198792861894,Boltzmann-weighted route-specific COSMO cavity,0.18106440705921567,0.5014657867085865,0.02910760377071442,0.5013366842273514,0.007661398806977027,0.012742093547512962,False
DBP,"2,3-dihydropyran",predicted,91.23427331887201,documented campaign table,158.85961546922138,Boltzmann-weighted route-specific COSMO cavity,1.0699766065002934,1.3108320962309103,0.8204352818815741,predicted,91.23427331887201,documented campaign table,157.01198792861894,Boltzmann-weighted route-specific COSMO cavity,0.9797798988556625,1.2155546938457433,0.7431657646713047,1.2154255913645085,-0.09527740238516702,-0.09019670764463084,False
DBP,2-butanone,predicted,90.33700826860434,documented campaign table,158.85961546922138,Boltzmann-weighted route-specific COSMO cavity,1.0208652404240866,1.2660130436611063,0.7756182801939135,predicted,90.33700826860434,documented campaign table,157.01198792861894,Boltzmann-weighted route-specific COSMO cavity,0.7680374484710981,1.008104556967582,0.5357253017554744,1.0079754544863468,-0.2579084866935244,-0.25282779195298843,False
DBP,acetic acid,predicted,57.52382776952919,documented campaign table,158.85961546922138,Boltzmann-weighted route-specific COSMO cavity,-0.0743397500234653,0.366825979648002,-0.12350579675206375,predicted,57.52382776952919,documented campaign table,157.01198792861894,Boltzmann-weighted route-specific COSMO cavity,-0.14983874175446896,0.2862462931764622,-0.18607039893885136,0.2861171906952272,-0.08057968647153979,-0.07549899173100366,False
DBP,acetone,predicted,74.05329593267884,documented campaign table,158.85961546922138,Boltzmann-weighted route-specific COSMO cavity,1.0330476773873398,1.364516791679955,0.8741189160426515,predicted,74.05329593267884,documented campaign table,157.01198792861894,Boltzmann-weighted route-specific COSMO cavity,0.7178009360924023,1.0441893556444815,0.571810597906621,1.0440602531632464,-0.32032743603547353,-0.31524674129493757,False
DBP,acetylacetone,predicted,103.01162671056692,documented campaign table,158.85961546922138,Boltzmann-weighted route-specific COSMO cavity,0.5730457539739179,0.761173015551341,0.2707933711088644,predicted,103.01162671056692,documented campaign table,157.01198792861894,Boltzmann-weighted route-specific COSMO cavity,0.3165908571095084,0.49963742394639554,0.027272064433138538,0.49950832146516055,-0.26153559160494544,-0.2564548968644095,False
DBP,benzene,predicted,89.41518526573641,documented campaign table,158.85961546922138,Boltzmann-weighted route-specific COSMO cavity,1.1057716304702436,1.355373856712824,0.8649753347899917,predicted,89.41518526573641,documented campaign table,157.01198792861894,Boltzmann-weighted route-specific COSMO cavity,1.0678718007579016,1.312393332259946,0.8399996875676846,1.312264229778711,-0.04298052445287803,-0.03789982971234207,False
DBP,chloroform,predicted,80.70716289761012,documented campaign table,158.85961546922138,Boltzmann-weighted route-specific COSMO cavity,4.078770211147264,4.372871637317256,3.8823614343254915,predicted,80.70716289761012,documented campaign table,157.01198792861894,Boltzmann-weighted route-specific COSMO cavity,2.433439891411732,2.7224606228411874,2.2499994535869394,2.7223315203599525,-1.6504110144760684,-1.6453303197355318,False
DBP,cyclohexane,predicted,108.75048455872852,documented campaign table,158.85961546922138,Boltzmann-weighted route-specific COSMO cavity,0.3981607980012529,0.5627431042621227,0.07238427125652458,predicted,108.75048455872852,documented campaign table,157.01198792861894,Boltzmann-weighted route-specific COSMO cavity,0.27660070470129683,0.43610231622163065,-0.03624649082024767,0.43597321374039555,-0.12664078804049206,-0.1215600932999561,False
DBP,cyclohexanol,predicted,106.0,documented campaign table,158.85961546922138,Boltzmann-weighted route-specific COSMO cavity,0.2502712899820698,0.4259789316918615,-0.06439242515027868,predicted,106.0,documented campaign table,157.01198792861894,Boltzmann-weighted route-specific COSMO cavity,0.3187438389760115,0.4893707859452672,0.017003316615143232,0.4892416834640321,0.06339185425340566,0.06847254899394167,False
DBP,dichloromethane,predicted,64.0,documented campaign table,158.85961546922138,Boltzmann-weighted route-specific COSMO cavity,2.8193847187243035,3.2142182517149784,2.723742881100908,predicted,64.0,documented campaign table,157.01198792861894,Boltzmann-weighted route-specific COSMO cavity,1.8007642309292975,2.1905170691794362,1.7180837833842169,2.190387966698201,-1.0237011825355422,-1.018620487795006,False
DBP,dimethyl sulfoxide,predicted,71.33362547472977,documented campaign table,158.85961546922138,Boltzmann-weighted route-specific COSMO cavity,0.513719804407762,0.8614390141293853,0.3710382761112389,predicted,71.33362547472977,documented campaign table,157.01198792861894,Boltzmann-weighted route-specific COSMO cavity,0.31319622692083754,0.6558347419019248,0.18345544563358693,0.6557056394206897,-0.20560427222746047,-0.20052357748692445,False
DBP,diphenyl ether,predicted,130.4012629315705,route-specific COSMO cavity,158.85961546922138,Boltzmann-weighted route-specific COSMO cavity,0.8627794940095933,0.9485112034413516,0.45812366820031303,predicted,126.06119532135739,route-specific COSMO cavity,157.01198792861894,Boltzmann-weighted route-specific COSMO cavity,0.750608148275332,0.8459595396885985,0.3735809574727046,0.8458304372073633,-0.10255166375275315,-0.11217134573426135,False
DBP,dodecane,predicted,228.4909456740442,documented campaign table,158.85961546922138,Boltzmann-weighted route-specific COSMO cavity,0.1207874032901424,-0.03706808485578303,-0.5274354828225201,predicted,228.4909456740442,documented campaign table,157.01198792861894,Boltzmann-weighted route-specific COSMO cavity,0.01444361431325406,-0.14849256857320733,-0.6208506550440136,-0.1486216710544424,-0.1114244837174243,-0.10634378897688834,False
DBP,ethanol,predicted,58.65008930742506,documented campaign table,158.85961546922138,Boltzmann-weighted route-specific COSMO cavity,0.07090469905529494,0.5036495282706811,0.013290776180573227,predicted,58.65008930742506,documented campaign table,157.01198792861894,Boltzmann-weighted route-specific COSMO cavity,0.0402369024605122,0.4679010369353623,-0.004444138617787363,0.46777193445412724,-0.03574849133531882,-0.030667796594782734,False
DBP,ethyl acetate,predicted,98.51620766383772,documented campaign table,158.85961546922138,Boltzmann-weighted route-specific COSMO cavity,0.9165127818207626,1.124018603273087,0.6336288367726669,predicted,98.51620766383772,documented campaign table,157.01198792861894,Boltzmann-weighted route-specific COSMO cavity,0.7595131129108657,0.9619382396226541,0.4895597076737568,0.9618091371414191,-0.16208036365043288,-0.15699966890989692,False
DBP,ethylene glycol,predicted,55.92568231170541,documented campaign table,158.85961546922138,Boltzmann-weighted route-specific COSMO cavity,-1.1433414192619817,-0.6899392036238289,-1.1802465103242965,predicted,55.92568231170541,documented campaign table,157.01198792861894,Boltzmann-weighted route-specific COSMO cavity,-0.933605340037992,-0.4852838191403752,-0.9575844399269293,-0.4854129216216102,0.20465538448345366,0.20973607922398974,False
DBP,heptane,predicted,147.45353679532644,documented campaign table,158.85961546922138,Boltzmann-weighted route-specific COSMO cavity,0.2365790949348526,0.2689374079834661,-0.22142405605944035,predicted,147.45353679532644,documented campaign table,157.01198792861894,Boltzmann-weighted route-specific COSMO cavity,0.10298386582635963,0.13026148413443708,-0.34208970098423075,0.13013238165320207,-0.13867592384902902,-0.13359522910849297,False
DBP,hexane,predicted,131.6,documented campaign table,158.85961546922138,Boltzmann-weighted route-specific COSMO cavity,0.29061329122762003,0.3723709089242453,-0.11798929072975554,predicted,131.6,documented campaign table,157.01198792861894,Boltzmann-weighted route-specific COSMO cavity,0.15685462492455676,0.233531547880646,-0.23881813558135911,0.23340244539941102,-0.13883936104359929,-0.13375866630306327,False
DBP,isopropanol,predicted,76.93765202918961,documented campaign table,158.85961546922138,Boltzmann-weighted route-specific COSMO cavity,0.189994124152465,0.5048687026826945,0.01450143677977378,predicted,76.93765202918961,documented campaign table,157.01198792861894,Boltzmann-weighted route-specific COSMO cavity,0.22808524758164667,0.53787913137134,0.06551904257689553,0.537750028890105,0.033010428688645566,0.03809112342918167,False
DBP,isopropylamine,predicted,86.42863409070969,documented campaign table,158.85961546922138,Boltzmann-weighted route-specific COSMO cavity,0.6367638607515321,0.9011197182173414,0.41073677860645685,predicted,86.42863409070969,documented campaign table,157.01198792861894,Boltzmann-weighted route-specific COSMO cavity,0.7841034260677577,1.0433785887930311,0.5709989228841954,1.0432494863117958,0.14225887057568976,0.1473395653162256,False
DBP,methanol,predicted,40.7,documented campaign table,158.85961546922138,Boltzmann-weighted route-specific COSMO cavity,-0.3019213158402664,0.2894977819090755,-0.20083192187052423,predicted,40.7,documented campaign table,157.01198792861894,Boltzmann-weighted route-specific COSMO cavity,-0.30906498753409595,0.27727341547470996,-0.19502803220089615,0.2771443129934749,-0.01222436643436553,-0.0071436716938295675,False
DBP,methylacetate,predicted,79.9600626045658,documented campaign table,158.85961546922138,Boltzmann-weighted route-specific COSMO cavity,0.9023585996522856,1.2004989811506679,0.7101093988746455,predicted,79.9600626045658,documented campaign table,157.01198792861894,Boltzmann-weighted route-specific COSMO cavity,0.7219239780930371,1.0149836648508832,0.5426074326486733,1.0148545623696483,-0.18551531629978468,-0.1804346215592485,False
DBP,"n,n-dimethylformamide",predicted,77.34806045201447,documented campaign table,158.85961546922138,Boltzmann-weighted route-specific COSMO cavity,0.965123199543025,1.2776872785345397,0.787289127013005,predicted,77.34806045201447,documented campaign table,157.01198792861894,Boltzmann-weighted route-specific COSMO cavity,0.6947138896665087,1.0021972739174876,0.5298148405249397,1.0020681714362525,-0.2754900046170521,-0.27040930987651624,False
DBP,o-xylene,predicted,121.3237646843717,documented campaign table,158.85961546922138,Boltzmann-weighted route-specific COSMO cavity,0.8686917230612559,0.9857593520018599,0.49537158480822036,predicted,121.3237646843717,documented campaign table,157.01198792861894,Boltzmann-weighted route-specific COSMO cavity,0.7929209033203509,0.9049078375204189,0.43252758217986215,0.9047787350391839,-0.08085151448144101,-0.07577081974090494,False
DBP,tert-butanol,predicted,94.92604213357237,documented campaign table,158.85961546922138,Boltzmann-weighted route-specific COSMO cavity,0.3730071673302768,0.5966353006196775,0.10626023925906149,predicted,94.92604213357237,documented campaign table,157.01198792861894,Boltzmann-weighted route-specific COSMO cavity,0.3284134578115901,0.5469608963604549,0.07459440302213663,0.5468317938792198,-0.04967440425922265,-0.044593709518686686,False
DBP,tetrahydrofuran,predicted,81.74256878009076,documented campaign table,158.85961546922138,Boltzmann-weighted route-specific COSMO cavity,1.2552415457540806,1.5438067713289751,1.053400233283424,predicted,81.74256878009076,documented campaign table,157.01198792861894,Boltzmann-weighted route-specific COSMO cavity,1.1309875725718546,1.4144721034062129,0.9420748880710452,1.414343000924978,-0.12933466792276227,-0.12425397318222609,False
DBP,tetrahydropyran,predicted,97.98755446344266,documented campaign table,158.85961546922138,Boltzmann-weighted route-specific COSMO cavity,1.111584338320194,1.3214269264500849,0.8310278239438802,predicted,97.98755446344266,documented campaign table,157.01198792861894,Boltzmann-weighted route-specific COSMO cavity,1.005198187746619,1.2099600811359736,0.7375696897643369,1.2098309786547388,-0.11146684531411122,-0.10638615057357503,False
DBP,toluene,predicted,106.86731616794246,documented campaign table,158.85961546922138,Boltzmann-weighted route-specific COSMO cavity,0.9573660814308741,1.1295346856126223,0.6391432794780456,predicted,106.86731616794246,documented campaign table,157.01198792861894,Boltzmann-weighted route-specific COSMO cavity,0.8956075881214591,1.0626954975626712,0.590310748292035,1.0625663950814361,-0.06683918804995104,-0.061758493309414964,False
DBP,triethylamine,predicted,139.99712238974465,documented campaign table,158.85961546922138,Boltzmann-weighted route-specific COSMO cavity,0.6873173167276238,0.742211714760368,0.25182891669933977,predicted,139.99712238974465,documented campaign table,157.01198792861894,Boltzmann-weighted route-specific COSMO cavity,0.5757707981478357,0.625584501440044,0.15321286968819112,0.6254553989588088,-0.116627213320324,-0.11154651857978803,False
DBP,water,predicted,18.07,documented campaign table,158.85961546922138,Boltzmann-weighted route-specific COSMO cavity,-5.273742994852998,-4.329687640439367,-4.8190674772770645,predicted,18.07,documented campaign table,157.01198792861894,Boltzmann-weighted route-specific COSMO cavity,-6.352296932979717,-5.4133222733066235,-5.884398742148966,-5.413451375787858,-1.0836346328672564,-1.0785539381267197,False
BBP,"1,2-propanediol",predicted,73.69347697242269,documented campaign table,158.85961546922138,Boltzmann-weighted route-specific COSMO cavity,-0.17199557705048718,0.16158888223133416,-0.3287638060647775,predicted,73.69347697242269,documented campaign table,157.01198792861894,Boltzmann-weighted route-specific COSMO cavity,-0.10256524889368457,0.22593851564760076,-0.24640780957167657,0.22575335414203176,0.0643496334162666,0.06943032815680261,False
BBP,1-propanol,predicted,75.0812393102061,documented campaign table,158.85961546922138,Boltzmann-weighted route-specific COSMO cavity,0.42387595903160036,0.7493580334215072,0.25898867720085356,predicted,75.0812393102061,documented campaign table,157.01198792861894,Boltzmann-weighted route-specific COSMO cavity,0.327013572107012,0.6474149517563829,0.17505672882142304,0.647229790250814,-0.10194308166512434,-0.09686238692458837,False
BBP,"2,3-dihydropyran",predicted,91.23427331887201,documented campaign table,158.85961546922138,Boltzmann-weighted route-specific COSMO cavity,1.4628843751393636,1.7037398648699806,1.2133302250092823,predicted,91.23427331887201,documented campaign table,157.01198792861894,Boltzmann-weighted route-specific COSMO cavity,1.2923655221922101,1.528140317182291,1.0557408173303173,1.527955155676722,-0.1755995476876897,-0.17051885294715352,False
BBP,2-butanone,predicted,90.33700826860434,documented campaign table,158.85961546922138,Boltzmann-weighted route-specific COSMO cavity,1.5494640147301622,1.794611817967182,1.3041978727050214,predicted,90.33700826860434,documented campaign table,157.01198792861894,Boltzmann-weighted route-specific COSMO cavity,1.2094842694925605,1.4495513779890443,0.9771561776303749,1.4493662164834755,-0.3450604399781376,-0.33997974523760166,False
BBP,acetic acid,predicted,57.52382776952919,documented campaign table,158.85961546922138,Boltzmann-weighted route-specific COSMO cavity,0.3424573983620476,0.7836231280335149,0.29327657045656674,predicted,57.52382776952919,documented campaign table,157.01198792861894,Boltzmann-weighted route-specific COSMO cavity,-0.03714176388575132,0.3989432710451799,-0.07337651206885054,0.3987581095396109,-0.38467985698833496,-0.3795991622477989,False
BBP,acetone,predicted,74.05329593267884,documented campaign table,158.85961546922138,Boltzmann-weighted route-specific COSMO cavity,1.6440974703810944,1.9755665846737096,1.4851448270491592,predicted,74.05329593267884,documented campaign table,157.01198792861894,Boltzmann-weighted route-specific COSMO cavity,1.2231418041313284,1.5495302236834076,1.0771317740374196,1.5493450621778388,-0.42603636099030195,-0.420955666249766,False
BBP,acetylacetone,predicted,103.01162671056692,documented campaign table,158.85961546922138,Boltzmann-weighted route-specific COSMO cavity,1.1714184818669973,1.3595457434444205,0.8691461773725133,predicted,103.01162671056692,documented campaign table,157.01198792861894,Boltzmann-weighted route-specific COSMO cavity,0.8022312993236477,0.9852778661605348,0.5128959256849822,0.9850927046549658,-0.37426787728388566,-0.3691871825433496,False
BBP,benzene,predicted,89.41518526573641,documented campaign table,158.85961546922138,Boltzmann-weighted route-specific COSMO cavity,1.4464113880368434,1.6960136142794238,1.2056050913585339,predicted,89.41518526573641,documented campaign table,157.01198792861894,Boltzmann-weighted route-specific COSMO cavity,1.3421172356740385,1.5866387671760829,1.1142363902582038,1.586453605670514,-0.10937484710334089,-0.10429415236280493,False
BBP,chloroform,predicted,80.70716289761012,documented campaign table,158.85961546922138,Boltzmann-weighted route-specific COSMO cavity,4.2876689144349545,4.581770340604947,4.091241039327268,predicted,80.70716289761012,documented campaign table,157.01198792861894,Boltzmann-weighted route-specific COSMO cavity,2.339121703775169,2.6281424352046248,2.155683568303881,2.6279572736990553,-1.9536279054003218,-1.9485472106597856,False
BBP,cyclohexane,predicted,108.75048455872852,documented campaign table,158.85961546922138,Boltzmann-weighted route-specific COSMO cavity,0.45658739057387326,0.6211696968347431,0.13082099630394775,predicted,108.75048455872852,documented campaign table,157.01198792861894,Boltzmann-weighted route-specific COSMO cavity,0.3241627570900141,0.4836643686103479,0.011322714625735336,0.4834792071047789,-0.1375053282243952,-0.1324246334838592,False
BBP,cyclohexanol,predicted,106.0,documented campaign table,158.85961546922138,Boltzmann-weighted route-specific COSMO cavity,0.45826078781656265,0.6339684295263543,0.14359436089412814,predicted,106.0,documented campaign table,157.01198792861894,Boltzmann-weighted route-specific COSMO cavity,0.4640787771381966,0.6347057241074523,0.162335536007632,0.6345205626018834,0.000737294581097947,0.005817989321633965,False
BBP,dichloromethane,predicted,64.0,documented campaign table,158.85961546922138,Boltzmann-weighted route-specific COSMO cavity,3.1930120970475953,3.58784563003827,3.0973502378556823,predicted,64.0,documented campaign table,157.01198792861894,Boltzmann-weighted route-specific COSMO cavity,1.9756885407566696,2.3654413790068083,1.8930021571101012,2.3652562175012393,-1.2224042510314619,-1.2173235562909257,False
BBP,dimethyl sulfoxide,predicted,71.33362547472977,documented campaign table,158.85961546922138,Boltzmann-weighted route-specific COSMO cavity,1.1688197206462003,1.5165389303678236,1.026118301717319,predicted,71.33362547472977,documented campaign table,157.01198792861894,Boltzmann-weighted route-specific COSMO cavity,0.8807395941112925,1.2233781090923799,0.7509775415681814,1.2231929475868109,-0.29316082127544374,-0.2880801265349078,False
BBP,diphenyl ether,predicted,130.4012629315705,route-specific COSMO cavity,158.85961546922138,Boltzmann-weighted route-specific COSMO cavity,1.1722699283474087,1.258001637779167,0.7676044562373924,predicted,126.06119532135739,route-specific COSMO cavity,157.01198792861894,Boltzmann-weighted route-specific COSMO cavity,0.9865364339401951,1.0818878253534616,0.6095017800574138,1.0817026638478926,-0.17611381242570534,-0.18573349440721365,False
BBP,dodecane,predicted,228.4909456740442,documented campaign table,158.85961546922138,Boltzmann-weighted route-specific COSMO cavity,0.14462785887111365,-0.013227629274811775,-0.5035952193452639,predicted,228.4909456740442,documented campaign table,157.01198792861894,Boltzmann-weighted route-specific COSMO cavity,0.01932562834789084,-0.14361055453857055,-0.6159686512487383,-0.14379571604413954,-0.13038292526375878,-0.1253022305232228,False
BBP,ethanol,predicted,58.65008930742506,documented campaign table,158.85961546922138,Boltzmann-weighted route-specific COSMO cavity,0.37561581812112776,0.8083606473365139,0.3179972478290332,predicted,58.65008930742506,documented campaign table,157.01198792861894,Boltzmann-weighted route-specific COSMO cavity,0.20775797988751088,0.635422114362361,0.16307771855958086,0.635236952856792,-0.17293853297415296,-0.16785783823361689,False
BBP,ethyl acetate,predicted,98.51620766383772,documented campaign table,158.85961546922138,Boltzmann-weighted route-specific COSMO cavity,1.4230397002816282,1.6305455217339526,1.1401383991070042,predicted,98.51620766383772,documented campaign table,157.01198792861894,Boltzmann-weighted route-specific COSMO cavity,1.1546417128930366,1.357066839604825,0.8846748574610558,1.3568816780992563,-0.2734786821291275,-0.26839798738859155,False
BBP,ethylene glycol,predicted,55.92568231170541,documented campaign table,158.85961546922138,Boltzmann-weighted route-specific COSMO cavity,-0.7554704640478286,-0.3020682484096757,-0.7923869643328202,predicted,55.92568231170541,documented campaign table,157.01198792861894,Boltzmann-weighted route-specific COSMO cavity,-0.6993238043061655,-0.2510022834085487,-0.7233096865296134,-0.2511874449141176,0.051065965001127034,0.05614665974166311,False
BBP,heptane,predicted,147.45353679532644,documented campaign table,158.85961546922138,Boltzmann-weighted route-specific COSMO cavity,0.27893890532720106,0.31129721837581453,-0.17905908130567483,predicted,147.45353679532644,documented campaign table,157.01198792861894,Boltzmann-weighted route-specific COSMO cavity,0.11373596805055987,0.14101358635863734,-0.3313329828477638,0.1408284248530684,-0.1702836320171772,-0.1652029372766412,False
BBP,hexane,predicted,131.6,documented campaign table,158.85961546922138,Boltzmann-weighted route-specific COSMO cavity,0.3384750395054658,0.4202326572020911,-0.0701205684597886,predicted,131.6,documented campaign table,157.01198792861894,Boltzmann-weighted route-specific COSMO cavity,0.17157756604215155,0.2482544889982408,-0.22408899434353047,0.24806932749267185,-0.17197816820385028,-0.16689747346331427,False
BBP,isopropanol,predicted,76.93765202918961,documented campaign table,158.85961546922138,Boltzmann-weighted route-specific COSMO cavity,0.4490145979695366,0.763889176499766,0.2735186317045892,predicted,76.93765202918961,documented campaign table,157.01198792861894,Boltzmann-weighted route-specific COSMO cavity,0.3988153515532282,0.7086092353429216,0.23624771972313455,0.7084240738373526,-0.055279941156844314,-0.05019924641630835,False
BBP,isopropylamine,predicted,86.42863409070969,documented campaign table,158.85961546922138,Boltzmann-weighted route-specific COSMO cavity,0.9509818364858655,1.215337693951675,0.7249484373528529,predicted,86.42863409070969,documented campaign table,157.01198792861894,Boltzmann-weighted route-specific COSMO cavity,1.0753834072628026,1.334658569988076,0.8622714390425648,1.3344734084825067,0.11932087603640107,0.12440157077693703,False
BBP,methanol,predicted,40.7,documented campaign table,158.85961546922138,Boltzmann-weighted route-specific COSMO cavity,0.052555958943468144,0.64397505669281,0.15363854607683014,predicted,40.7,documented campaign table,157.01198792861894,Boltzmann-weighted route-specific COSMO cavity,-0.1429675264234652,0.4433708765853407,-0.02892570536583705,0.4431857150797718,-0.20060418010746928,-0.19552348536693334,False
BBP,methylacetate,predicted,79.9600626045658,documented campaign table,158.85961546922138,Boltzmann-weighted route-specific COSMO cavity,1.4694169672340969,1.7675573487324792,1.2771467606751823,predicted,79.9600626045658,documented campaign table,157.01198792861894,Boltzmann-weighted route-specific COSMO cavity,1.166149719471316,1.4592094062291623,0.9868166249430352,1.459024244723593,-0.3083479425033169,-0.3032672477627809,False
BBP,"n,n-dimethylformamide",predicted,77.34806045201447,documented campaign table,158.85961546922138,Boltzmann-weighted route-specific COSMO cavity,1.6177307626305626,1.9302948416220773,1.4398734230546353,predicted,77.34806045201447,documented campaign table,157.01198792861894,Boltzmann-weighted route-specific COSMO cavity,1.2369505158095317,1.5444339000605105,1.0720313998883846,1.5442487385549415,-0.3858609415615668,-0.38078024682103084,False
BBP,o-xylene,predicted,121.3237646843717,documented campaign table,158.85961546922138,Boltzmann-weighted route-specific COSMO cavity,1.141921229752556,1.2589888586931601,0.7685942097567365,predicted,121.3237646843717,documented campaign table,157.01198792861894,Boltzmann-weighted route-specific COSMO cavity,1.0207047188504763,1.1326916530505444,0.6603051533494818,1.1325064915449756,-0.1262972056426157,-0.12121651090207974,False
BBP,tert-butanol,predicted,94.92604213357237,documented campaign table,158.85961546922138,Boltzmann-weighted route-specific COSMO cavity,0.6271960054602904,0.8508241387496912,0.36044479560458165,predicted,94.92604213357237,documented campaign table,157.01198792861894,Boltzmann-weighted route-specific COSMO cavity,0.48516279999293727,0.703710238541802,0.23134172628554128,0.7035250770362331,-0.14711390020788917,-0.14203320546735315,False
BBP,tetrahydrofuran,predicted,81.74256878009076,documented campaign table,158.85961546922138,Boltzmann-weighted route-specific COSMO cavity,1.742690160530805,2.0312553861056992,1.5408291456242937,predicted,81.74256878009076,documented campaign table,157.01198792861894,Boltzmann-weighted route-specific COSMO cavity,1.5390070309159074,1.8224915617502657,1.350077091926738,1.8223064002446971,-0.2087638243554335,-0.20368312961489754,False
BBP,tetrahydropyran,predicted,97.98755446344266,documented campaign table,158.85961546922138,Boltzmann-weighted route-specific COSMO cavity,1.5225615583802825,1.7324041465101734,1.2419898272469359,predicted,97.98755446344266,documented campaign table,157.01198792861894,Boltzmann-weighted route-specific COSMO cavity,1.3685846631744871,1.573346556563842,1.1009417231307386,1.573161395058273,-0.15905758994633135,-0.15397689520579538,False
BBP,toluene,predicted,106.86731616794246,documented campaign table,158.85961546922138,Boltzmann-weighted route-specific COSMO cavity,1.251375173083478,1.4235437772652262,0.9331447929702035,predicted,106.86731616794246,documented campaign table,157.01198792861894,Boltzmann-weighted route-specific COSMO cavity,1.1345248108549626,1.3016127202961747,0.8292213385690099,1.3014275587906057,-0.12193105696905149,-0.1168503622285153,False
BBP,triethylamine,predicted,139.99712238974465,documented campaign table,158.85961546922138,Boltzmann-weighted route-specific COSMO cavity,0.902717411402138,0.9576118094348822,0.4672210830716517,predicted,139.99712238974465,documented campaign table,157.01198792861894,Boltzmann-weighted route-specific COSMO cavity,0.7427165511295372,0.7925302544217454,0.32015463491295604,0.7923450929161764,-0.16508155501313682,-0.16000086027260085,False
BBP,water,predicted,18.07,documented campaign table,158.85961546922138,Boltzmann-weighted route-specific COSMO cavity,-5.156892567840825,-4.2128372134271945,-4.70221406079121,predicted,18.07,documented campaign table,157.01198792861894,Boltzmann-weighted route-specific COSMO cavity,-6.635083651629341,-5.6961089919562475,-6.167094319257319,-5.696294153461816,-1.483271778529053,-1.4781910837885164,False
DEHP,"1,2-propanediol",predicted,73.69347697242269,documented campaign table,158.85961546922138,Boltzmann-weighted route-specific COSMO cavity,-1.175110066047666,-0.8415256067658448,-1.3318220987440428,predicted,73.69347697242269,documented campaign table,157.01198792861894,Boltzmann-weighted route-specific COSMO cavity,-1.1075874552395835,-0.7790836906982981,-1.2513723496536873,-0.7793848864411078,0.06244191606754668,0.06752261080808264,False
DEHP,1-propanol,predicted,75.0812393102061,documented campaign table,158.85961546922138,Boltzmann-weighted route-specific COSMO cavity,-0.03430299621702115,0.2911790781728857,-0.19917061803643699,predicted,75.0812393102061,documented campaign table,157.01198792861894,Boltzmann-weighted route-specific COSMO cavity,-0.24616910882304993,0.07423227082632095,-0.39810100233800394,0.07393107508351118,-0.21694680734656474,-0.21186611260602878,False
DEHP,"2,3-dihydropyran",predicted,91.23427331887201,documented campaign table,158.85961546922138,Boltzmann-weighted route-specific COSMO cavity,1.2242539464903002,1.4651094362209172,0.9747000647172994,predicted,91.23427331887201,documented campaign table,157.01198792861894,Boltzmann-weighted route-specific COSMO cavity,1.0349753804812882,1.270750175471369,0.7983461655295342,1.2704489797285594,-0.19435926074954812,-0.18927856600901194,False
DEHP,2-butanone,predicted,90.33700826860434,documented campaign table,158.85961546922138,Boltzmann-weighted route-specific COSMO cavity,0.979436775954217,1.2245845791912369,0.7341887998705516,predicted,90.33700826860434,documented campaign table,157.01198792861894,Boltzmann-weighted route-specific COSMO cavity,0.4637830599408858,0.7038501684373697,0.23148021877078295,0.7035489726945598,-0.5207344107538672,-0.5156537160133312,False
DEHP,acetic acid,predicted,57.52382776952919,documented campaign table,158.85961546922138,Boltzmann-weighted route-specific COSMO cavity,-0.8722144248347232,-0.43104869516325595,-0.9212869390122498,predicted,57.52382776952919,documented campaign table,157.01198792861894,Boltzmann-weighted route-specific COSMO cavity,-1.3175824063390462,-0.881497371408115,-1.3536940131276047,-0.8817985671509248,-0.45044867624485907,-0.445367981504323,False
DEHP,acetone,predicted,74.05329593267884,documented campaign table,158.85961546922138,Boltzmann-weighted route-specific COSMO cavity,0.8991493990390668,1.230618513331682,0.7402244869308776,predicted,74.05329593267884,documented campaign table,157.01198792861894,Boltzmann-weighted route-specific COSMO cavity,0.3140398124174278,0.6404282319695069,0.16806257894878596,0.6401270362266972,-0.5901902813621751,-0.5851095866216389,False
DEHP,acetylacetone,predicted,103.01162671056692,documented campaign table,158.85961546922138,Boltzmann-weighted route-specific COSMO cavity,0.21930341298073006,0.4074306745581532,-0.0829379190288545,predicted,103.01162671056692,documented campaign table,157.01198792861894,Boltzmann-weighted route-specific COSMO cavity,-0.3637014223540786,-0.18065485551719146,-0.6529945541798733,-0.18095605126000117,-0.5880855300753447,-0.5830048353348086,True
DEHP,benzene,predicted,89.41518526573641,documented campaign table,158.85961546922138,Boltzmann-weighted route-specific COSMO cavity,1.2593505917049541,1.5089528179475344,1.0185424320973062,predicted,89.41518526573641,documented campaign table,157.01198792861894,Boltzmann-weighted route-specific COSMO cavity,1.1480209383379332,1.3925424698399775,0.9201308931603224,1.392241274097168,-0.1164103481075569,-0.11132965336702094,False
DEHP,chloroform,predicted,80.70716289761012,documented campaign table,158.85961546922138,Boltzmann-weighted route-specific COSMO cavity,4.446941702686463,4.741043128856455,4.250498967831479,predicted,80.70716289761012,documented campaign table,157.01198792861894,Boltzmann-weighted route-specific COSMO cavity,2.6048296860749427,2.8938504175043986,2.4213530252498545,2.893549221761589,-1.847192711352056,-1.84211201661152,False
DEHP,cyclohexane,predicted,108.75048455872852,documented campaign table,158.85961546922138,Boltzmann-weighted route-specific COSMO cavity,0.8382875631747922,1.0028698694356621,0.5124883219817278,predicted,108.75048455872852,documented campaign table,157.01198792861894,Boltzmann-weighted route-specific COSMO cavity,0.5675736086116093,0.7270752201319431,0.2547071986088404,0.7267740243891335,-0.275794649303719,-0.2707139545631829,False
DEHP,cyclohexanol,predicted,106.0,documented campaign table,158.85961546922138,Boltzmann-weighted route-specific COSMO cavity,0.25666336380666516,0.4323710055164569,-0.058004650270613606,predicted,106.0,documented campaign table,157.01198792861894,Boltzmann-weighted route-specific COSMO cavity,0.0997027682287794,0.2703297151980351,-0.20203531649197412,0.2700285194552253,-0.1620412903184218,-0.15696059557788578,False
DEHP,dichloromethane,predicted,64.0,documented campaign table,158.85961546922138,Boltzmann-weighted route-specific COSMO cavity,2.9149591076669297,3.3097926406576046,2.8192987121911686,predicted,64.0,documented campaign table,157.01198792861894,Boltzmann-weighted route-specific COSMO cavity,1.7521791424925846,2.1419319807427235,1.6694807790854886,2.141630784999913,-1.167860659914881,-1.1627799651743451,False
DEHP,dimethyl sulfoxide,predicted,71.33362547472977,documented campaign table,158.85961546922138,Boltzmann-weighted route-specific COSMO cavity,0.15931293800046328,0.5070321477220866,0.016610615321851818,predicted,71.33362547472977,documented campaign table,157.01198792861894,Boltzmann-weighted route-specific COSMO cavity,-0.35603426319591586,-0.01339574821482864,-0.4857756486981344,-0.013696943957638319,-0.5204278959369153,-0.5153472011963791,True
DEHP,diphenyl ether,predicted,130.4012629315705,route-specific COSMO cavity,158.85961546922138,Boltzmann-weighted route-specific COSMO cavity,0.884379314283598,0.9701110237153563,0.4797166807047807,predicted,126.06119532135739,route-specific COSMO cavity,157.01198792861894,Boltzmann-weighted route-specific COSMO cavity,0.62520529088956,0.7205566823028265,0.2481760478936617,0.7202554865600168,-0.24955434141252975,-0.25917402339403794,False
DEHP,dodecane,predicted,228.4909456740442,documented campaign table,158.85961546922138,Boltzmann-weighted route-specific COSMO cavity,0.29814164919855735,0.14028616105263192,-0.350088568764866,predicted,228.4909456740442,documented campaign table,157.01198792861894,Boltzmann-weighted route-specific COSMO cavity,0.023919716663574238,-0.13901646622288716,-0.6113750112453049,-0.1393176619656969,-0.2793026272755191,-0.2742219325349831,True
DEHP,ethanol,predicted,58.65008930742506,documented campaign table,158.85961546922138,Boltzmann-weighted route-specific COSMO cavity,-0.2439056880253551,0.18883914119003106,-0.30148363803968203,predicted,58.65008930742506,documented campaign table,157.01198792861894,Boltzmann-weighted route-specific COSMO cavity,-0.5298346640480359,-0.10217052957318584,-0.5744654603446527,-0.10247172531599547,-0.29100967076321693,-0.28592897602268086,True
DEHP,ethyl acetate,predicted,98.51620766383772,documented campaign table,158.85961546922138,Boltzmann-weighted route-specific COSMO cavity,0.79968153496587,1.0071873564181946,0.5168020968777595,predicted,98.51620766383772,documented campaign table,157.01198792861894,Boltzmann-weighted route-specific COSMO cavity,0.4935129223979607,0.6959380491097492,0.22356718596726377,0.6956368533669394,-0.31124930730844536,-0.30616861256790934,False
DEHP,ethylene glycol,predicted,55.92568231170541,documented campaign table,158.85961546922138,Boltzmann-weighted route-specific COSMO cavity,-2.1815397341161797,-1.728137518478027,-2.2183511238120928,predicted,55.92568231170541,documented campaign table,157.01198792861894,Boltzmann-weighted route-specific COSMO cavity,-2.2454533765680313,-1.7971318556704146,-2.2693175012323294,-1.7974330514132242,-0.06899433719238757,-0.0639136424518516,False
DEHP,heptane,predicted,147.45353679532644,documented campaign table,158.85961546922138,Boltzmann-weighted route-specific COSMO cavity,0.5023434773474844,0.5347017903960979,0.04432978284961146,predicted,147.45353679532644,documented campaign table,157.01198792861894,Boltzmann-weighted route-specific COSMO cavity,0.21562271124730564,0.2429003295553831,-0.22945615666961267,0.2425991338125734,-0.2918014608407148,-0.28672076610017877,False
DEHP,hexane,predicted,131.6,documented campaign table,158.85961546922138,Boltzmann-weighted route-specific COSMO cavity,0.5863551482642261,0.6681127659608513,0.17774052910924248,predicted,131.6,documented campaign table,157.01198792861894,Boltzmann-weighted route-specific COSMO cavity,0.30882923630934966,0.3855061592654389,-0.08685137919934133,0.38520496352262923,-0.28260660669541243,-0.2775259119548764,False
DEHP,isopropanol,predicted,76.93765202918961,documented campaign table,158.85961546922138,Boltzmann-weighted route-specific COSMO cavity,0.023612635759872106,0.33848721429010153,-0.1518670287007965,predicted,76.93765202918961,documented campaign table,157.01198792861894,Boltzmann-weighted route-specific COSMO cavity,-0.18183050568112016,0.12796337810857325,-0.34437343412278654,0.12766218236576354,-0.21052383618152828,-0.20544314144099227,False
DEHP,isopropylamine,predicted,86.42863409070969,documented campaign table,158.85961546922138,Boltzmann-weighted route-specific COSMO cavity,0.650986016149295,0.9153418736151042,0.4249564032214307,predicted,86.42863409070969,documented campaign table,157.01198792861894,Boltzmann-weighted route-specific COSMO cavity,0.6439972353919267,0.9032723981172,0.43089423792528064,0.9029712023743901,-0.01206947549790427,-0.006988780757368307,False
DEHP,methanol,predicted,40.7,documented campaign table,158.85961546922138,Boltzmann-weighted route-specific COSMO cavity,-0.854760046821736,-0.26334094907239414,-0.7535832996475742,predicted,40.7,documented campaign table,157.01198792861894,Boltzmann-weighted route-specific COSMO cavity,-1.1711099558937532,-0.5847715528849473,-1.0569492031744612,-0.5850727486277567,-0.3214306038125532,-0.3163499090720172,False
DEHP,methylacetate,predicted,79.9600626045658,documented campaign table,158.85961546922138,Boltzmann-weighted route-specific COSMO cavity,0.7065082110907162,1.0046485925890984,0.5142708605456647,predicted,79.9600626045658,documented campaign table,157.01198792861894,Boltzmann-weighted route-specific COSMO cavity,0.35379019957583363,0.6468498863336798,0.174490848066104,0.6465486905908702,-0.35779870625541865,-0.3527180115148825,False
DEHP,"n,n-dimethylformamide",predicted,77.34806045201447,documented campaign table,158.85961546922138,Boltzmann-weighted route-specific COSMO cavity,0.7998629932947913,1.112427072286306,0.6220232963427262,predicted,77.34806045201447,documented campaign table,157.01198792861894,Boltzmann-weighted route-specific COSMO cavity,0.2846285471359329,0.5921119313869116,0.11973104767907186,0.591810735644102,-0.5203151408993945,-0.5152344461588584,False
DEHP,o-xylene,predicted,121.3237646843717,documented campaign table,158.85961546922138,Boltzmann-weighted route-specific COSMO cavity,1.0678865746249067,1.1849542035655107,0.6945519399670635,predicted,121.3237646843717,documented campaign table,157.01198792861894,Boltzmann-weighted route-specific COSMO cavity,0.8505381011650941,0.9625250353651621,0.49013244311430976,0.9622238396223524,-0.22242916820034864,-0.21734847345981256,False
DEHP,tert-butanol,predicted,94.92604213357237,documented campaign table,158.85961546922138,Boltzmann-weighted route-specific COSMO cavity,0.35234533207469615,0.5759734653640969,0.08559644269409078,predicted,94.92604213357237,documented campaign table,157.01198792861894,Boltzmann-weighted route-specific COSMO cavity,0.009992278696225045,0.22853971724508979,-0.24381530725420916,0.22823852150228008,-0.34743374811900707,-0.3423530533784711,False
DEHP,tetrahydrofuran,predicted,81.74256878009076,documented campaign table,158.85961546922138,Boltzmann-weighted route-specific COSMO cavity,1.4575302296246708,1.7460954551995653,1.2556712725019634,predicted,81.74256878009076,documented campaign table,157.01198792861894,Boltzmann-weighted route-specific COSMO cavity,1.242827810011393,1.5263123408457515,1.0538925599696631,1.5260111451029417,-0.2197831143538138,-0.21470241961327785,False
DEHP,tetrahydropyran,predicted,97.98755446344266,documented campaign table,158.85961546922138,Boltzmann-weighted route-specific COSMO cavity,1.3686256997113444,1.5784682878412353,1.0880490172537665,predicted,97.98755446344266,documented campaign table,157.01198792861894,Boltzmann-weighted route-specific COSMO cavity,1.129679503927719,1.334441397317074,0.8620305437943809,1.334140201574264,-0.24402689052416138,-0.23894619578362541,False
DEHP,toluene,predicted,106.86731616794246,documented campaign table,158.85961546922138,Boltzmann-weighted route-specific COSMO cavity,1.1349029108182276,1.3070715149999759,0.8166667039922257,predicted,106.86731616794246,documented campaign table,157.01198792861894,Boltzmann-weighted route-specific COSMO cavity,0.9722958759517494,1.1393837853929616,0.6669838296309919,1.139082589650152,-0.16768772960701428,-0.1626070348664782,False
DEHP,triethylamine,predicted,139.99712238974465,documented campaign table,158.85961546922138,Boltzmann-weighted route-specific COSMO cavity,1.0031317356822986,1.058026133715043,0.5676255694855616,predicted,139.99712238974465,documented campaign table,157.01198792861894,Boltzmann-weighted route-specific COSMO cavity,0.681636544508584,0.7314502478007923,0.2590670566194192,0.7311490520579824,-0.3265758859142507,-0.3214951911737146,False
DEHP,water,predicted,18.07,documented campaign table,158.85961546922138,Boltzmann-weighted route-specific COSMO cavity,-8.658086722855714,-7.714031368442084,-8.20214563204509,predicted,18.07,documented campaign table,157.01198792861894,Boltzmann-weighted route-specific COSMO cavity,-10.90774466048238,-9.968770000809284,-10.438016372821265,-9.969071196552095,-2.2547386323672,-2.249657937626665,False
