set,label,name,cas,species,charge,smiles,inchikey,formula,molecular_weight_g_mol,computed_by,source
PFAS,PFBA,Perfluorobutanoic acid,375-22-4,neutral acid,0,O=C(O)C(F)(F)C(F)(F)C(F)(F)F,YPJUNDFVDDCYIH-UHFFFAOYSA-N,C4HF7O2,214.04,release (promotion-v2),PubChem CID 9777 (acid as registered)
PFAS,PFPA,Perfluoropentanoic acid,2706-90-3,neutral acid,0,O=C(O)C(F)(F)C(F)(F)C(F)(F)C(F)(F)F,CXZGQIAOTKWCDB-UHFFFAOYSA-N,C5HF9O2,264.04,release (promotion-v2),PubChem CID 75921 (acid as registered)
PFAS,PFHxA,Perfluorohexanoic acid,307-24-4,neutral acid,0,O=C(O)C(F)(F)C(F)(F)C(F)(F)C(F)(F)C(F)(F)F,PXUULQAPEKKVAH-UHFFFAOYSA-N,C6HF11O2,314.05,release (promotion-v2),PubChem CID 67542 (acid as registered)
PFAS,PFHA,Perfluoroheptanoic acid,375-85-9,neutral acid,0,O=C(O)C(F)(F)C(F)(F)C(F)(F)C(F)(F)C(F)(F)C(F)(F)F,ZWBAMYVPMDSJGQ-UHFFFAOYSA-N,C7HF13O2,364.06,release (promotion-v2),PubChem CID 67818 (acid as registered)
PFAS,PFOA,Perfluorooctanoic acid,335-67-1,neutral acid,0,O=C(O)C(F)(F)C(F)(F)C(F)(F)C(F)(F)C(F)(F)C(F)(F)C(F)(F)F,SNGREZUHAYWORS-UHFFFAOYSA-N,C8HF15O2,414.06,release (promotion-v2),PubChem CID 9554 (acid as registered)
PFAS,PFNA,Perfluorononanoic acid,375-95-1,neutral acid,0,O=C(O)C(F)(F)C(F)(F)C(F)(F)C(F)(F)C(F)(F)C(F)(F)C(F)(F)C(F)(F)F,UZUFPBIDKMEQEQ-UHFFFAOYSA-N,C9HF17O2,464.07,release (promotion-v2),PubChem CID 67821 (acid as registered)
PFAS,PFDA,Perfluorodecanoic acid,335-76-2,neutral acid,0,O=C(O)C(F)(F)C(F)(F)C(F)(F)C(F)(F)C(F)(F)C(F)(F)C(F)(F)C(F)(F)C(F)(F)F,PCIUEQPBYFRTEM-UHFFFAOYSA-N,C10HF19O2,514.08,release (promotion-v2),PubChem CID 9555 (acid as registered)
PFAS,TFPA,"2,3,3,3-Tetrafluoro-2-(heptafluoropropoxy)propanoic acid",13252-13-6,neutral acid,0,O=C(O)C(F)(OC(F)(F)C(F)(F)C(F)(F)F)C(F)(F)F,CSEBNABAWMZWIF-UHFFFAOYSA-N,C6HF11O3,330.05,release (promotion-v2),PubChem CID 114481 (acid as registered)
PFAS,PFTriDA,Perfluorotridecanoic acid,72629-94-8,neutral acid,0,O=C(O)C(F)(F)C(F)(F)C(F)(F)C(F)(F)C(F)(F)C(F)(F)C(F)(F)C(F)(F)C(F)(F)C(F)(F)C(F)(F)C(F)(F)F,LVDGGZAZAYHXEY-UHFFFAOYSA-N,C13HF25O2,664.1,"publication tier (A-12, neutral)",PubChem CID 3018355 (acid as registered)
PFAS,PFUnDA,Perfluoroundecanoic acid,2058-94-8,neutral acid,0,O=C(O)C(F)(F)C(F)(F)C(F)(F)C(F)(F)C(F)(F)C(F)(F)C(F)(F)C(F)(F)C(F)(F)C(F)(F)F,SIDINRCMMRKXGQ-UHFFFAOYSA-N,C11HF21O2,564.09,release (promotion-v2),PubChem CID 77222 (acid as registered)
PFAS,PFDoDA,Perfluorododecanoic acid,307-55-1,neutral acid,0,O=C(O)C(F)(F)C(F)(F)C(F)(F)C(F)(F)C(F)(F)C(F)(F)C(F)(F)C(F)(F)C(F)(F)C(F)(F)C(F)(F)F,CXGONMQFMIYUJR-UHFFFAOYSA-N,C12HF23O2,614.09,release (promotion-v2),PubChem CID 67545 (acid as registered)
PFAS,PFTetraDA,Perfluorotetradecanoic acid,376-06-7,neutral acid,0,O=C(O)C(F)(F)C(F)(F)C(F)(F)C(F)(F)C(F)(F)C(F)(F)C(F)(F)C(F)(F)C(F)(F)C(F)(F)C(F)(F)C(F)(F)C(F)(F)F,RUDINRUXCKIXAJ-UHFFFAOYSA-N,C14HF27O2,714.11,"publication tier (A-12, neutral)",PubChem CID 67822 (acid as registered)
PFAS,PFBS,Perfluorobutanesulfonic acid,375-73-5,neutral acid,0,O=S(=O)(O)C(F)(F)C(F)(F)C(F)(F)C(F)(F)F,JGTNAGYHADQMCM-UHFFFAOYSA-N,C4HF9O3S,300.1,"publication tier (A-12, neutral)",PubChem CID 67815 (acid as registered)
PFAS,PFPS,Perfluoropentanesulfonic acid,2706-91-4,neutral acid,0,O=S(=O)(O)C(F)(F)C(F)(F)C(F)(F)C(F)(F)C(F)(F)F,ACEKLXZRZOWKRY-UHFFFAOYSA-N,C5HF11O3S,350.1,"publication tier (A-12, neutral)",PubChem CID 75922 (acid as registered)
PFAS,PFHxS,Perfluorohexanesulfonic acid,355-46-4,neutral acid,0,O=S(=O)(O)C(F)(F)C(F)(F)C(F)(F)C(F)(F)C(F)(F)C(F)(F)F,QZHDEAJFRJCDMF-UHFFFAOYSA-N,C6HF13O3S,400.11,"publication tier (A-12, neutral)",PubChem CID 67734 (acid as registered)
PFAS,PFHS,Perfluoroheptanesulfonic acid,375-92-8,neutral acid,0,O=S(=O)(O)C(F)(F)C(F)(F)C(F)(F)C(F)(F)C(F)(F)C(F)(F)C(F)(F)F,OYGQVDSRYXATEL-UHFFFAOYSA-N,C7HF15O3S,450.12,"publication tier (A-12, neutral)",PubChem CID 67820 (acid as registered)
PFAS,PFOS,Perfluorooctanesulfonic acid,1763-23-1,neutral acid,0,O=S(=O)(O)C(F)(F)C(F)(F)C(F)(F)C(F)(F)C(F)(F)C(F)(F)C(F)(F)C(F)(F)F,YFSUTJLHUFNCNZ-UHFFFAOYSA-N,C8HF17O3S,500.13,"publication tier (A-12, neutral)",PubChem CID 74483 (acid as registered)
PFAS,PFUnDS,Perfluoroundecanesulfonic acid,749786-16-1,neutral acid,0,O=S(=O)(O)C(F)(F)C(F)(F)C(F)(F)C(F)(F)C(F)(F)C(F)(F)C(F)(F)C(F)(F)C(F)(F)C(F)(F)C(F)(F)F,UKHUPOMCGUFNAP-UHFFFAOYSA-N,C11HF23O3S,650.15,"publication tier (A-12, neutral)",PubChem CID 22141518 (acid as registered)
PFAS,PFTriDS,Perfluorotridecanesulfonic acid,791563-89-8,neutral acid,0,O=S(=O)(O)C(F)(F)C(F)(F)C(F)(F)C(F)(F)C(F)(F)C(F)(F)C(F)(F)C(F)(F)C(F)(F)C(F)(F)C(F)(F)C(F)(F)C(F)(F)F,JMIXTHMPTMXARZ-UHFFFAOYSA-N,C13HF27O3S,750.16,"publication tier (A-12, neutral)",PubChem CID 21964789 (acid as registered)
PFAS,PFDS,Perfluorodecanesulfonic acid,335-77-3,neutral acid,0,O=S(=O)(O)C(F)(F)C(F)(F)C(F)(F)C(F)(F)C(F)(F)C(F)(F)C(F)(F)C(F)(F)C(F)(F)C(F)(F)F,HYWZIAVPBSTISZ-UHFFFAOYSA-N,C10HF21O3S,600.14,"publication tier (A-12, neutral)",PubChem CID 67636 (acid as registered)
PFAS,PFDoDS,Perfluorododecanesulfonic acid,79780-39-5,neutral acid,0,O=S(=O)(O)C(F)(F)C(F)(F)C(F)(F)C(F)(F)C(F)(F)C(F)(F)C(F)(F)C(F)(F)C(F)(F)C(F)(F)C(F)(F)C(F)(F)F,CFCRODHVHXGTPC-UHFFFAOYSA-N,C12HF25O3S,700.15,"publication tier (A-12, neutral)",PubChem CID 3018866 (acid as registered)
PFAS,KClHxDFS,Potassium 9-chlorohexadecafluoro-3-oxanonane-1-sulfonate,73606-19-6,neutral acid,0,O=S(=O)(O)C(F)(F)C(F)(F)OC(F)(F)C(F)(F)C(F)(F)C(F)(F)C(F)(F)C(F)(F)Cl,GGOUUEMCWBTDMT-UHFFFAOYSA-N,C8HClF16O4S,532.58,"publication tier (A-12, neutral)","PubChem CID 25210512 (anion protonated, counter-ion dropped)"
PFAS,PFNS,Perfluorononanesulfonate,474511-07-4,neutral acid,0,O=S(=O)(O)C(F)(F)C(F)(F)C(F)(F)C(F)(F)C(F)(F)C(F)(F)C(F)(F)C(F)(F)C(F)(F)F,MNEXVZFQQPKDHC-UHFFFAOYSA-N,C9HF19O3S,550.13,"publication tier (A-12, neutral)",PubChem CID 21954437 (anion protonated)
PFAS,NaDoDFNt,"Sodium dodecafluoro-3H-4,8-dioxanonanoate",2250081-67-3,neutral acid,0,O=C(O)C(F)(F)C(F)OC(F)(F)C(F)(F)C(F)(F)OC(F)(F)F,AFDRCEOKCOUICI-UHFFFAOYSA-N,C7H2F12O4,378.06,"publication tier (A-12, neutral)","PubChem CID 138394366 (anion protonated, counter-ion dropped)"
PFAS,NH4TetraFPt,"Ammonium 2,3,3,3-tetrafluoro-2-(heptafluoropropoxy)propanoate",62037-80-3,neutral acid,0,O=C(O)C(F)(OC(F)(F)C(F)(F)C(F)(F)F)C(F)(F)F,CSEBNABAWMZWIF-UHFFFAOYSA-N,C6HF11O3,330.05,release (promotion-v2),"PubChem CID 51342034 (anion protonated, counter-ion dropped)"
PFAS,NH4PFNt,"Ammonium 4,8-dioxa-3H-perfluorononanoate",958445-44-8,neutral acid,0,O=C(O)C(F)(F)C(F)OC(F)(F)C(F)(F)C(F)(F)OC(F)(F)F,AFDRCEOKCOUICI-UHFFFAOYSA-N,C7H2F12O4,378.06,"publication tier (A-12, neutral)","PubChem CID 87490983 (anion protonated, counter-ion dropped)"
