name,smiles,plastchem_id,cas,inchikey,molecular_weight_g_mol,n_atoms_with_H
"12-(Acetoxy)stearic acid, 2,3-bis(acetoxy)propyl ester",CCCCCCC(CCCCCCCCCCC(=O)OCC(COC(=O)C)OC(=O)C)OC(=O)C,7444.0,330198-91-9,YOFNHFCYYYNJPN-UHFFFAOYSA-N,500.67,83
"Anthra[9,1,2-cde]benzo[rst]pentaphene-5,10-dione, 16-nitro-",C1=CC=C2C(=C1)C3=C4C(=CC=C5C4=C(C=C3)C6=C(C=C7C8=CC=CC=C8C(=O)C9=C7C6=C5C=C9)[N+](=O)[O-])C2=O,2145.0,128-60-9,LNNHYUOWYOSHPH-UHFFFAOYSA-N,501.50,54
"3,6,9,12,15,18,21,24,27,30-Decaoxadotriacontane-1,32-diol",C(COCCOCCOCCOCCOCCOCCOCCOCCOCCOCCO)O,11950.0,6809-70-7,PSVXZQVXSXSQRO-UHFFFAOYSA-N,502.60,80
"1H,4H,5H,8H-2,3a,4a,6,7a,8a-Hexaazacyclopenta[def]fluorene-4,8-dione, hexahydro-2,6-bis(2,2,6,6-tetramethyl-4-piperidinyl)-",CC1(CC(CC(N1)(C)C)N2CN3C4C5N(C3=O)CN(CN5C(=O)N4C2)C6CC(NC(C6)(C)C)(C)C)C,964.0,109423-00-9,KZURVTKPVNKEKH-UHFFFAOYSA-N,502.71,82
"Phthalic acid, 5-methylhex-2-yl heptadecyl ester",CCCCCCCCCCCCCCCCCOC(=O)C1=CC=CC=C1C(=O)OC(C)CCC(C)C,,,OBBFUHCAZIFXGP-UHFFFAOYSA-N,502.78,90
Didodecyl phthalate,CCCCCCCCCCCCOC(=O)C1=CC=CC=C1C(=O)OCCCCCCCCCCCC,5419.0,2432-90-8,PUFGCEQWYLJYNJ-UHFFFAOYSA-N,502.78,90
Cellulase,C([C@@H]1[C@H]([C@@H]([C@H]([C@@H](O1)O[C@@H]2[C@H](O[C@H]([C@@H]([C@H]2O)O)O[C@@H]3[C@H](O[C@H]([C@@H]([C@H]3O)O)O)CO)CO)O)O)O)O,10730.0,61788-77-0,FYGDTMLNYKFZSV-CSHPIKHBSA-N,504.44,66
"1,3,5-Tris(6-isocyanatohexyl)-1,3,5-triazinane-2,4,6-trione",C(CCCN1C(=O)N(C(=O)N(C1=O)CCCCCCN=C=O)CCCCCCN=C=O)CCN=C=O,8026.0,3779-63-3,KCZQSKKNAGZQSZ-UHFFFAOYSA-N,504.59,72
Tetraglyceryl monooleate,CCCCCCCC/C=C\CCCCCCCC(=O)OCC(COCC(COCC(CO)O)O)O,7569.0,33940-98-6,SJLAFUFWXUJDDR-KTKRTIGZSA-N,504.71,87
Oleyl palmitamide,CCCCCCCCCCCCCCCC(=O)NCCCCCCCC/C=C\CCCCCCCC,3778.0,16260-09-6,VMRGZRVLZQSNHC-ZCXUNETKSA-N,505.92,103
N-octadec-9-enylhexadecanamide,CCCCCCCCCCCCCCCC(=O)NCCCCCCCCC=CCCCCCCCC,15906.0,96674-02-1,VMRGZRVLZQSNHC-UHFFFAOYSA-N,505.92,103
"[3-[3-(2,3-Dihydroxypropoxy)-2-hydroxypropoxy]-2-hydroxypropyl] octadecanoate",CCCCCCCCCCCCCCCCCC(=O)OCC(COCC(COCC(CO)O)O)O,15120.0,9009-32-9,JHSNLCCMZMGXLK-UHFFFAOYSA-N,506.72,89
Palmityl oleate,CCCCCCCCCCCCCCCCOC(=O)CCCCCCC/C=C\CCCCCCCC,5125.0,22393-86-8,JYTMDBGMUIAIQH-ZPHPHTNESA-N,506.90,102
18-Pentatriacontanone,CCCCCCCCCCCCCCCCCC(=O)CCCCCCCCCCCCCCCCC,9072.0,504-53-0,DMCJFWXGXUEHFD-UHFFFAOYSA-N,506.94,106
"Pentacosane, 13-undecyl-",CCCCCCCCCCCCC(CCCCCCCCCCC)CCCCCCCCCCCC,9830.0,55517-89-0,ZBOLLHDWYFHOST-UHFFFAOYSA-N,506.99,110
"Pentanedioic acid, bis(2-(2-(2-butoxyethoxy)ethoxy)ethyl) ester",CCCCOCCOCCOCCOC(=O)CCCC(=O)OCCOCCOCCOCCCC,11568.0,65520-42-5,VYYKGEAVUMSSBR-UHFFFAOYSA-N,508.65,83
"Bis(1,2,2,6,6-pentamethyl-4-piperidyl) sebacate",CC1(CC(CC(N1C)(C)C)OC(=O)CCCCCCCCC(=O)OC2CC(N(C(C2)(C)C)C)(C)C)C,8385.0,41556-26-7,RSOILICUEWXSLA-UHFFFAOYSA-N,508.79,92
Ditetradecyl fumarate,CCCCCCCCCCCCCCOC(=O)/C=C/C(=O)OCCCCCCCCCCCCCC,423.0,10341-03-4,DYVHFPDDBMMBAX-BYYHNAKLSA-N,508.83,96
Isocetyl stearate,CCCCCCCCCCCCCCCCCC(=O)OCCCCCCCCCCCCCC(C)C,5854.0,25339-09-7,LGEZTMRIZWCDLW-UHFFFAOYSA-N,508.92,104
Stearyl palmitate,CCCCCCCCCCCCCCCCCCOC(=O)CCCCCCCCCCCCCCC,6061.0,2598-99-4,BILPUZXRUDPOOF-UHFFFAOYSA-N,508.92,104
"Isooctadecanoic acid, isohexadecyl ester",CC(C)CCCCCCCCCCCCCCC(=O)OCCCCCCCCCCCCCC(C)C,9303.0,52006-45-8,DHGBAFGZLVRESL-UHFFFAOYSA-N,508.92,104
Cetyl stearate,CCCCCCCCCCCCCCCCCC(=O)OCCCCCCCCCCCCCCCC,1515.0,1190-63-2,SSZBUIDZHHWXNJ-UHFFFAOYSA-N,508.92,104
Isostearyl palmitate,CCCCCCCCCCCCCCCC(=O)OCCCCCCCCCCCCCCCC(C)C,13065.0,72576-80-8,SAMYFBLRCRWESN-UHFFFAOYSA-N,508.92,104
2-Octyldodecyl myristate,CCCCCCCCCCCCCC(=O)OCC(CCCCCCCC)CCCCCCCCCC,5182.0,22766-83-2,BGRXBNZMPMGLQI-UHFFFAOYSA-N,508.92,104
"2-(4,6-Bis(2,4-dimethylphenyl)-1,3,5-triazin-2-yl)-5-(octyloxy)phenol",CCCCCCCCOC1=CC(=C(C=C1)C2=NC(=NC(=N2)C3=C(C=C(C=C3)C)C)C4=C(C=C(C=C4)C)C)O,6468.0,2725-22-6,ZSSVCEUEVMALRD-UHFFFAOYSA-N,509.69,77
"2-(4,6-Bis(2,4-dimethylphenyl)-1,3,5-triazin-2-yl)-5-((6-methylheptyl)oxy)phenol",CC1=CC(=C(C=C1)C2=NC(=NC(=N2)C3=C(C=C(C=C3)OCCCCCC(C)C)O)C4=C(C=C(C=C4)C)C)C,2802.0,137759-38-7,CQNQNWUSTVCIDH-UHFFFAOYSA-N,509.69,77
"[1,6-Hexanediylbis[oxy(2-hydroxy-4,1-phenylene)]]bis[phenylmethanone]",C1=CC=C(C=C1)C(=O)C2=C(C=C(C=C2)OCCCCCCOC3=CC(=C(C=C3)C(=O)C4=CC=CC=C4)O)O,8557.0,43221-33-6,LGLRENMSBBZYTN-UHFFFAOYSA-N,510.59,68
[4-[2-(4-Propylphenyl)ethynyl]phenyl] 4-(6-prop-2-enoyloxyhexoxy)benzoate,CCCC1=CC=C(C=C1)C#CC2=CC=C(C=C2)OC(=O)C3=CC=C(C=C3)OCCCCCCOC(=O)C=C,6780.0,289478-40-6,XRBDPPOQVFXEOG-UHFFFAOYSA-N,510.63,72
Diisotridecyl adipate,CC(C)CCCCCCCCCCOC(=O)CCCCC(=O)OCCCCCCCCCCC(C)C,6203.0,26401-35-4,WPUKZOKYKHYASK-UHFFFAOYSA-N,510.84,98
Ditridecyl adipate,CCCCCCCCCCCCCOC(=O)CCCCC(=O)OCCCCCCCCCCCCC,3971.0,16958-92-2,LZJUZSYHFSVIGJ-UHFFFAOYSA-N,510.84,98
Silux,CC(=C)C(=O)OCC(COC1=CC=C(C=C1)C(C)(C)C2=CC=C(C=C2)OCC(COC(=O)C(=C)C)O)O,3538.0,1565-94-2,AMFGWXWBFGVCKG-UHFFFAOYSA-N,512.60,73
Trimethylolpropane triethylhexanoate,CCCCC(CC)C(=O)OCC(CC)(COC(=O)C(CC)CCCC)COC(=O)C(CC)CCCC,6096.0,26086-33-9,QOOJEEZYYXGPAO-UHFFFAOYSA-N,512.77,92
"Dinaphtho[1',2',3':3,4;3'',2'',1'':9,10]perylo[1,12-efg][1,4]dioxocin-5,10-dione, 17,18-dihydro-",C1COC2=C3C4=C(C=CC5=C4C(=C2)C6=CC=CC=C6C5=O)C7=C8C3=C(O1)C=C9C8=C(C=C7)C(=O)C1=CC=CC=C19,11313.0,6424-76-6,YSQTVHQHQMTBHP-UHFFFAOYSA-N,514.54,58
Phthalocyanine,C1=CC=C2C(=C1)C3=NC4=NC(=NC5=C6C=CC=CC6=C(N5)N=C7C8=CC=CC=C8C(=N7)N=C2N3)C9=CC=CC=C94,10107.0,574-93-6,IEQIEDJGQAUEQZ-UHFFFAOYSA-N,514.55,58
"DIETHYLENE GLYCOL, DIESTER with BUTYLPHTHALATE",CCCCOC(=O)C1=CC=CC=C1C(=O)OCCOCCOC(=O)C2=CC=CC=C2C(=O)OCCCC,13427.0,7483-25-2,QOHGWJJKTCUFDB-UHFFFAOYSA-N,514.57,71
"9,9'(Biphenyl-4,4'-diyl)difluoren-9-ol",C1=CC=C2C(=C1)C3=CC=CC=C3C2(C4=CC=C(C=C4)C5=CC=C(C=C5)C6(C7=CC=CC=C7C8=CC=CC=C86)O)O,8506.0,427165-44-4,COCUJCCLTHFNHJ-UHFFFAOYSA-N,514.62,66
Butyryl trihexyl citrate,CCCCCCOC(=O)CC(CC(=O)OCCCCCC)(C(=O)OCCCCCC)OC(=O)CCC,14346.0,82469-79-2,GWVUTNGDMGTPFE-UHFFFAOYSA-N,514.70,86
Dimyristyl peroxydicarbonate,CCCCCCCCCCCCCCOC(=O)OOC(=O)OCCCCCCCCCCCCCC,9492.0,53220-22-7,CSKKAINPUYTTRW-UHFFFAOYSA-N,514.79,94
"[1,1':3',1''-Terphenyl]-2'-ol, 5'-(octadecyloxy)-",CCCCCCCCCCCCCCCCCCOC1=CC(=C(C(=C1)C2=CC=CC=C2)O)C3=CC=CC=C3,11198.0,63671-76-1,JJHKARPEMHIIQC-UHFFFAOYSA-N,514.79,88
"2-Naphthalenecarboxamide, 3-hydroxy-4-[[2-methoxy-5-[(phenylamino)carbonyl]phenyl]azo]-N-phenyl-",COC1=C(C=C(C=C1)C(=O)NC2=CC=CC=C2)N=NC3=C(C(=CC4=CC=CC=C43)C(=O)NC5=CC=CC=C5)O,11273.0,6410-29-3,JBJBSAHNMRBDSH-UHFFFAOYSA-N,516.56,63
"N,N'-Bis(3-methylphenyl)-N,N'-bis(phenyl)benzidine",CC1=CC(=CC=C1)N(C2=CC=CC=C2)C3=CC=C(C=C3)C4=CC=C(C=C4)N(C5=CC=CC=C5)C6=CC=CC(=C6)C,11529.0,65181-78-4,OGGKVJMNFFSDEV-UHFFFAOYSA-N,516.69,72
"2,2-Bis(4-(3,4-dicarboxyphenoxy)phenyl)propane dianhydride",CC(C)(C1=CC=C(C=C1)OC2=CC3=C(C=C2)C(=O)OC3=O)C4=CC=C(C=C4)OC5=CC6=C(C=C5)C(=O)OC6=O,8048.0,38103-06-9,MQAHXEQUBNDFGI-UHFFFAOYSA-N,520.49,59
"2-Propenoic acid, 2-(1,1-dimethylethyl)-6-[1-[3-(1,1-dimethylethyl)-5-(1,1-dimethylpropyl)-2-hydroxyphenyl]ethyl]-4-(1,1-dimethylpropyl)phenyl ester",CCC(C)(C)C1=CC(=C(C(=C1)C(C)(C)C)O)C(C)C2=C(C(=CC(=C2)C(C)(C)CC)C(C)(C)C)OC(=O)C=C,2164.0,128961-68-2,RHUDXYFLPVGKFS-UHFFFAOYSA-N,520.80,90
Tridodecylamine,CCCCCCCCCCCCN(CCCCCCCCCCCC)CCCCCCCCCCCC,301.0,102-87-4,SWZDQOUHBYYPJD-UHFFFAOYSA-N,522.00,112
Dioctadecylamine,CCCCCCCCCCCCCCCCCCNCCCCCCCCCCCCCCCCCC,1264.0,112-99-2,HKUFIYBZNQSHQS-UHFFFAOYSA-N,522.00,112
"1,3,5-Tris(3-isocyanato-4-methylphenyl)-1,3,5-triazinane-2,4,6-trione",CC1=C(C=C(C=C1)N2C(=O)N(C(=O)N(C2=O)C3=CC(=C(C=C3)C)N=C=O)C4=CC(=C(C=C4)C)N=C=O)N=C=O,6282.0,26603-40-7,NEQZCEZVSYQHDT-UHFFFAOYSA-N,522.48,57
Bis[2-[2-(2-butoxyethoxy)ethoxy]ethyl] adipate,CCCCOCCOCCOCCOC(=O)CCCCC(=O)OCCOCCOCCOCCCC,11569.0,65520-46-9,NRUKYANAWUDQNY-UHFFFAOYSA-N,522.68,86
"1,5-Dioxaspiro(5.5)undecane-3,3-dicarboxylic acid, 3,3-bis(2,2,6,6-tetramethyl-4-piperidinyl) ester",CC1(CC(CC(N1)(C)C)OC(=O)C2(COC3(CCCCC3)OC2)C(=O)OC4CC(NC(C4)(C)C)(C)C)C,1056.0,110843-97-5,HDFZSCWOTBYTQF-UHFFFAOYSA-N,522.73,87
Dioctadecyl ether,CCCCCCCCCCCCCCCCCCOCCCCCCCCCCCCCCCCCC,11056.0,6297-03-6,HBXWUCXDUUJDRB-UHFFFAOYSA-N,522.99,111
"Benzoic acid, 2-[[3-[[(2,3-dihydro-2-oxo-1H-benzimidazol-5-yl)amino]carbonyl]-2-hydroxy-1-naphthalenyl]azo]-, butyl ester",CCCCOC(=O)C1=CC=CC=C1N=NC2=C(C(=CC3=CC=CC=C32)C(=O)NC4=CC5=C(C=C4)NC(=O)N5)O,7274.0,31778-10-6,OFVRAFISISJRPV-UHFFFAOYSA-N,523.55,64
Dipentaerythritol pentaacrylate,C=CC(=O)OCC(CO)(COCC(COC(=O)C=C)(COC(=O)C=C)COC(=O)C=C)COC(=O)C=C,10524.0,60506-81-2,INXWLSDYDXPENO-UHFFFAOYSA-N,524.52,69
Vitamin A Palmitate,CCCCCCCCCCCCCCCC(=O)OC/C=C(\C)/C=C/C=C(\C)/C=C/C1=C(CCCC1(C)C)C,14049.0,79-81-2,VYGQUTWHTHXGQB-FFHKNEKCSA-N,524.87,98
"Methyl 9,10-bis[(1-oxohexyl)oxy]octadecanoate",CCCCCCCCC(C(CCCCCCCC(=O)OC)OC(=O)CCCCC)OC(=O)CCCCC,14682.0,856348-14-6,HMMCGRXXUASYCA-UHFFFAOYSA-N,526.80,95
Glyceryl 2-caprylate dicaprate,CCCCCCCCCC(=O)OCC(COC(=O)CCCCCCCCC)OC(=O)CCCCCCC,16259.0,33368-86-4,CYHAOTQWWRWBAF-UHFFFAOYSA-N,526.80,95
"20-(Nonylphenoxy)-3,6,9,12,15,18-hexaoxaicosan-1-ol",CCCCCCCCCC1=CC=CC=C1OCCOCCOCCOCCOCCOCCOCCO,6440.0,27177-03-3,HPBDNFXBBNDIIU-UHFFFAOYSA-N,528.73,89
"Bis(1,2,2,6,6-pentamethyl-4-piperidinyl) 2-(4-methoxybenzylidene)malonate",CC1(CC(CC(N1C)(C)C)OC(=O)C(=CC2=CC=C(C=C2)OC)C(=O)OC3CC(N(C(C3)(C)C)C)(C)C)C,3250.0,147783-69-5,CMXLJKWFEJEFJE-UHFFFAOYSA-N,528.73,86
"1,3-Dilauryl citrate",CCCCCCCCCCCCOC(=O)CC(CC(=O)OCCCCCCCCCCCC)(C(=O)O)O,5933.0,25637-88-1,MUURADZHQSPGFN-UHFFFAOYSA-N,528.77,93
"Sorbitan, didodecanoate",CCCCCCCCCCCC(=O)OC[C@H]([C@@H]1[C@H](C(CO1)O)O)OC(=O)CCCCCCCCCCC,6774.0,28905-44-4,DMCPZDAVVMKAJS-DTRSFYFTSA-N,528.77,93
"Tris(2-ethylhexyl) 2-hydroxypropane-1,2,3-tricarboxylate",CCCCC(CC)COC(=O)CC(CC(=O)OCC(CC)CCCC)(C(=O)OCC(CC)CCCC)O,12918.0,7147-34-4,DUHIKWRPAQIIBL-UHFFFAOYSA-N,528.77,93
"Stearyl 3,5-di-tert-butyl-4-hydroxycinnamate",CCCCCCCCCCCCCCCCCCOC(=O)/C=C/C1=CC(=C(C(=C1)C(C)(C)C)O)C(C)(C)C,4529.0,19277-65-7,PRKFEDZJXPHATD-OCOZRVBESA-N,528.86,98
"Octadecyl 3-(3,5-di-tert-butyl-4-oxocyclohexa-2,5-dien-1-ylidene)propanoate",CCCCCCCCCCCCCCCCCCOC(=O)CC=C1C=C(C(=O)C(=C1)C(C)(C)C)C(C)(C)C,11517.0,65075-11-8,HDOKUCMTNMUZDH-UHFFFAOYSA-N,528.86,98
"3,5-Bis(1,1-dimethylethyl)-4-hydroxy-N-octadecylbenzenepropanamide",CCCCCCCCCCCCCCCCCCNC(=O)CCC1=CC(=C(C(=C1)C(C)(C)C)O)C(C)(C)C,3130.0,14442-94-5,HQSOHEURLMFXBX-UHFFFAOYSA-N,529.89,101
"O,O'-Butane-1,4-diyl bis(4-hydroxybutyl) diterephthalate",C1=CC(=CC=C1C(=O)OCCCCO)C(=O)OCCCCOC(=O)C2=CC=C(C=C2)C(=O)OCCCCO,6832.0,29278-67-9,VOZHOJZXYKSVKY-UHFFFAOYSA-N,530.57,72
"9,10-Anthracenedione, 1,4-bis[(2,6-diethyl-4-methylphenyl)amino]-",CCC1=CC(=CC(=C1NC2=C3C(=C(C=C2)NC4=C(C=C(C=C4CC)C)CC)C(=O)C5=CC=CC=C5C3=O)CC)C,7403.0,32724-62-2,IBABXJRXGSAJLQ-UHFFFAOYSA-N,530.71,78
Ditridecyl phthalate,CCCCCCCCCCCCCOC(=O)C1=CC=CC=C1C(=O)OCCCCCCCCCCCCC,1501.0,119-06-2,YCZJVRCZIPDYHH-UHFFFAOYSA-N,530.83,96
Diisotridecyl phthalate,CC(C)CCCCCCCCCCOC(=O)C1=CC=CC=C1C(=O)OCCCCCCCCCCC(C)C,6474.0,27253-26-5,BCSGAWBQJHXXSE-UHFFFAOYSA-N,530.83,96
"Octadecyl 3-(3,5-di-tert-butyl-4-hydroxyphenyl)propionate",CCCCCCCCCCCCCCCCCCOC(=O)CCC1=CC(=C(C(=C1)C(C)(C)C)O)C(C)(C)C,4828.0,2082-79-3,SSDSCDGVMJFTEQ-UHFFFAOYSA-N,530.88,100
"2-(Butylmethylamino)-N-[2-[1-(2,3-dihydro-1H-indol-6-yl)-1,4,5,7-tetrahydro-3-[(methylamino)methyl]-7-oxo-6H-pyrazolo[3,4-c]pyridin-6-yl]-5-pyrimidinyl]-N-methyl-acetamide",CCCCN(C)CC(=O)N(C)C1=CN=C(N=C1)N2CCC3=C(C2=O)N(N=C3CNC)C4=CC5=C(CCN5)C=C4,835.0,1077898-54-4,NEBNAEMKCGGSIL-UHFFFAOYSA-N,531.67,76
Oleyl oleate,CCCCCCCC/C=C\CCCCCCCCOC(=O)CCCCCCC/C=C\CCCCCCCC,7897.0,3687-45-4,BARWIPMJPCRCTP-CLFAGFIQSA-N,532.94,106
"Didodecyl 1,4-dihydro-2,6-dimethylpyridine-3,5-dicarboxylate",CCCCCCCCCCCCOC(=O)C1=C(NC(=C(C1)C(=O)OCCCCCCCCCCCC)C)C,7812.0,36265-41-5,VEUDMQNHACTHAL-UHFFFAOYSA-N,533.84,97
N-Oleylstearamide,CCCCCCCCCCCCCCCCCC(=O)NCCCCCCCC/C=C\CCCCCCCC,8386.0,41562-24-7,PECBPCUKEFYARY-ZPHPHTNESA-N,533.97,109
"9,10-Anthracenedione, 1,4-bis[[4-(1,1-dimethylethyl)phenyl]amino]-5,8-dihydroxy-",CC(C)(C)C1=CC=C(C=C1)NC2=C3C(=C(C=C2)NC4=CC=C(C=C4)C(C)(C)C)C(=O)C5=C(C=CC(=C5C3=O)O)O,8942.0,4851-50-7,KWBCXNHXXWZCMM-UHFFFAOYSA-N,534.66,74
"9,10-Anthracenedione, 1,4-bis[(4-butylphenyl)amino]-5,8-dihydroxy-",CCCCC1=CC=C(C=C1)NC2=C3C(=C(C=C2)NC4=CC=C(C=C4)CCCC)C(=O)C5=C(C=CC(=C5C3=O)O)O,6642.0,28198-05-2,KTEFLEFPDDQMCB-UHFFFAOYSA-N,534.66,74
"3,6,9,12,15,18-Hexaoxahexatriacontan-1-ol",CCCCCCCCCCCCCCCCCCOCCOCCOCCOCCOCCOCCO,5380.0,2420-29-3,BGTZEQVWUZNMIY-UHFFFAOYSA-N,534.82,99
[4-(4-Cyanophenyl)phenyl] 6-(4-prop-2-enoyloxybutoxycarbonyloxy)naphthalene-2-carboxylate,C=CC(=O)OCCCCOC(=O)OC1=CC2=C(C=C1)C=C(C=C2)C(=O)OC3=CC=C(C=C3)C4=CC=C(C=C4)C#N,15403.0,914918-07-3,MKNLWMACVLTHAB-UHFFFAOYSA-N,535.55,65
"Octadecanamide, N-octadecyl-",CCCCCCCCCCCCCCCCCCNC(=O)CCCCCCCCCCCCCCCCC,2464.0,13276-08-9,DJWFNQUDPJTSAD-UHFFFAOYSA-N,535.99,111
N-Methyldioctadecylamine,CCCCCCCCCCCCCCCCCCN(C)CCCCCCCCCCCCCCCCCC,8311.0,4088-22-6,VFLWKHBYVIUAMP-UHFFFAOYSA-N,536.03,115
Beta-Carotene,CC1=C(C(CCC1)(C)C)/C=C/C(=C/C=C/C(=C/C=C/C=C(/C=C/C=C(/C=C/C2=C(CCCC2(C)C)C)\C)\C)/C)/C,13041.0,7235-40-7,OENHQHLEOONYIE-JLTXGRSLSA-N,536.89,96
"Hexadecanamide, N,N'-1,2-ethanediylbis-",CCCCCCCCCCCCCCCC(=O)NCCNC(=O)CCCCCCCCCCCCCCC,9775.0,5518-18-3,UAXZKOFYXXDTFH-UHFFFAOYSA-N,536.93,106
Stearyl stearate,CCCCCCCCCCCCCCCCCCOC(=O)CCCCCCCCCCCCCCCCC,6570.0,2778-96-3,NKBWPOSQERPBFI-UHFFFAOYSA-N,536.97,110
1-Heptatriacontanol,CCCCCCCCCCCCCCCCCCCCCCCCCCCCCCCCCCCCCO,615.0,105794-58-9,ZGJKNMPTVDDRRH-UHFFFAOYSA-N,537.01,114
"N,N-dioctadecylhydroxylamine",CCCCCCCCCCCCCCCCCCN(CCCCCCCCCCCCCCCCCC)O,1947.0,123250-74-8,ITUWQZXQRZLLCR-UHFFFAOYSA-N,538.00,113
Ethylene glycol dipalmitate,CCCCCCCCCCCCCCCC(=O)OCCOC(=O)CCCCCCCCCCCCCCC,10946.0,624-03-3,IKVCSHRLYCDSFD-UHFFFAOYSA-N,538.90,104
N-(hexadecanoyl)-sphinganine,CCCCCCCCCCCCCCC[C@H]([C@H](CO)NC(=O)CCCCCCCCCCCCCCC)O,10407.0,5966-29-0,GCGTXOVNNFGTPQ-JHOUSYSJSA-N,539.93,107
"(1-Methylethylidene)bis(4,1-phenyleneoxy-2,1-ethanediyloxy-2,1-ethanediyl) bismethacrylate",CC(=C)C(=O)OCCOCCOC1=CC=C(C=C1)C(C)(C)C2=CC=C(C=C2)OCCOCCOC(=O)C(=C)C,10011.0,56744-60-6,NREFJJBCYMZUEK-UHFFFAOYSA-N,540.65,79
"2,2-Bis[(octanoyloxy)methyl]butyl decanoate",CCCCCCCCCC(=O)OCC(CC)(COC(=O)CCCCCCC)COC(=O)CCCCCCC,13219.0,73947-34-9,SRVFLHGEWWJTBH-UHFFFAOYSA-N,540.83,98
"1,3-Dipentadecanoylglycerol",CCCCCCCCCCCCCCC(=O)OCC(COC(=O)CCCCCCCCCCCCCC)O,1779.0,121957-69-5,HZEBMMLXOCVJNI-UHFFFAOYSA-N,540.87,102
"N,N,N',N'-Tetrakis(3-methylphenyl)-benzidine",CC1=CC(=CC=C1)N(C2=CC=C(C=C2)C3=CC=C(C=C3)N(C4=CC=CC(=C4)C)C5=CC=CC(=C5)C)C6=CC=CC(=C6)C,727.0,106614-54-4,ARRHCLZWLCVLRF-UHFFFAOYSA-N,544.74,78
Tris(5-tert-butyl-4-hydroxy-o-tolyl)butane,CCCC(C1=CC(=C(C=C1C)O)C(C)(C)C)(C2=CC(=C(C=C2C)O)C(C)(C)C)C3=CC(=C(C=C3C)O)C(C)(C)C,7748.0,35641-51-1,FCDMUZZVRLCTLQ-UHFFFAOYSA-N,544.82,92
"1,1,3-Tris(2-methyl-4-hydroxy-5-tert-butylphenyl)butane",CC1=CC(=C(C=C1C(C)CC(C2=CC(=C(C=C2C)O)C(C)(C)C)C3=CC(=C(C=C3C)O)C(C)(C)C)C(C)(C)C)O,4324.0,1843-03-4,PRWJPWSKLXYEPD-UHFFFAOYSA-N,544.82,92
Aminobacteriohopanetriol,C[C@H](CC[C@H]([C@H]([C@H](CN)O)O)O)[C@H]1CC[C@]2([C@H]1CC[C@@]3([C@@H]2CC[C@H]4[C@]3(CC[C@@H]5[C@@]4(CCCC5(C)C)C)C)C)C,15411.0,91683-32-8,DYJIJIUSBPCLMI-ZQPPIKFSSA-N,545.89,102
"1H-Isoindole-1,3(2H)-dione, 5,5'-[(1-methylethylidene)bis(4,1-phenyleneoxy)]bis[2-methyl-",CC(C)(C1=CC=C(C=C1)OC2=CC3=C(C=C2)C(=O)N(C3=O)C)C4=CC=C(C=C4)OC5=CC6=C(C=C5)C(=O)N(C6=O)C,9664.0,54395-52-7,QXYUOZCGMWHVJB-UHFFFAOYSA-N,546.58,67
"9,9-Bis[4-(2-acryloyloxyethoxy)phenyl]fluorene",C=CC(=O)OCCOC1=CC=C(C=C1)C2(C3=CC=CC=C3C4=CC=CC=C42)C5=CC=C(C=C5)OCCOC(=O)C=C,3715.0,161182-73-6,YCPMSWJCWKUXRH-UHFFFAOYSA-N,546.62,71
Antibiotic A-31438,CCC1C(C(C(C(=O)C(CC(C(C(C(C(C(=O)O1)C)OC2CC(C(C(O2)C)O)(C)O)C)O)(C)O)C)C)O)C,7648.0,34698-88-9,WWWXDCNRNMZGEN-UHFFFAOYSA-N,546.70,88
Tris(2-ethylhexyl) trimellitate,CCCCC(CC)COC(=O)C1=CC(=C(C=C1)C(=O)OCC(CC)CCCC)C(=O)OCC(CC)CCCC,7466.0,3319-31-1,KRADHMIOFJQKEZ-UHFFFAOYSA-N,546.79,93
Triisooctyl trimellitate,CC(C)CCCCCOC(=O)C1=CC(=C(C=C1)C(=O)OCCCCCC(C)C)C(=O)OCCCCCC(C)C,6469.0,27251-75-8,WDRCVXGINNJWPH-UHFFFAOYSA-N,546.79,93
"Trioctyl benzene-1,2,4-tricarboxylate",CCCCCCCCOC(=O)C1=CC(=C(C=C1)C(=O)OCCCCCCCC)C(=O)OCCCCCCCC,14919.0,89-04-3,JNXDCMUUZNIWPQ-UHFFFAOYSA-N,546.79,93
"2-Propenoic acid, 2-[1-[3,5-bis(1,1-dimethylpropyl)-2-hydroxyphenyl]ethyl]-4,6-bis(1,1-dimethylpropyl)phenyl ester",CCC(C)(C)C1=CC(=C(C(=C1)C(C)(C)CC)O)C(C)C2=C(C(=CC(=C2)C(C)(C)CC)C(C)(C)CC)OC(=O)C=C,1967.0,123968-25-2,STLLXWLDRUVCHL-UHFFFAOYSA-N,548.85,96
Pentaerythritol tetrabenzoate,C1=CC=C(C=C1)C(=O)OCC(COC(=O)C2=CC=CC=C2)(COC(=O)C3=CC=CC=C3)COC(=O)C4=CC=CC=C4,8424.0,4196-86-5,MINJAOUGXYRTEI-UHFFFAOYSA-N,552.58,69
"1,2-Bis(3,5-di-tert-butyl-4-hydroxyhydrocinnamoyl)hydrazine",CC(C)(C)C1=CC(=CC(=C1O)C(C)(C)C)CCC(=O)NNC(=O)CCC2=CC(=C(C(=C2)C(C)(C)C)O)C(C)(C)C,7391.0,32687-78-8,HCILJBJJZALOAL-UHFFFAOYSA-N,552.80,92
Propylene glycol dipalmitate,CCCCCCCCCCCCCCCC(=O)OCC(C)OC(=O)CCCCCCCCCCCCCCC,7530.0,33587-20-1,UWTZRBLIYNMYTC-UHFFFAOYSA-N,552.93,107
"Aspartic acid, N,N'-(methylenedi-4,1-cyclohexanediyl)bis-, 1,1',4,4'-tetraethyl ester",CCOC(=O)CC(C(=O)OCC)NC1CCC(CC1)CC2CCC(CC2)NC(CC(=O)OCC)C(=O)OCC,2730.0,136210-30-5,VLJCQQPKCXJKKM-UHFFFAOYSA-N,554.73,89
"2,6-Dimethyl-1,4-benzoquinone 4,4'-(O,O'-(methylenebis(p-phenyleneiminocarbonyl))dioxime)",CC1=CC(C=C(C1=O)C)NOC(=O)NC2=CC=C(C=C2)CC3=CC=C(C=C3)NC(=O)ONC4C=C(C(=O)C(=C4)C)C,14472.0,84030-01-3,OIYSPMYMEABXRN-UHFFFAOYSA-N,556.62,73
"9,10-Anthracenedione, 1-amino-2-[4-(1,1,3,3-tetramethylbutyl)phenoxy]-4-[(2,4,6-trimethylphenyl)amino]-",CC1=CC(=C(C(=C1)C)NC2=CC(=C(C3=C2C(=O)C4=CC=CC=C4C3=O)N)OC5=CC=C(C=C5)C(C)(C)CC(C)(C)C)C,12946.0,71701-33-2,RFROTQNVJNTBLU-UHFFFAOYSA-N,560.74,82
"4-[2-[4,4-Bis(tert-butylperoxy)cyclohexyl]propan-2-yl]-1,1-bis(tert-butylperoxy)cyclohexane",CC(C)(C)OOC1(CCC(CC1)C(C)(C)C2CCC(CC2)(OOC(C)(C)C)OOC(C)(C)C)OOC(C)(C)C,3997.0,1705-60-8,ZHKCHSNXUCRFSM-UHFFFAOYSA-N,560.81,99
4-((5-(Anilino)carbonyl-2-methoxyphenyl)azo)-3-hydroxy-N-(3-nitrophenyl)naphthalene-2-carboxamide,COC1=C(C=C(C=C1)C(=O)NC2=CC=CC=C2)N=NC3=C(C(=CC4=CC=CC=C43)C(=O)NC5=CC(=CC=C5)[N+](=O)[O-])O,11374.0,6448-96-0,GLZGTQYOWXFUNZ-UHFFFAOYSA-N,561.55,65
"N-(2,6-Diisopropylphenyl)-6-(4-(1,1,3,3-tetramethylbutyl)phenoxy)-1H-benzo(d,E)isoquinoline-1,3(2H)-dione",CC(C)C1=C(C(=CC=C1)C(C)C)N2C(=O)C3=C4C(=C(C=C3)OC5=CC=C(C=C5)C(C)(C)CC(C)(C)C)C=CC=C4C2=O,14635.0,852282-89-4,HLYXVMWDKPFROM-UHFFFAOYSA-N,561.77,85
"4,4'-(1,3,6,8-Tetrahydro-1,3,6,8-tetraoxobenzo(lmn)(3,8)phenanthroline-2,7-diyl)bisbenzoic acid, diethyl ester",CCOC(=O)C1=CC=C(C=C1)N2C(=O)C3=C4C(=CC=C5C4=C(C=C3)C(=O)N(C5=O)C6=CC=C(C=C6)C(=O)OCC)C2=O,2444.0,132459-54-2,VJGZSQFTKVTZJM-UHFFFAOYSA-N,562.53,64
Ethylene-N-palmitamide-N'-stearamide,CCCCCCCCCCCCCCCCCC(=O)NCCNC(=O)CCCCCCCCCCCCCCC,9217.0,5136-44-7,NGQRCILAEXOBRL-UHFFFAOYSA-N,564.98,112
2-Octyldodecyl stearate,CCCCCCCCCCCCCCCCCC(=O)OCC(CCCCCCCC)CCCCCCCCCC,5181.0,22766-82-1,HXVCOQUDJKMJQY-UHFFFAOYSA-N,565.02,116
"Isooctadecanoic acid, 2-octyldodecyl ester",CCCCCCCCCCC(CCCCCCCC)COC(=O)CCCCCCCCCCCCCCC(C)C,15623.0,93803-87-3,QNJOVLAFLJQFBF-UHFFFAOYSA-N,565.02,116
"1,8,15,22,29-Pentaazacyclopentatriacontane-2,9,16,23,30-pentone",C1CCC(=O)NCCCCCC(=O)NCCCCCC(=O)NCCCCCC(=O)NCCCCCC(=O)NCC1,14746.0,864-90-4,LYMDOCLKDKZTOG-UHFFFAOYSA-N,565.80,95
Dicetyl succinate,CCCCCCCCCCCCCCCCOC(=O)CCC(=O)OCCCCCCCCCCCCCCCC,8452.0,4219-53-8,LMBSJQLSUSUWQR-UHFFFAOYSA-N,566.95,110
2-[Hexadecyl(2-hydroxyethyl)amino]ethyl hexadecanoate,CCCCCCCCCCCCCCCCN(CCO)CCOC(=O)CCCCCCCCCCCCCCC,12773.0,70476-23-2,NCKRTNVOXUIHFY-UHFFFAOYSA-N,567.98,113
"1,2-Dipalmitoyl-sn-glycerol",CCCCCCCCCCCCCCCC(=O)OC[C@H](CO)OC(=O)CCCCCCCCCCCCCCC,7016.0,30334-71-5,JEJLGIQLPYYGEE-XIFFEERXSA-N,568.92,108
"1,2-Dipalmitoyl-rac-glycerol",CCCCCCCCCCCCCCCC(=O)OCC(CO)OC(=O)CCCCCCCCCCCCCCC,8253.0,40290-32-2,JEJLGIQLPYYGEE-UHFFFAOYSA-N,568.92,108
"Glyceryl 1,3-dipalmitate",CCCCCCCCCCCCCCCC(=O)OCC(COC(=O)CCCCCCCCCCCCCCC)O,9048.0,502-52-3,GFAZGHREJPXDMH-UHFFFAOYSA-N,568.92,108
"4-tert-Butyl-2-(5-tert-butyl-2-oxo-3H-benzofuran-3-yl)phenyl-3,5-di-tert-butyl-4-hydroxybenzoate",CC(C)(C)C1=CC2=C(C=C1)OC(=O)C2C3=C(C=CC(=C3)C(C)(C)C)OC(=O)C4=CC(=C(C(=C4)C(C)(C)C)O)C(C)(C)C,2069.0,1261240-30-5,BWBGTUYNAMKJAI-UHFFFAOYSA-N,570.77,88
"1,2,3-Propanetricarboxylic acid, 2-(acetyloxy)-, tris(2-ethylhexyl) ester",CCCCC(CC)COC(=O)CC(CC(=O)OCC(CC)CCCC)(C(=O)OCC(CC)CCCC)OC(=O)C,3111.0,144-15-0,FRDNONBEXWDRDM-UHFFFAOYSA-N,570.81,98
Dicetyl peroxydicarbonate,CCCCCCCCCCCCCCCCOC(=O)OOC(=O)OCCCCCCCCCCCCCCCC,6178.0,26322-14-5,QWVBGCWRHHXMRM-UHFFFAOYSA-N,570.90,106
"N-(2,3-Dihydro-2-oxo-1H-benzimidazol-5-yl)-3-hydroxy-4-((2-methoxy-5-((phenylamino)carbonyl)phenyl)azo)naphthalene-2-carboxamide",COC1=C(C=C(C=C1)C(=O)NC2=CC=CC=C2)N=NC3=C(C(=CC4=CC=CC=C43)C(=O)NC5=CC6=C(C=C5)NC(=O)N6)O,1825.0,12225-06-8,LOGJDHWBDGLMNO-UHFFFAOYSA-N,572.58,67
"23-(Nonylphenoxy)-3,6,9,12,15,18,21-heptaoxatricosan-1-ol",CCCCCCCCCC1=CC=C(C=C1)OCCOCCOCCOCCOCCOCCOCCOCCO,6441.0,27177-05-5,XXPRRHYTDCWGRP-UHFFFAOYSA-N,572.78,96
"[3,4,5-Triacetyloxy-6-[(3,4-diacetyloxy-6,8-dioxabicyclo[3.2.1]octan-2-yl)oxy]oxan-2-yl]methyl acetate",CC(=O)OCC1C(C(C(C(O1)OC2C3COC(O3)C(C2OC(=O)C)OC(=O)C)OC(=O)C)OC(=O)C)OC(=O)C,6770.0,28868-67-9,JPYANUNAAANZGA-UHFFFAOYSA-N,576.50,72
Ethylene Terephthalate Cyclic Trimer,C1COC(=O)C2=CC=C(C=C2)C(=O)OCCOC(=O)C3=CC=C(C=C3)C(=O)OCCOC(=O)C4=CC=C(C=C4)C(=O)O1,13341.0,7441-32-9,IICRGUKQYYOPIG-UHFFFAOYSA-N,576.51,66
Atractyloside I,CC1=C(C(=O)C[C@]2([C@H]1C[C@@H](CC2)C(C)(C)O[C@H]3[C@@H]([C@H]([C@@H]([C@H](O3)CO)O)O)O)C)O[C@H]4[C@@H]([C@H]([C@@H]([C@H](O4)CO)O)O)O,2066.0,126054-85-1,XMFJYFXSIKDRHJ-OJGKPVIHSA-N,576.64,84
Dipentaerythritol hexaacrylate,C=CC(=O)OCC(COCC(COC(=O)C=C)(COC(=O)C=C)COC(=O)C=C)(COC(=O)C=C)COC(=O)C=C,6881.0,29570-58-9,MPIAGWXWVAHQBB-UHFFFAOYSA-N,578.57,75
"N,N'-Methylenedistearamide",CCCCCCCCCCCCCCCCCC(=O)NCNC(=O)CCCCCCCCCCCCCCCCC,924.0,109-23-9,FTQWRYSLUYAIRQ-UHFFFAOYSA-N,579.01,115
"2-((3-((1-Oxoallyl)oxy)-2,2-bis(((1-oxoallyl)oxy)methyl)propoxy)methyl)-2-((1-oxopropoxy)methyl)-1,3-propanediyl diacrylate",CCC(=O)OCC(COCC(COC(=O)C=C)(COC(=O)C=C)COC(=O)C=C)(COC(=O)C=C)COC(=O)C=C,14389.0,83045-04-9,HIVQCJOGAHNXBO-UHFFFAOYSA-N,580.58,77
"[3-[3-[3-(2,3-Dihydroxypropoxy)-2-hydroxypropoxy]-2-hydroxypropoxy]-2-hydroxypropyl] octadecanoate",CCCCCCCCCCCCCCCCCC(=O)OCC(COCC(COCC(COCC(CO)O)O)O)O,11912.0,68004-11-5,FJRYZTSIHLRMMM-UHFFFAOYSA-N,580.80,100
"N,N'-1,2-Ethanediylbis[3,5-bis(1,1-dimethylethyl)-4-hydroxybenzenepropanamide]",CC(C)(C)C1=CC(=CC(=C1O)C(C)(C)C)CCC(=O)NCCNC(=O)CCC2=CC(=C(C(=C2)C(C)(C)C)O)C(C)(C)C,5228.0,23128-75-8,SIOCOHKVFYNZJP-UHFFFAOYSA-N,580.85,98
Polidocanol,CCCCCCCCCCCCOCCOCCOCCOCCOCCOCCOCCOCCOCCO,7061.0,3055-99-0,ONJQDTZCDSESIW-UHFFFAOYSA-N,582.82,102
"Phenol, 2-[4,6-bis(2,4-dimethylphenyl)-1,3,5-triazin-2-yl]-5-[3-[(2-ethylhexyl)oxy]-2-hydroxypropoxy]-",CCCCC(CC)COCC(COC1=CC(=C(C=C1)C2=NC(=NC(=N2)C3=C(C=C(C=C3)C)C)C4=C(C=C(C=C4)C)C)O)O,2797.0,137658-79-8,WYLMGXULBMHUDT-UHFFFAOYSA-N,583.77,88
"L-Leucine, L-leucyl-L-leucyl-L-leucyl-L-leucyl-",CC(C)C[C@@H](C(=O)N[C@@H](CC(C)C)C(=O)N[C@@H](CC(C)C)C(=O)N[C@@H](CC(C)C)C(=O)N[C@@H](CC(C)C)C(=O)O)N,10970.0,62526-42-5,WJWLSKXFWZTKQT-KEOOTSPTSA-N,583.82,98
Pentaerythrityl tetraheptanoate,CCCCCCC(=O)OCC(COC(=O)CCCCCC)(COC(=O)CCCCCC)COC(=O)CCCCCC,6013.0,25811-35-2,NCGQPNAQUYGWMI-UHFFFAOYSA-N,584.84,101
"1,5-Bis(2-ethylhexoxypropylaminocarbonylamino)naphthalene",CCCCC(CC)COCCCNC(=O)NC1=CC=CC2=C1C=CC=C2NC(=O)NCCCOCC(CC)CCCC,12897.0,71216-01-8,NZJJSYLOGZGJHU-UHFFFAOYSA-N,584.85,98
N-[4-(octadecylamino)-7-oxobenzo[e]perimidin-6-yl]butanamide,CCCCCCCCCCCCCCCCCCNC1=C2C3=C(C(=C1)NC(=O)CCC)C(=O)C4=CC=CC=C4C3=NC=N2,12430.0,6871-92-7,UOEZLWAZNDOUOU-UHFFFAOYSA-N,584.85,95
Triethylene glycol bis(3-tert-butyl-4-hydroxy-5-methylphenyl)propionate,CC1=CC(=CC(=C1O)C(C)(C)C)CCC(=O)OCCOCCOCCOC(=O)CCC2=CC(=C(C(=C2)C)O)C(C)(C)C,7842.0,36443-68-2,QSRJVOOOWGXUDY-UHFFFAOYSA-N,586.77,92
"2-Heptyl-3,4-bis(9-isocyanatononyl)-1-pentylcyclohexane",CCCCCCCC1C(CCC(C1CCCCCCCCCN=C=O)CCCCCCCCCN=C=O)CCCCC,12068.0,68239-06-5,AMUBKBXGFDIMDJ-UHFFFAOYSA-N,586.99,112
"2-Methyl-1,4-phenylene bis(4-(3-(acryloyloxy)propoxy)benzoate)",CC1=C(C=CC(=C1)OC(=O)C2=CC=C(C=C2)OCCCOC(=O)C=C)OC(=O)C3=CC=C(C=C3)OCCCOC(=O)C=C,4096.0,174063-87-7,ISSYGWIDLYOJEN-UHFFFAOYSA-N,588.61,75
"Trinonyl benzene-1,2,4-tricarboxylate",CCCCCCCCCOC(=O)C1=CC(=C(C=C1)C(=O)OCCCCCCCCC)C(=O)OCCCCCCCCC,7728.0,35415-27-1,ROPPTGKKZZDFJN-UHFFFAOYSA-N,588.87,102
Triisononyl trimellitate,CC(C)CCCCCCOC(=O)C1=CC(=C(C=C1)C(=O)OCCCCCCC(C)C)C(=O)OCCCCCCC(C)C,9577.0,53894-23-8,YPDXSCXISVYHOB-UHFFFAOYSA-N,588.87,102
"N,N'-Ethylenebisoleamide",CCCCCCCC/C=C\CCCCCCCC(=O)NCCNC(=O)CCCCCCC/C=C\CCCCCCCC,994.0,110-31-6,OXDXXMDEEFOVHR-CLFAGFIQSA-N,589.01,114
Stearyl erucamide,CCCCCCCCCCCCCCCCCCNC(=O)CCCCCCCCCCC/C=C\CCCCCCCC,143.0,10094-45-8,FUSNPOOETKRESL-ZPHPHTNESA-N,590.08,121
N-Erucylstearamide,CCCCCCCCCCCCCCCCCC(=O)NCCCCCCCCCCCC/C=C/CCCCCCCC,15804.0,95548-49-5,HDFGRGDDXJURFG-HTXNQAPBSA-N,590.08,121
"1,14,27-Triazacyclononatriacontane-2,15,28-trione",C1CCCCCC(=O)NCCCCCCCCCCCC(=O)NCCCCCCCCCCCC(=O)NCCCCC1,9298.0,51999-19-0,JVPCLRNAEMPAAP-UHFFFAOYSA-N,591.97,111
"N,N'-Ethylenebis(stearamide)",CCCCCCCCCCCCCCCCCC(=O)NCCNC(=O)CCCCCCCCCCCCCCCCC,993.0,110-30-5,RKISUIUJZGSLEV-UHFFFAOYSA-N,593.04,118
Stearyl behenate,CCCCCCCCCCCCCCCCCCCCCC(=O)OCCCCCCCCCCCCCCCCCC,5399.0,24271-12-3,GAQPWOABOQGPKA-UHFFFAOYSA-N,593.08,122
Stearic monoethanolamide stearate,CCCCCCCCCCCCCCCCCC(=O)NCCOC(=O)CCCCCCCCCCCCCCCCC,3097.0,14351-40-7,ZAYHEMRDHPVMSC-UHFFFAOYSA-N,594.02,117
N-icosanoylsphingosine,CCCCCCCCCCCCCCCCCCCC(=O)N[C@@H](CO)[C@@H](/C=C/CCCCCCCCCCCCC)O,13174.0,7344-02-7,XWBWIAOWSABHFI-NUKVNZTCSA-N,594.02,117
4-((2-((4-((2-((4-((2-Hydroxyethoxy)carbonyl)benzoyl)oxy)ethoxy)carbonyl)benzoyl)oxy)ethoxy)carbonyl)benzoic acid,C1=CC(=CC=C1C(=O)O)C(=O)OCCOC(=O)C2=CC=C(C=C2)C(=O)OCCOC(=O)C3=CC=C(C=C3)C(=O)OCCO,3972.0,16958-96-6,HAHOKCSDJHICOE-UHFFFAOYSA-N,594.53,69
"N,N'-Propane-1,3-diylbis[3-(3,5-DI-tert-butyl-4-hydroxyphenyl)propionamide]",CC(C)(C)C1=CC(=CC(=C1O)C(C)(C)C)CCC(=O)NCCCNC(=O)CCC2=CC(=C(C(=C2)C(C)(C)C)O)C(C)(C)C,12685.0,69851-61-2,KJEKRODBOPOEGG-UHFFFAOYSA-N,594.88,101
Dicetyl adipate,CCCCCCCCCCCCCCCCOC(=O)CCCCC(=O)OCCCCCCCCCCCCCCCC,6318.0,26720-21-8,RQIKFACUZHNEDV-UHFFFAOYSA-N,595.01,116
Bis(2-hexyldecyl) adipate,CCCCCCCCC(CCCCCC)COC(=O)CCCCC(=O)OCC(CCCCCC)CCCCCCCC,10123.0,57533-90-1,PPOZILIWLOFYOG-UHFFFAOYSA-N,595.01,116
Bis(1-methylpentadecyl) adipate,CCCCCCCCCCCCCCC(C)OC(=O)CCCCC(=O)OC(C)CCCCCCCCCCCCCC,10208.0,58262-41-2,FRBBYVCAMAHYTI-UHFFFAOYSA-N,595.01,116
Ethylene glycol distearate,CCCCCCCCCCCCCCCCCC(=O)OCCOC(=O)CCCCCCCCCCCCCCCCC,10996.0,627-83-8,FPVVYTCTZKCSOJ-UHFFFAOYSA-N,595.01,116
Diisohexadecyl adipate,CC(C)CCCCCCCCCCCCCOC(=O)CCCCC(=O)OCCCCCCCCCCCCCC(C)C,10410.0,59686-69-0,BHGAOGZUKUXCDC-UHFFFAOYSA-N,595.01,116
"19-Methyl-4,13,18-trioxo-2,15-bis[(prop-2-enoyloxy)methyl]-3,14,17-trioxa-5,12-diazaicos-19-en-1-yl 2-methylprop-2-enoate",CC(=C)C(=O)OCC(COC(=O)C=C)OC(=O)NCCCCCCNC(=O)OC(COC(=O)C=C)COC(=O)C(=C)C,15392.0,91105-84-9,CQZXJIWIPIOIGP-UHFFFAOYSA-N,596.63,82
"1,2-Propylene glycol, bis(isooctyl phthalate)",CC(C)CCCCCOC(=O)C1=CC=CC=C1C(=O)OCC(C)OC(=O)C2=CC=CC=C2C(=O)OCCCCCC(C)C,13096.0,72845-50-2,JRKKJXNVFVKEIH-UHFFFAOYSA-N,596.76,91
Trimethylolpropane tricaprate,CCCCCCCCCC(=O)OCC(CC)(COC(=O)CCCCCCCCC)COC(=O)CCCCCCCCC,13949.0,78-17-1,QQGBDFMKLXCNHD-UHFFFAOYSA-N,596.93,110
"2,9-Bis(3,5-dimethylphenyl)anthra(2,1,9-def:6,5,10-d'e'f')diisoquinoline-1,3,8,10(2H,9H)-tetrone",CC1=CC(=CC(=C1)N2C(=O)C3=C4C(=CC=C5C4=C(C=C3)C6=C7C5=CC=C8C7=C(C=C6)C(=O)N(C8=O)C9=CC(=CC(=C9)C)C)C2=O)C,8977.0,4948-15-6,FDXVHZCFTCIKDD-UHFFFAOYSA-N,598.66,72
"Anthra[2,1,9-def:6,5,10-d'e'f']diisoquinoline-1,3,8,10(2H,9H)-tetrone, 2,9-bis(2-phenylethyl)-",C1=CC=C(C=C1)CCN2C(=O)C3=C4C(=CC=C5C4=C(C=C3)C6=C7C5=CC=C8C7=C(C=C6)C(=O)N(C8=O)CCC9=CC=CC=C9)C2=O,11734.0,67075-37-0,IIKSFQIOFHBWSO-UHFFFAOYSA-N,598.66,72
"3,6,9,12,15,18,21,24,27,30-Decaoxatetracontan-1-ol",CCCCCCCCCCOCCOCCOCCOCCOCCOCCOCCOCCOCCOCCO,4356.0,18554-67-1,DJPHBXSFUOFPSJ-UHFFFAOYSA-N,598.82,103
"Bis(2-(2-(heptan-3-yl)oxazolidin-3-yl)ethyl) hexane-1,6-diyldicarbamate",CCCCC(CC)C1N(CCO1)CCOC(=O)NCCCCCCNC(=O)OCCN2CCOC2C(CC)CCCC,2959.0,140921-24-0,GLHIIWCTJKBGGM-UHFFFAOYSA-N,598.87,104
"N2,N4-Dibutyl-N2,N4-bis(1,2,2,6,6-pentamethylpiperidin-4-yl)-6-(pyrrolidin-1-yl)-1,3,5-triazine-2,4-diamine",CCCCN(C1CC(N(C(C1)(C)C)C)(C)C)C2=NC(=NC(=N2)N3CCCC3)N(CCCC)C4CC(N(C(C4)(C)C)C)(C)C,3989.0,1702355-94-9,TWRXLSBOPJJNHZ-UHFFFAOYSA-N,598.97,109
"9,10-Anthracenedione, 1,1'-((6-phenyl-1,3,5-triazine-2,4-diyl)diimino)bis-",C1=CC=C(C=C1)C2=NC(=NC(=N2)NC3=CC=CC4=C3C(=O)C5=CC=CC=C5C4=O)NC6=CC=CC7=C6C(=O)C8=CC=CC=C8C7=O,8332.0,4118-16-5,MVIFQPPFCHUSIH-UHFFFAOYSA-N,599.61,67
"2,2-Bis(p-(2-glycidyloxy-3-butoxypropyloxy)phenyl)propane",CCCCOCC(COC1=CC=C(C=C1)C(C)(C)C2=CC=C(C=C2)OCC(COCCCC)OCC3CO3)OCC4CO4,12879.0,71033-08-4,OGJYOKDCDJTEGM-UHFFFAOYSA-N,600.79,95
"2,6-Bis((2-hydroxy-5-methyl-3-nonylphenyl)methyl)-4-methylphenol",CCCCCCCCCC1=C(C(=CC(=C1)C)CC2=CC(=CC(=C2O)CC3=CC(=CC(=C3O)CCCCCCCCC)C)C)O,4029.0,17201-15-9,VLBZQNHLWMFCEI-UHFFFAOYSA-N,600.93,104
"Anthra[2,1,9-def:6,5,10-d'e'f']diisoquinoline-1,3,8,10(2H,9H)-tetrone, 2,9-bis(4-methoxyphenyl)-",COC1=CC=C(C=C1)N2C(=O)C3=C4C(=CC=C5C4=C(C=C3)C6=C7C5=CC=C8C7=C(C=C6)C(=O)N(C8=O)C9=CC=C(C=C9)OC)C2=O,11314.0,6424-77-7,VZFVREBNFMQPSI-UHFFFAOYSA-N,602.60,68
"7-Oxa-3,20-diazadispiro(5.1.11.2)heneicosane-20-propanoic acid, 2,2,4,4-tetramethyl-21-oxo-, dodecyl ester",CCCCCCCCCCCCOC(=O)CCN1C(=O)C2(CC(NC(C2)(C)C)(C)C)OC13CCCCCCCCCCC3,14600.0,85099-51-0,FDCDWHGYQOJMTQ-UHFFFAOYSA-N,604.96,111
Propylene glycol dioleate,CCCCCCCC/C=C\CCCCCCCC(=O)OCC(C)OC(=O)CCCCCCC/C=C\CCCCCCCC,574.0,105-62-4,UMHYVXGZRGOICM-AUYXYSRISA-N,605.00,115
Tritetracontane,CCCCCCCCCCCCCCCCCCCCCCCCCCCCCCCCCCCCCCCCCCC,12854.0,7098-21-7,PKBVGJFKBPLWOD-UHFFFAOYSA-N,605.18,131
"3,5,24-Trimethyltetracontane",CCCCCCCCCCCCCCCCC(C)CCCCCCCCCCCCCCCCCCC(C)CC(C)CC,9772.0,55162-61-3,DODFNNITPNHMKT-UHFFFAOYSA-N,605.18,131
"4,4'-[1,4-Phenylenebis(carbonyloxybutane-4,1-diyloxycarbonyl)]dibenzoic acid",C1=CC(=CC=C1C(=O)O)C(=O)OCCCCOC(=O)C2=CC=C(C=C2)C(=O)OCCCCOC(=O)C3=CC=C(C=C3)C(=O)O,11709.0,66885-76-5,BHMFRRBMONBZNQ-UHFFFAOYSA-N,606.58,74
Propylene glycol distearate,CCCCCCCCCCCCCCCCCC(=O)OCC(C)OC(=O)CCCCCCCCCCCCCCCCC,10806.0,6182-11-2,JEMDXOYRWHZUCG-UHFFFAOYSA-N,609.03,119
Muricatin A,CCCCCCCCCC(CCCCC(C(CCC(C1CCC(O1)CCCCCC(CC2=CC(OC2=O)C)O)O)O)O)O,3660.0,160262-48-6,PUEQYPBAQMXBCO-UHFFFAOYSA-N,612.89,107
"2,6-Bis(1-methylheptadecyl)-p-cresol",CCCCCCCCCCCCCCCCC(C)C1=CC(=CC(=C1O)C(C)CCCCCCCCCCCCCCCC)C,9044.0,5012-62-4,GXUYCJJDHBJKHA-UHFFFAOYSA-N,613.11,124
4-[[2-methoxy-4-[3-methoxy-4-[(3-methyl-5-oxo-1-phenyl-4H-pyrazol-4-yl)diazenyl]phenyl]phenyl]diazenyl]-5-methyl-2-phenyl-4H-pyrazol-3-one,CC1=NN(C(=O)C1N=NC2=C(C=C(C=C2)C3=CC(=C(C=C3)N=NC4C(=NN(C4=O)C5=CC=CC=C5)C)OC)OC)C6=CC=CC=C6,11508.0,6505-29-9,ROBHRZYBQRKAQY-UHFFFAOYSA-N,614.67,76
"N4,N4'-Bis(4-ethylphenyl)-3,3'-dimethyl-N4,N4'-bis(4-methylphenyl)-[1,1'-biphenyl]-4,4'-diamine",CCC1=CC=C(C=C1)N(C2=CC=C(C=C2)C)C3=C(C=C(C=C3)C4=CC(=C(C=C4)N(C5=CC=C(C=C5)CC)C6=CC=C(C=C6)CC)C)C,1382.0,115310-63-9,YKKBMBURKDURJK-UHFFFAOYSA-N,614.88,93
Dihexadecyl phthalate,CCCCCCCCCCCCCCCCOC(=O)C1=CC=CC=C1C(=O)OCCCCCCCCCCCCCCCC,2541.0,13372-18-4,WKXCGJKBBBBNPF-UHFFFAOYSA-N,615.00,114
Nonaethylene glycol nonylphenyl ether,CCCCCCCCCC1=CC=C(C=C1)OCCOCCOCCOCCOCCOCCOCCOCCOCCO,6268.0,26571-11-9,FBWNMEQMRUMQSO-UHFFFAOYSA-N,616.83,103
"1,3-Dilinolein",CCCCC/C=C\C/C=C\CCCCCCCC(=O)OCC(O)COC(=O)CCCCCCC/C=C\C/C=C\CCCCC,3599.0,15818-46-9,LYPGMYIQHDZFFD-MAZCIEHSSA-N,616.97,112
"4', 4'', 4'''-Tribenzoyl-1,3,5-triphenylbenzene",C1=CC=C(C=C1)C(=O)C2=CC=C(C=C2)C3=CC(=CC(=C3)C4=CC=C(C=C4)C(=O)C5=CC=CC=C5)C6=CC=C(C=C6)C(=O)C7=CC=CC=C7,5174.0,227099-60-7,WOOBPQGYVSIZEF-UHFFFAOYSA-N,618.73,78
rac 1-Oleoyl-3-linoleoylglycerol,CCCCCCCC/C=C\CCCCCCCC(=O)OCC(COC(=O)CCCCCCC/C=C\C/C=C\CCCCC)O,520.0,104346-53-4,GREDRAMJRDQWEJ-LTEAFHAISA-N,618.98,114
"1,4-Butanediol dioleate",CCCCCCCC/C=C\CCCCCCCC(=O)OCCCCOC(=O)CCCCCCC/C=C\CCCCCCCC,8229.0,39903-07-6,QHTMZVKRYQAWHB-CLFAGFIQSA-N,619.03,118
"Piperazine, 1,4-bis(1-oxooctadecyl)-",CCCCCCCCCCCCCCCCCC(=O)N1CCN(CC1)C(=O)CCCCCCCCCCCCCCCCC,9544.0,53575-22-7,SBZUEZTWHOASHE-UHFFFAOYSA-N,619.08,122
2-Decyltetradecyl (9Z)-9-octadecenoate,CCCCCCCCCCCCC(CCCCCCCCCC)COC(=O)CCCCCCC/C=C\CCCCCCCC,2074.0,126257-84-9,MPSBEDPWIROQBM-FCQUAONHSA-N,619.12,126
Tetratetracontane,CCCCCCCCCCCCCCCCCCCCCCCCCCCCCCCCCCCCCCCCCCCC,12855.0,7098-22-8,KMXFZRSJMDYPPG-UHFFFAOYSA-N,619.20,134
Arachidyl behenylamide,CCCCCCCCCCCCCCCCCCCCCC(=O)NCCCCCCCCCCCCCCCCCCCC,2395.0,1320-64-5,KGRCFOJNNSTSIT-UHFFFAOYSA-N,620.15,129
Ethylene Terephthalate Cyclic Trimer Derivative,C1COC(=O)C2=CC=C(C=C2)C(=O)OCCOC(=O)C3=CC=C(C=C3)C(=O)OCCOC(=O)C4=CC=C(C=C4)C(=O)OCCO1,14827.0,873422-64-1,LYJWKXGJGUBTEL-UHFFFAOYSA-N,620.56,73
"Butanamide, 2,2'-((3,3'-dimethoxy(1,1'-biphenyl)-4,4'-diyl)bis(2,1-diazenediyl))bis(3-oxo-N-phenyl-",CC(=O)C(C(=O)NC1=CC=CC=C1)N=NC2=C(C=C(C=C2)C3=CC(=C(C=C3)N=NC(C(=O)C)C(=O)NC4=CC=CC=C4)OC)OC,11507.0,6505-28-8,DMPXHEMGDYKSFL-UHFFFAOYSA-N,620.67,78
"1,3-Diolein",CCCCCCCC/C=C\CCCCCCCC(=O)OCC(O)COC(=O)CCCCCCC/C=C\CCCCCCCC,5494.0,2465-32-9,DRAWQKGUORNASA-CLFAGFIQSA-N,621.00,116
Glyceryl dioleate,CCCCCCCCC=CCCCCCCCC(=O)OCC(COC(=O)CCCCCCCC=CCCCCCCCC)O,5932.0,25637-84-7,DRAWQKGUORNASA-UHFFFAOYSA-N,621.00,116
"2,5-Diheptadecylhexanediamide",CCCCCCCCCCCCCCCCCC(CCC(CCCCCCCCCCCCCCCCC)C(=O)N)C(=O)N,6830.0,29271-29-2,NRSICPRMQCYECQ-UHFFFAOYSA-N,621.09,124
2-[(2-Hydroxyethyl)octadecylamino]ethyl stearate,CCCCCCCCCCCCCCCCCCN(CCO)CCOC(=O)CCCCCCCCCCCCCCCCC,9373.0,52497-24-2,KHYNLKWLPONHOE-UHFFFAOYSA-N,624.09,125
Narcissin,C[C@H]1[C@@H]([C@H]([C@H]([C@@H](O1)OC[C@@H]2[C@H]([C@@H]([C@H]([C@@H](O2)OC3=C(OC4=CC(=CC(=C4C3=O)O)O)C5=CC(=C(C=C5)O)OC)O)O)O)O)O)O,10513.0,604-80-8,UIDGLYUNOUKLBM-GEBJFKNCSA-N,624.55,76
"2-((2-Methyl-1-oxoallyl)oxy)-1-(((2-methyl-1oxoallyl)oxy)methyl)ethyl 2,9-diaza-16-methyl-12-(((2-methyl-1-oxoallyl)oxy)methyl)-11,14-dioxa-10,15-dioxoheptadec-16-enoate",CC(=C)C(=O)OCC(COC(=O)C(=C)C)OC(=O)NCCCCCCNC(=O)OC(COC(=O)C(=C)C)COC(=O)C(=C)C,14258.0,80937-22-0,BACDBWDUQSFNCF-UHFFFAOYSA-N,624.68,88
Bisphenol a dimer diglycidyl ether,CC(C)(C1=CC=C(C=C1)OCC2CO2)C3=CC=C(C=C3)OCC(COC4=CC=C(C=C4)C(C)(C)C5=CC=C(C=C5)OCC6CO6)O,8912.0,47861-93-8,DLYGWHUJQCJNSR-UHFFFAOYSA-N,624.77,90
"1,2-Distearoyl-rac-glycerol",CCCCCCCCCCCCCCCCCC(=O)OCC(CO)OC(=O)CCCCCCCCCCCCCCCCC,16186.0,1323-83-7,UHUSDOQQWJGJQS-UHFFFAOYSA-N,625.03,120
"Octadecanamide, N,N'-1,2-ethanediylbis[12-hydroxy-",CCCCCCC(CCCCCCCCCCC(=O)NCCNC(=O)CCCCCCCCCCC(CCCCCC)O)O,1909.0,123-26-2,YLWQQYRYYZPZLJ-UHFFFAOYSA-N,625.04,120
"Benzenamine, 4,4'-cyclohexylidenebis[N,N-bis(4-methylphenyl)-",CC1=CC=C(C=C1)N(C2=CC=C(C=C2)C)C3=CC=C(C=C3)C4(CCCCC4)C5=CC=C(C=C5)N(C6=CC=C(C=C6)C)C7=CC=C(C=C7)C,10242.0,58473-78-2,ZOKIJILZFXPFTO-UHFFFAOYSA-N,626.89,94
"Phenol, 2,2'-[6-(2,4-dibutoxyphenyl)-1,3,5-triazine-2,4-diyl]bis[5-butoxy-",CCCCOC1=CC(=C(C=C1)C2=NC(=NC(=N2)C3=C(C=C(C=C3)OCCCC)OCCCC)C4=C(C=C(C=C4)OCCCC)O)O,4836.0,208343-47-9,DRXGKQPTFWTTJW-UHFFFAOYSA-N,629.80,93
"2,9-Bis(4-ethoxyphenyl)anthra(2,1,9-def:6,5,10-d'e'f')diisoquinoline-1,3,8,10(2H,9H)-tetrone",CCOC1=CC=C(C=C1)N2C(=O)C3=C4C(=CC=C5C4=C(C=C3)C6=C7C5=CC=C8C7=C(C=C6)C(=O)N(C8=O)C9=CC=C(C=C9)OCC)C2=O,5367.0,24108-89-2,SUAFEKASGNVLFQ-UHFFFAOYSA-N,630.66,74
"2,9-Bis(p-methoxybenzyl)anthra(2,1,9-def:6,5,10-d'e'f')diisoquinoline-1,3,8,10(2H,9H)-tetrone",COC1=CC=C(C=C1)CN2C(=O)C3=C4C(=CC=C5C4=C(C=C3)C6=C7C5=CC=C8C7=C(C=C6)C(=O)N(C8=O)CC9=CC=C(C=C9)OC)C2=O,14410.0,83524-75-8,LQDAMBYDGRGJGA-UHFFFAOYSA-N,630.66,74
Triisodecyl trimellitate,CC(C)CCCCCCCOC(=O)C1=CC(=C(C=C1)C(=O)OCCCCCCCC(C)C)C(=O)OCCCCCCCC(C)C,7868.0,36631-30-8,FJFYFBRNDHRTHL-UHFFFAOYSA-N,630.95,111
"7-Oxa-3,20-diazadispiro(5.1.11.2)heneicosane-20-propanoic acid, 2,2,4,4-tetramethyl-21-oxo-, tetradecyl ester",CCCCCCCCCCCCCCOC(=O)CCN1C(=O)C2(CC(NC(C2)(C)C)(C)C)OC13CCCCCCCCCCC3,14599.0,85099-50-9,OLBWDGJTEXRJLY-UHFFFAOYSA-N,633.01,117
Neopentyl glycol dioleate,CCCCCCCC/C=C\CCCCCCCC(=O)OCC(COC(=O)CCCCCCC/C=C\CCCCCCCC)(C)C,8461.0,42222-50-4,AMZKGJLFYCZDMJ-WRBBJXAJSA-N,633.05,121
Diethylenetriamine distearamide,CCCCCCCCCCCCCCCCCC(=O)NCCNCCNC(=O)CCCCCCCCCCCCCCCCC,325.0,10220-90-3,XFRHMVNVCKLHSW-UHFFFAOYSA-N,636.11,126
"Phenanthro(2'',1'',10'':4,5,6: 7'',8'',9'':4',5',6')diisoquino(2,1-a:2',1'-a')diperimidine-8,13-dione",C1=CC2=C3C(=C1)N=C4C5=C6C(=CC=C7C6=C(C=C5)C8=C9C7=CC=C1C9=C(C=C8)C5=NC6=CC=CC7=C6C(=CC=C7)N5C1=O)C(=O)N4C3=CC=C2,8395.0,41635-87-4,VTLXZLNLMZETPM-UHFFFAOYSA-N,636.67,70
"Anthra(2'',1'',9'':4,5,6: 6'',5'',10'':4',5',6')diisoquino(2,1-a:2',1'-a')diperimidine-12,25-dione",C1=CC2=C3C(=C1)N=C4C5=C6C(=CC=C7C6=C(C=C5)C8=CC=C9C1=C(C=CC7=C81)C1=NC5=CC=CC6=C5C(=CC=C6)N1C9=O)C(=O)N4C3=CC=C2,12344.0,6859-32-1,MDFFDZMXEZGZPB-UHFFFAOYSA-N,636.67,70
"23-Hydroxy-3,6,9,12,15,18,21-heptaoxatricos-1-yl octadecanoate",CCCCCCCCCCCCCCCCCC(=O)OCCOCCOCCOCCOCCOCCOCCOCCO,12811.0,70802-40-3,MOKBFXZQXUZAMV-UHFFFAOYSA-N,636.91,112
"Benzenepropanamide, N,N'-1,6-hexanediylbis(3,5-bis(1,1-dimethylethyl)-4-hydroxy-",CC(C)(C)C1=CC(=CC(=C1O)C(C)(C)C)CCC(=O)NCCCCCCNC(=O)CCC2=CC(=C(C(=C2)C(C)(C)C)O)C(C)(C)C,5227.0,23128-74-7,OKOBUGCCXMIKDM-UHFFFAOYSA-N,636.96,110
Propylene bis(3-octyloxiran-2-octanoate),CCCCCCCCC1C(O1)CCCCCCCC(=O)OCC(C)OC(=O)CCCCCCCC2C(O2)CCCCCCCC,11851.0,67860-05-3,GQIQPZPZQNIQGQ-UHFFFAOYSA-N,637.00,117
"Isooctadecanoic acid, 1,1'-(2,2-dimethyl-1,3-propanediyl) ester",CC(C)CCCCCCCCCCCCCCC(=O)OCC(C)(C)COC(=O)CCCCCCCCCCCCCCC(C)C,972.0,109884-54-0,AWNFRSYMBMFGLK-UHFFFAOYSA-N,637.09,125
Ethylene Terephthalate Linear Trimer,C1=CC(=CC=C1C(=O)OCCO)C(=O)OCCOC(=O)C2=CC=C(C=C2)C(=O)OCCOC(=O)C3=CC=C(C=C3)C(=O)OCCO,3663.0,16033-73-1,BDKHZINHSZZFHS-UHFFFAOYSA-N,638.58,76
"2,2-Bis({[3-(4-ethylpiperazin-1-yl)propanoyl]oxy}methyl)butyl 3-(4-ethylpiperazin-1-yl)propanoate",CCC(COC(=O)CCN1CCN(CC1)CC)(COC(=O)CCN2CCN(CC2)CC)COC(=O)CCN3CCN(CC3)CC,2137.0,127929-37-7,RVEWQNPHEXHOOJ-UHFFFAOYSA-N,638.89,107
"Hexamethylene bis[3-(3,5-di-tert-butyl-4-hydroxyphenyl)propionate]",CC(C)(C)C1=CC(=CC(=C1O)C(C)(C)C)CCC(=O)OCCCCCCOC(=O)CCC2=CC(=C(C(=C2)C(C)(C)C)O)C(C)(C)C,7686.0,35074-77-2,ZVVFVKJZNVSANF-UHFFFAOYSA-N,638.93,108
Trilaurin,CCCCCCCCCCCC(=O)OCC(COC(=O)CCCCCCCCCCC)OC(=O)CCCCCCCCCCC,9556.0,538-24-9,VMPHSYLJUKZBJJ-UHFFFAOYSA-N,639.02,119
Diethylene glycol distearate,CCCCCCCCCCCCCCCCCC(=O)OCCOCCOC(=O)CCCCCCCCCCCCCCCCC,925.0,109-30-8,YKDMBTQVKVEMSA-UHFFFAOYSA-N,639.06,123
Diisostearyl malate,CC(C)CCCCCCCCCCCCCCCOC(=O)CC(C(=O)OCCCCCCCCCCCCCCCC(C)C)O,11822.0,67763-18-2,HGKOWIQVWAQWDS-UHFFFAOYSA-N,639.06,123
"Glyceryl 2-lactate 1,3-palmitate",CCCCCCCCCCCCCCCC(=O)OCC(COC(=O)CCCCCCCCCCCCCCC)OC(=O)C(C)O,3354.0,150516-68-0,DIQIFCKMXBRTBD-UHFFFAOYSA-N,640.99,117
"4,4'-((3,3'-Dimethoxy(1,1'-biphenyl)-4,4'-diyl)bis(azo))bis(2,4-dihydro-5-methyl-2-(p-tolyl)-3H-pyrazol-3-one)",CC1=CC=C(C=C1)N2C(=O)C(C(=N2)C)N=NC3=C(C=C(C=C3)C4=CC(=C(C=C4)N=NC5C(=NN(C5=O)C6=CC=C(C=C6)C)C)OC)OC,12454.0,6883-91-6,CMBVJWXIWKNGIL-UHFFFAOYSA-N,642.72,82
Hexadecyl octadecyl phthalate,CCCCCCCCCCCCCCCCCCOC(=O)C1=CC=CC=C1C(=O)OCCCCCCCCCCCCCCCC,11269.0,64084-40-8,BGJQSDSYIDKLTR-UHFFFAOYSA-N,643.05,120
"Benzoic acid, 4-(4,5-dihydro-4-(1H-indol-3-ylmethylene)-5-oxo-2-phenyl-1H-imidazol-1-yl)-, ((2-hydroxyphenyl)((2-methylphenyl)azo)methylene)hydrazide",CC1=CC=CC=C1N=N/C(=N/NC(=O)C2=CC=C(C=C2)N3C(=N/C(=C/C4=CNC5=CC=CC=C54)/C3=O)C6=CC=CC=C6)/C7=CC=CC=C7O,2586.0,134248-58-1,AYJSGPOYXHJYTD-XZKUPBOASA-N,643.71,78
Erucyl erucamide,CCCCCCCC/C=C\CCCCCCCCCCCCNC(=O)CCCCCCCCCCC/C=C\CCCCCCCC,14808.0,87075-61-4,ABCFHTQGKNXCHE-CLFAGFIQSA-N,644.17,131
"1,1'-[(Phenylmethylene)bis[(2-methoxy-4,1-phenylene)azo]]bis(2-naphthol)",COC1=C(C=CC(=C1)C(C2=CC=CC=C2)C3=CC(=C(C=C3)N=NC4=C(C=CC5=CC=CC=C54)O)OC)N=NC6=C(C=CC7=CC=CC=C76)O,11480.0,6483-64-3,ICECDSOIPJGLDP-UHFFFAOYSA-N,644.73,81
(Z)-N-[6-[[(Z)-octadec-9-enoyl]amino]hexyl]octadec-9-enamide,CCCCCCCC/C=C\CCCCCCCC(=O)NCCCCCCNC(=O)CCCCCCC/C=C\CCCCCCCC,11018.0,6283-37-0,QRIKMBDKRJXWBV-CLFAGFIQSA-N,645.11,126
"N,N'-Di[(9Z)-octadec-9-en-1-yl]hexanediamide",CCCCCCCC/C=C\CCCCCCCCNC(=O)CCCCC(=O)NCCCCCCCC/C=C\CCCCCCCC,14715.0,85888-37-5,FOZDUYPQLBGEKB-CLFAGFIQSA-N,645.11,126
Vat brown 1,C1=CC=C2C(=C1)C(=O)C3=C(C2=O)C4=C(C=C3)C5=C6C7=C(C8=C(C=C7)C(=O)C9=CC=CC=C9C8=O)NC6=C1C(=C5N4)C(=O)C2=CC=CC=C2C1=O,5516.0,2475-33-4,DCYIADGZPJOOFN-UHFFFAOYSA-N,646.61,68
"Dinaphtho(2,3-i:2',3'-i')benzo(1,2-a:4,5-a')dicarbazole-5,7,12,17,19,24(6H,18H)-hexone",C1=CC=C2C(=C1)C(=O)C3=C(C2=O)C4=C(C=C3)C5=C(N4)C6=C(C=C5)C(=O)C7=C(C6=O)C=CC8=C7NC9=C8C=CC1=C9C(=O)C2=CC=CC=C2C1=O,5002.0,2172-33-0,CVWSULASWLZVCH-UHFFFAOYSA-N,646.61,68
Oxtoxynol-10,CC(C)(C)CC(C)(C)C1=CC=C(C=C1)OCCOCCOCCOCCOCCOCCOCCOCCOCCOCCO,15222.0,9041-29-6,IVKNZCBNXPYYKL-UHFFFAOYSA-N,646.86,107
"1,6-Hexanediyl dioleate",CCCCCCCC/C=C\CCCCCCCC(=O)OCCCCCCOC(=O)CCCCCCC/C=C\CCCCCCCC,4907.0,21224-03-3,ZNRNSKNVPBUUNI-CLFAGFIQSA-N,647.08,124
Dioleyl adipate,CCCCCCCC/C=C/CCCCCCCCOC(=O)CCCCC(=O)OCCCCCCCC/C=C\CCCCCCCC,8289.0,40677-77-8,QZULIRBSQUIUTA-YAFCTCPESA-N,647.08,124
Cer(d18:1/24:1(15Z)),CCCCCCCCCCCCC/C=C/[C@H]([C@H](CO)NC(=O)CCCCCCCCCCCCC/C=C\CCCCCCCC)O,16222.0,208650-37-7,VJSBNBBOSZJDKB-KPEYJIHVSA-N,648.11,127
"N,N'-Dioctadecyladipamide",CCCCCCCCCCCCCCCCCCNC(=O)CCCCC(=O)NCCCCCCCCCCCCCCCCCC,5757.0,25151-31-9,QIJSQGXDFAYEAF-UHFFFAOYSA-N,649.15,130
"N,N'-Hexane-1,6-diyldistearamide",CCCCCCCCCCCCCCCCCC(=O)NCCCCCCNC(=O)CCCCCCCCCCCCCCCCC,8327.0,4112-25-8,SLZWSYPJQQIDJB-UHFFFAOYSA-N,649.15,130
Behenyl behenate,CCCCCCCCCCCCCCCCCCCCCCOC(=O)CCCCCCCCCCCCCCCCCCCCC,4160.0,17671-27-1,NJIMZDGGLTUCPX-UHFFFAOYSA-N,649.19,134
Diheptylundecyl adipate,CCCCCCCCCC(CCCCCCC)COC(=O)CCCCC(=O)OCC(CCCCCCC)CCCCCCCCC,3489.0,155613-91-5,ATAJZVDXFMMOFG-UHFFFAOYSA-N,651.11,128
Diisostearyl adipate,CC(C)CCCCCCCCCCCCCCCOC(=O)CCCCC(=O)OCCCCCCCCCCCCCCCC(C)C,10960.0,62479-36-1,GFRHRWJBYWRSJE-UHFFFAOYSA-N,651.11,128
"Bis[(R)-12-hydroxyoleic] acid, diester with glycerol",CCCCCCC(CC=CCCCCCCCC(=O)OCC(COC(=O)CCCCCCCC=CCC(CCCCCC)O)O)O,6593.0,27902-24-5,SUEGNWDYVDUYBZ-UHFFFAOYSA-N,653.00,118
"dioctadecyl (2R,3R)-2,3-dihydroxybutanedioate",CCCCCCCCCCCCCCCCCCOC(=O)[C@@H]([C@H](C(=O)OCCCCCCCCCCCCCCCCCC)O)O,4215.0,17977-66-1,RYGCHSSZXHQCEJ-XPSQVAKYSA-N,655.06,124
"Pentaerythritol bis(3,5-di-tert-butyl-4-hydroxyhydrocinnamate)",CC(C)(C)C1=CC(=CC(=C1O)C(C)(C)C)CCC(=O)OCC(CO)(CO)COC(=O)CCC2=CC(=C(C(=C2)C(C)(C)C)O)C(C)(C)C,7904.0,36913-60-7,MFSAJLWSXLIOHZ-UHFFFAOYSA-N,656.90,107
Bisoctrizole,CC(C)(C)CC(C)(C)C1=CC(=C(C(=C1)N2N=C3C=CC=CC3=N2)O)CC4=C(C(=CC(=C4)C(C)(C)CC(C)(C)C)N5N=C6C=CC=CC6=N5)O,444.0,103597-45-1,FQUNFJULCYSSOP-UHFFFAOYSA-N,658.89,99
2''-O-Rhamnosylicariside II,C[C@H]1[C@@H]([C@H]([C@H]([C@@H](O1)O[C@@H]2[C@@H]([C@H]([C@@H](O[C@H]2OC3=C(OC4=C(C(=CC(=C4C3=O)O)O)CC=C(C)C)C5=CC=C(C=C5)OC)C)O)O)O)O)O,2682.0,135293-13-9,TVBJKPLTBPGHDJ-ZJTKNEERSA-N,660.67,87
"Cyclotris(1,4-butylene Terephthalate)",C1CCOC(=O)C2=CC=C(C=C2)C(=O)OCCCCOC(=O)C3=CC=C(C=C3)C(=O)OCCCCOC(=O)C4=CC=C(C=C4)C(=O)OC1,11145.0,63440-94-8,HRNLXZWSSMMFMP-UHFFFAOYSA-N,660.67,84
"[5-[[3-(2H-Benzotriazol-2-yl)-2-hydroxy-5-(1,1,3,3-tetramethylbutyl)phenyl]methyl]-2-hydroxy-4-(octyloxy)phenyl]phenylmethanone",CCCCCCCCOC1=CC(=C(C=C1CC2=C(C(=CC(=C2)C(C)(C)CC(C)(C)C)N3N=C4C=CC=CC4=N3)O)C(=O)C5=CC=CC=C5)O,3745.0,162245-07-0,IKVDJWHQFRZZOT-UHFFFAOYSA-N,661.89,100
Pentol,CCCCCCCC/C=C\CCCCCCCC(=O)OCC(COC(=O)CCCCCCC/C=C\CCCCCCCC)(CO)CO,5758.0,25151-96-6,BJXXCOMGRRCAGN-CLFAGFIQSA-N,665.05,123
"N,N''-Propane-1,3-diylbis[N'-octadecylurea]",CCCCCCCCCCCCCCCCCCNC(=O)NCCCNC(=O)NCCCCCCCCCCCCCCCCCC,7751.0,35674-65-8,UZXKVMHAGOJYHP-UHFFFAOYSA-N,665.15,131
Calcoloid Olive R,C1=CC=C(C=C1)C(=O)NC2=C3C(=C4C(=C2)C5=CC(=C6C(=C5N4)C(=O)C7=CC=CC=C7C6=O)NC(=O)C8=CC=CC=C8)C(=O)C9=CC=CC=C9C3=O,5319.0,2379-81-9,OXEFCDNMUKTKDV-UHFFFAOYSA-N,665.66,74
Pentaerythritol Distearate,CCCCCCCCCCCCCCCCCC(=O)OCC(CO)(CO)COC(=O)CCCCCCCCCCCCCCCCC,2264.0,13081-97-5,FSEJJKIPRNUIFL-UHFFFAOYSA-N,669.08,127
Dioctadecyl phthalate,CCCCCCCCCCCCCCCCCCOC(=O)C1=CC=CC=C1C(=O)OCCCCCCCCCCCCCCCCCC,2992.0,14117-96-5,MQKMBXOZOISLIV-UHFFFAOYSA-N,671.10,126
"2-Methyl-1,4-phenylene bis(4-((6-(acryloyloxy)hexyl)oxy)benzoate)",CC1=C(C=CC(=C1)OC(=O)C2=CC=C(C=C2)OCCCCCCOC(=O)C=C)OC(=O)C3=CC=C(C=C3)OCCCCCCOC(=O)C=C,2027.0,125248-71-7,FQCKIWWAEIOPSD-UHFFFAOYSA-N,672.77,93
"Phorbol-12,13-didecanoate",CCCCCCCCCC(=O)O[C@@H]1[C@H]([C@]2([C@@H](C=C(C[C@]3([C@H]2C=C(C3=O)C)O)CO)[C@H]4[C@@]1(C4(C)C)OC(=O)CCCCCCCCC)O)C,5546.0,24928-17-4,DGOSGFYDFDYMCW-MWRBZVGOSA-N,672.94,112
"9-Octadecenamide, N,N'-((methylimino)di-3,1-propanediyl)bis-, (9Z,9'Z)-",CCCCCCCC/C=C\CCCCCCCC(=O)NCCCN(CCCNC(=O)CCCCCCC/C=C\CCCCCCCC)C,8765.0,45320-65-8,NGBCHNCGPJMVHI-AUYXYSRISA-N,674.16,131
"1,2,4,5-Benzenetetracarboxylic acid, 1,4-bis[2-[(2-methyl-1-oxo-2-propen-1-yl)oxy]-1-[[(2-methyl-1-oxo-2-propen-1-yl)oxy]methyl]ethyl] ester",CC(=C)C(=O)OCC(COC(=O)C(=C)C)OC(=O)C1=CC(=C(C=C1C(=O)O)C(=O)OC(COC(=O)C(=C)C)COC(=O)C(=C)C)C(=O)O,3267.0,148019-46-9,QRNJAQUNBRODGN-UHFFFAOYSA-N,674.61,82
"Propanoic acid, 2-[4-[4,6-bis([1,1'-biphenyl]-4-yl)-1,3,5-triazin-2-yl]-3-hydroxyphenoxy]-, isooctyl ester",CC(C)CCCCCOC(=O)C(C)OC1=CC(=C(C=C1)C2=NC(=NC(=N2)C3=CC=C(C=C3)C4=CC=CC=C4)C5=CC=C(C=C5)C6=CC=CC=C6)O,4759.0,204848-45-3,PKMUFPSSPIYKPU-UHFFFAOYSA-N,677.85,94
Sucrose octaacetate,CC(=O)OC[C@@H]1[C@H]([C@@H]([C@H]([C@H](O1)O[C@]2([C@H]([C@@H]([C@H](O2)COC(=O)C)OC(=O)C)OC(=O)C)COC(=O)C)OC(=O)C)OC(=O)C)OC(=O)C,2051.0,126-14-7,ZIJKGAXBCRWEOL-SAXBRCJISA-N,678.59,85
"1,8,15,22,29,36-Hexaazacyclodotetracontane-2,9,16,23,30,37-hexone",C1CCC(=O)NCCCCCC(=O)NCCCCCC(=O)NCCCCCC(=O)NCCCCCC(=O)NCCCCCC(=O)NCC1,14751.0,865-14-5,VIBRWXMFTOKNOM-UHFFFAOYSA-N,678.96,114
"1,8,15,22,29,36-Hexaazacyclodotetracontane-2,7,16,21,30,35-hexone",C1CCCNC(=O)CCCCC(=O)NCCCCCCNC(=O)CCCCC(=O)NCCCCCCNC(=O)CCCCC(=O)NCC1,8409.0,4174-07-6,JESUUVMABJHXHX-UHFFFAOYSA-N,678.96,114
"(Isopropylidene)bis(4,1-phenyleneoxyethylene) dilaurate",CCCCCCCCCCCC(=O)OCCOC1=CC=C(C=C1)C(C)(C)C2=CC=C(C=C2)OCCOC(=O)CCCCCCCCCCC,7331.0,32154-05-5,DPZRLVKUOYEOLE-UHFFFAOYSA-N,681.01,117
Trimethylolpropane trilaurate,CCCCCCCCCCCC(=O)OCC(CC)(COC(=O)CCCCCCCCCCC)COC(=O)CCCCCCCCCCC,5832.0,25268-73-9,GSAHAZJWNMHSNI-UHFFFAOYSA-N,681.10,128
"4-Piperidinol, 2,2,6,6-tetramethyl-1-(undecyloxy)-, 4,4'-carbonate",CCCCCCCCCCCON1C(CC(CC1(C)C)OC(=O)OC2CC(N(C(C2)(C)C)OCCCCCCCCCCC)(C)C)(C)C,12780.0,705257-84-7,VYCDFODYRFOXDA-UHFFFAOYSA-N,681.10,128
Hexamethylene bis-hydroxystearamide,CCCCCCC(CCCCCCCCCCC(=O)NCCCCCCNC(=O)CCCCCCCCCCC(CCCCCC)O)O,9804.0,55349-01-4,CXPIOTOKMJNFSA-UHFFFAOYSA-N,681.14,132
"Bis(1,2,2,6,6-pentamethyl-4-piperidyl) [[3,5-bis(1,1-dimethylethyl)-4-hydroxyphenyl]methyl]butylmalonate",CCCCC(CC1=CC(=C(C(=C1)C(C)(C)C)O)C(C)(C)C)(C(=O)OC2CC(N(C(C2)(C)C)C)(C)C)C(=O)OC3CC(N(C(C3)(C)C)C)(C)C,11232.0,63843-89-0,FLPKSBDJMLUTEX-UHFFFAOYSA-N,685.05,121
"3,4-Dioctadecyl 7-oxabicyclo[4.1.0]heptane-3,4-dicarboxylate",CCCCCCCCCCCCCCCCCCOC(=O)C1CC2C(O2)CC1C(=O)OCCCCCCCCCCCCCCCCCC,9351.0,52329-38-1,AAVCZPRLVZWKRF-UHFFFAOYSA-N,691.13,131
Sorbitan dioleate,CCCCCCCC/C=C\CCCCCCCC(=O)OC[C@H]([C@@H]1[C@@H]([C@H](CO1)O)O)OC(=O)CCCCCCC/C=C\CCCCCCCC,6805.0,29116-98-1,TTZKGYULRVDFJJ-GIVMLJSASA-N,693.06,125
"1,3,5-Triazine-2,4,6-triamine, N,N',N''-tris(4-((1,4-dimethylpentyl)amino)phenyl)-",CC(C)CCC(C)NC1=CC=C(C=C1)NC2=NC(=NC(=N2)NC3=CC=C(C=C3)NC(C)CCC(C)C)NC4=CC=C(C=C4)NC(C)CCC(C)C,1743.0,121246-28-4,BONQQGMOTXODRC-UHFFFAOYSA-N,694.03,114
Naugard XL-1,CC(C)(C)C1=CC(=CC(=C1O)C(C)(C)C)CCC(=O)OCCNC(=O)C(=O)NCCOC(=O)CCC2=CC(=C(C(=C2)C(C)(C)C)O)C(C)(C)C,12757.0,70331-94-1,OXWDLAHVJDUQJM-UHFFFAOYSA-N,696.93,110
"Nonanoic acid, 2,2-bis[[(1-oxononyl)oxy]methyl]-1,3-propanediyl ester",CCCCCCCCC(=O)OCC(COC(=O)CCCCCCCC)(COC(=O)CCCCCCCC)COC(=O)CCCCCCCC,3133.0,14450-05-6,IBKKMFMBXQARGV-UHFFFAOYSA-N,697.05,125
Pentaerythrityl tetraisononanoate,CC(C)CCCCCC(=O)OCC(COC(=O)CCCCCC(C)C)(COC(=O)CCCCCC(C)C)COC(=O)CCCCCC(C)C,15624.0,93803-89-5,PPKAGMLCLQWXJX-UHFFFAOYSA-N,697.05,125
"1,3,5-Triazine-2,4,6(1H,3H,5H)-trione, 1,3,5-tris[[4-(1,1-dimethylethyl)-3-hydroxy-2,6-dimethylphenyl]methyl]-",CC1=CC(=C(C(=C1CN2C(=O)N(C(=O)N(C2=O)CC3=C(C(=C(C=C3C)C(C)(C)C)O)C)CC4=C(C(=C(C=C4C)C(C)(C)C)O)C)C)O)C(C)(C)C,8280.0,40601-76-1,XYXJKPCGSGVSBO-UHFFFAOYSA-N,699.93,108
