submission_order,polymer,species,conformer_id,n_atoms,formula,inchikey_connectivity,xyz_path,xyz_sha256,source_file,source_sha256
1,pe,pe,config_1010,38,C12H26,SNRUBQQJIBEYMU,inputs/polymers/pe/config_1010.xyz,cd9119a098c65b37299bd9b0f1ea26857be97517a51267dfe18fb217638e7bc3,pe_mcos/config_1010.mcos,6942f7d40843ddb3f32da9abb389f2fe81a0ebac3bba4bd3636e6538f727b830
2,pe,pe,config_1130,38,C12H26,SNRUBQQJIBEYMU,inputs/polymers/pe/config_1130.xyz,5fa09590666620ee4ff276baab03a29247c6ede8d0c1031eca09e5850e95925f,pe_mcos/config_1130.mcos,f19bebede2be973ddb9564ea67346ac5b5b3d35911282b8cc98adbc18e884d28
3,pe,pe,config_1600,38,C12H26,SNRUBQQJIBEYMU,inputs/polymers/pe/config_1600.xyz,477e33b5827c3218e6adc559731e4cbee58607d0e2146818af96709282a14f08,pe_mcos/config_1600.mcos,3afed6454941f61f7adcd97cb5d9a8055a7a78ae6be1eeebddb9a61a36f31852
4,pe,pe,config_1720,38,C12H26,SNRUBQQJIBEYMU,inputs/polymers/pe/config_1720.xyz,3fb8a042ec336b1ad1bc4b36e70b36fc33335e7df8889824763cd9a3f06964c1,pe_mcos/config_1720.mcos,04317afaa41f672b166af740ad6cdb492940b4ca786ddb17df89ba310c37fe02
5,pe,pe,config_1940,38,C12H26,SNRUBQQJIBEYMU,inputs/polymers/pe/config_1940.xyz,781337b4ebd749308c171c6992280340d722d0f7962cf8270c4aa74a502ab7d8,pe_mcos/config_1940.mcos,6b32d16437e6cdb7b9f5549069e7da0cf515d53ec9029601a16cbc590e42a7f1
6,pe,pe,config_1950,38,C12H26,SNRUBQQJIBEYMU,inputs/polymers/pe/config_1950.xyz,72a91cda8c14c75fb8e909c6839eae5cbb948fa8ccb041a46c993a7c41c3a698,pe_mcos/config_1950.mcos,f12f543b3f19cbabf9f5eb86b2e9803c0760f1ff52b78649a616eee01b0f71f3
7,pe,pe,config_1960,38,C12H26,SNRUBQQJIBEYMU,inputs/polymers/pe/config_1960.xyz,70e264ca728f890bc4435bb77be9fdbd746035ed56e8b87b39c0646e774a63ee,pe_mcos/config_1960.mcos,2ddd1af5fb5aa97e5bd7ad47bb4548e5bfb7773a5671e0fbbc00b435f69f34b6
8,pe,pe,config_1990,38,C12H26,SNRUBQQJIBEYMU,inputs/polymers/pe/config_1990.xyz,e50d25a944b2891908b093693c31458f27c3eef48fb078bd84db77095f01d59b,pe_mcos/config_1990.mcos,fa83fcbb0fe74bedaa8f3a9a3946fffe885d8ecb6a4d34befd56ed03cbe8f2e5
9,pe,pe,config_2070,38,C12H26,SNRUBQQJIBEYMU,inputs/polymers/pe/config_2070.xyz,48fad549d192acfd0eda4ff88421a3db188e77ad3cbc852eede05d493e1bf0f3,pe_mcos/config_2070.mcos,6b5485b507b2f8e5edb67d9508a540b721668e07b334ffb1f24c2ea0a67571ee
10,pe,pe,config_2180,38,C12H26,SNRUBQQJIBEYMU,inputs/polymers/pe/config_2180.xyz,444cc871f5d9a9bb0a959c26138d5d9d93e0ebd0ac2b8a45363a4eb20681ad14,pe_mcos/config_2180.mcos,9c752059ce694f61b2f8580be1614e4dd229dea411fb8b8def69272faf42f2f2
11,pe,pe,config_270,38,C12H26,SNRUBQQJIBEYMU,inputs/polymers/pe/config_270.xyz,9292f1b2119b19d217f9ba4ff1162d57988abc553c28c1173aa108bdd439093c,pe_mcos/config_270.mcos,7412d9ff07a390b5d9fe7d56caa866eed138e4c0b5b1862457fe535ddd66c1e8
12,pe,pe,config_2890,38,C12H26,SNRUBQQJIBEYMU,inputs/polymers/pe/config_2890.xyz,830e10c0e7171b74e67f2d54d90ae2c15f1ca56f8d38f720d65f0f94ba3b9353,pe_mcos/config_2890.mcos,8e15a70f315af8359f6ee1c34d200758b151be265ae8ae8fc2d658541a3fcfba
13,pe,pe,config_3190,38,C12H26,SNRUBQQJIBEYMU,inputs/polymers/pe/config_3190.xyz,1c2da9c0a66fa3c23f9e6d02ed6dbf7b8c76c6605f9fe428c6e541af1792f771,pe_mcos/config_3190.mcos,95a32a2c55cab806240e85ce10b0d9a9ded7ff085cbe55f5f06780760203d96f
14,pe,pe,config_3410,38,C12H26,SNRUBQQJIBEYMU,inputs/polymers/pe/config_3410.xyz,fc4e8fe1ce9ce462015f488fd69808ff3ab56636b6d39bb18f587e47aada4f6b,pe_mcos/config_3410.mcos,03e463ebe8d6996e4637269dc738c1b29e3fbe58eae2c56b3021c333f8d1d071
15,pe,pe,config_4140,38,C12H26,SNRUBQQJIBEYMU,inputs/polymers/pe/config_4140.xyz,3d199daa55447dadb50617e0c739075068f261e5c8cd4845e90aa69d9512ba90,pe_mcos/config_4140.mcos,014cb0b01ce4c2d056e890e646b9d747c1cd64c2d9b3fb2afe5017aecb55aac8
16,pe,pe,config_4170,38,C12H26,SNRUBQQJIBEYMU,inputs/polymers/pe/config_4170.xyz,534a09b7e19c4406b53ca4ff35de3139d99ffd6cb86a406cf348a14b01f8153b,pe_mcos/config_4170.mcos,4ac519d619d21c55618b16d0995303331cbd109421931d362820acc37726a48f
17,pe,pe,config_4300,38,C12H26,SNRUBQQJIBEYMU,inputs/polymers/pe/config_4300.xyz,1ae53518719487e787275f3fa8ef1a90416a9e0ca5a2ebfea6cd2ce325882586,pe_mcos/config_4300.mcos,780c2342c6a97bc296b1b377eca5eeff131cefa56505713b41144c8d43ab9552
18,pe,pe,config_5010,38,C12H26,SNRUBQQJIBEYMU,inputs/polymers/pe/config_5010.xyz,90673288a850f164470ea7c8e3edf18aba0b276b649859a9b9406fd81e0428e3,pe_mcos/config_5010.mcos,99dbe54037856aa41b0d89a66e72cd1dbf338299276fc6a7f3a53b8e5fd572df
19,pe,pe,config_6040,38,C12H26,SNRUBQQJIBEYMU,inputs/polymers/pe/config_6040.xyz,0957d13ea0496f4fb5b4846d95fdf09e21e7a9e3dbd3413524cb6027b1fccbe4,pe_mcos/config_6040.mcos,fcf1374f12ec90fb422c5b21cc245f93b902a173556c42347b3ea055f438ab9f
20,pe,pe,config_6210,38,C12H26,SNRUBQQJIBEYMU,inputs/polymers/pe/config_6210.xyz,2473467fb25fa553ee55ef046fcb0ea3d5499926f9cedae4fc52854ec9bbde58,pe_mcos/config_6210.mcos,415c68964e1521ae79e00174db88009790d47772204f625a0bb14600c21f179e
21,pe,pe,config_7260,38,C12H26,SNRUBQQJIBEYMU,inputs/polymers/pe/config_7260.xyz,a83442b7203b5a29f077b2c1843ead46886a8c6a6c60a3520c6e3d252a6bda7b,pe_mcos/config_7260.mcos,bcbb2731d383bb92bd158421b2f50870968c62931d639561240adc5445f3bee6
22,pe,pe,config_7520,38,C12H26,SNRUBQQJIBEYMU,inputs/polymers/pe/config_7520.xyz,1609e761422d9d5875c1042916f5ad2c1486609c2fcd454ef61ff671bde29723,pe_mcos/config_7520.mcos,1596bef8d9851ecb732cb34330b653574c0289ff3ee175936b3c5951a4900095
23,pe,pe,config_7530,38,C12H26,SNRUBQQJIBEYMU,inputs/polymers/pe/config_7530.xyz,5d1350ec6478cc8c4598e02b19abd3030a0eabbd13740d9367a5441ea37d09c7,pe_mcos/config_7530.mcos,4453aad88253b4a6f3f893ab918598507679de3b69a44291bd1129e148606954
24,pe,pe,config_7570,38,C12H26,SNRUBQQJIBEYMU,inputs/polymers/pe/config_7570.xyz,74451bde0dbc783f27c45ecc095cc9e622842cd733d70bcd81a16ae5549e4c84,pe_mcos/config_7570.mcos,98fd965f2dc05cbbbb08b6275e1e147ee790956d551d7453354ea3768541f71e
25,pe,pe,config_7700,38,C12H26,SNRUBQQJIBEYMU,inputs/polymers/pe/config_7700.xyz,bce3b2e9e266c92d398d3b84d42fb6987cd9d2b574c04d07ee61d28b1d380c53,pe_mcos/config_7700.mcos,a865f1d7d05c3fe59111253ef2814787de5f40fed05ebdff21ca587bfea6801e
26,pe,pe,config_800,38,C12H26,SNRUBQQJIBEYMU,inputs/polymers/pe/config_800.xyz,14e1988698f716efdbaed647c3b514b09dc417b354fbf5bb555b1ae7afd60b86,pe_mcos/config_800.mcos,be862af16d5b8a62174748c44331dc2393e70979d9579ec575f85a0e2fec3006
27,pe,pe,config_840,38,C12H26,SNRUBQQJIBEYMU,inputs/polymers/pe/config_840.xyz,7ad9d973b791d80f43d9d048c70fb67296c083636586a33fb62450f100265db3,pe_mcos/config_840.mcos,bd7367b4b1be1d51068d89acfde599205c166fb694e42b674b4fdadccfd5d4b1
28,pe,pe,config_8780,38,C12H26,SNRUBQQJIBEYMU,inputs/polymers/pe/config_8780.xyz,f7f45ab33e4274e0a362246bfa7b2d51182a40ef7bb35c18a48348ac70d36fca,pe_mcos/config_8780.mcos,eeacb8ffb73e40d2828bf3ba0c200f5ccc2eb79632705de3f405b7fc778c2ed8
29,pe,pe,config_9140,38,C12H26,SNRUBQQJIBEYMU,inputs/polymers/pe/config_9140.xyz,0393ba8e7af24ec4c9c8e887b581efa428290748a89825717553e3615a1f8f57,pe_mcos/config_9140.mcos,20d078ad1142e59bc22053d9dc5b35c6483886049cb2d144c382a238d62a1671
30,pe,pe,config_9790,38,C12H26,SNRUBQQJIBEYMU,inputs/polymers/pe/config_9790.xyz,b37fad6fbef306afad0ed59c0f58307dfa1e0d528e1d8cc15ded15d0fbd85a90,pe_mcos/config_9790.mcos,4e597ec00c893f292a605534fda174592b4584046a83d1fac24b751bd4f620bd
31,pe,pe,config_9860,38,C12H26,SNRUBQQJIBEYMU,inputs/polymers/pe/config_9860.xyz,604e7a8d7dc1067182e7835816fd02ad10c26ef0fa19d92eacebfd00808c352a,pe_mcos/config_9860.mcos,4467d346cd55fadfd052138c2bcd26a6d21062a602971d9b1f80aa9635092035
32,pvc,pvc,config_14260,44,C14Cl6H24,OXWPMBYBCLTTEK,inputs/polymers/pvc/config_14260.xyz,6e2020960a17d1c2a3bac03646ec0cacc39ec32c2202f98c344e76d79be9d10e,pvc_mcos/config_14260.mcos,d840305d95dfbe683d67d60e2eabd4f96ff2dd13de3807da5065a9ef84c7a776
33,pvc,pvc,config_17400,44,C14Cl6H24,OXWPMBYBCLTTEK,inputs/polymers/pvc/config_17400.xyz,838bdf733e132d6d6ffd96eb85d5ad51b87a8e3dca44bed9c753fb374eae15b8,pvc_mcos/config_17400.mcos,68c2ad8f29726460594cfffcda70e6b7795883202c552a23aef45acd78d446cb
34,pvc,pvc,config_19400,44,C14Cl6H24,OXWPMBYBCLTTEK,inputs/polymers/pvc/config_19400.xyz,10971adf832b734076e611f9d9563150474e2cc9985ff327071738995fcf9dff,pvc_mcos/config_19400.mcos,4730f12b5914957c0753f5b9715e3eb78ab893ef5502e7735202874828d51bdd
35,pvc,pvc,config_20190,44,C14Cl6H24,OXWPMBYBCLTTEK,inputs/polymers/pvc/config_20190.xyz,227f3d53f58972336ccc8563a6d647766c0491f28167ca371a2b07fa8b880845,pvc_mcos/config_20190.mcos,69d89730876388d085993029c23aa9997f3392e37d7b502abcdac9fdb2e83c7e
36,pvc,pvc,config_20310,44,C14Cl6H24,OXWPMBYBCLTTEK,inputs/polymers/pvc/config_20310.xyz,b18d2391dfc98a5b9c44a7101ef813d3fc8c8c4189d941b3ad0c161aec728d17,pvc_mcos/config_20310.mcos,3929c938b54d75f0fe6e416a760a56617af945f645c9da75d2cca5491bf7ed99
37,pvc,pvc,config_2510,44,C14Cl6H24,OXWPMBYBCLTTEK,inputs/polymers/pvc/config_2510.xyz,6b60b6b69012e51813e967812c1068b6ee5183d916a31d363f3191035be0a21a,pvc_mcos/config_2510.mcos,696c9a36751e8eb544d9eb8f0428232ca2638834c8673f3d191190053e48a4f4
38,pvc,pvc,config_36710,44,C14Cl6H24,OXWPMBYBCLTTEK,inputs/polymers/pvc/config_36710.xyz,d2c237bf188432c6ff7be4d547f2e5193bb62cacce142fe90cc2c4ddb9536d65,pvc_mcos/config_36710.mcos,30a1f7f79374ebc8d99fffe4c1ccd75618ecd8de7f2e26696a45a7cf76199a0a
39,pvc,pvc,config_41530,44,C14Cl6H24,OXWPMBYBCLTTEK,inputs/polymers/pvc/config_41530.xyz,d11e1a5cfad7af117e81a22d222ffb46c51a054e475da0c5adcab697f1feedc0,pvc_mcos/config_41530.mcos,66196abecc7249a11dc409850cbf4c5f73c09913807dd0893d04e73e5a38bbd6
40,pvc,pvc,config_41960,44,C14Cl6H24,OXWPMBYBCLTTEK,inputs/polymers/pvc/config_41960.xyz,6ced59212236878d0fdf1be31cf0deb43bde3c142d5c229f39c7142e97e4cf42,pvc_mcos/config_41960.mcos,0feadf7bf06f2ea6f7d0b01d9ec4b455f4e271f47527a30ce5a28a08738469f9
41,pvc,pvc,config_46990,44,C14Cl6H24,OXWPMBYBCLTTEK,inputs/polymers/pvc/config_46990.xyz,39ddef8ee3bcccc2d29d88ad84ac736ed06d076e6d09251b1895e147886c2b63,pvc_mcos/config_46990.mcos,fa54433d15ec8136cf09bc70bd369d8aa9fa5513aca8abbd0f98114b3114ea20
42,pvc,pvc,config_48010,44,C14Cl6H24,OXWPMBYBCLTTEK,inputs/polymers/pvc/config_48010.xyz,19c6fb1849cc4593fd80cc42e1262aa4307c74fa3108546452a1439428462a4c,pvc_mcos/config_48010.mcos,b7cbbbf469b9c631bfe80e139f37b280fd4fd635e2510f1eda96c6246cd8062a
43,pvc,pvc,config_52170,44,C14Cl6H24,OXWPMBYBCLTTEK,inputs/polymers/pvc/config_52170.xyz,60fbd63aa988c1319f92731307a767a5f878cc662560fd76daaf7ca16e0e38f2,pvc_mcos/config_52170.mcos,94374b7f45b7193b243932eadcdcefc786d1142bccd86deeb16bfa4389fc6ce9
44,pvc,pvc,config_58460,44,C14Cl6H24,OXWPMBYBCLTTEK,inputs/polymers/pvc/config_58460.xyz,0bf1e830d71cacc66256cd483d58164b911d407392b01949b5b9a15634f2823a,pvc_mcos/config_58460.mcos,27fc64c5d9788cfb7f11e9ea0eff0194a952baba3573d9c1d5c7ee70ab7652c9
45,pvc,pvc,config_59670,44,C14Cl6H24,OXWPMBYBCLTTEK,inputs/polymers/pvc/config_59670.xyz,2bb7e8c6624900764d7464bb908e090d27dfa56845a0074ffe700ff86d347a70,pvc_mcos/config_59670.mcos,c73959026ab8f7663d3a7617780a94f236437bc2edb9cf865e9a2f73895ec246
46,pvc,pvc,config_60510,44,C14Cl6H24,OXWPMBYBCLTTEK,inputs/polymers/pvc/config_60510.xyz,fef3854abc8cd6256b94aa7a296857528989578cdaa424b159d27f48204309fc,pvc_mcos/config_60510.mcos,49b01afa8ffc3540296fccc1f492df69956cde8ba9a8e9146aa010235d03d6fa
47,pvc,pvc,config_65520,44,C14Cl6H24,OXWPMBYBCLTTEK,inputs/polymers/pvc/config_65520.xyz,ea46f4c71d9d4b6f84c9dd9c04d33e19ea70d7c45308ac68dbdffe8f7a12f738,pvc_mcos/config_65520.mcos,6dd311cad2b88c49556ce56f1d09a481482b365ddc7c923ab3634eda017e4ac7
48,pvc,pvc,config_69080,44,C14Cl6H24,OXWPMBYBCLTTEK,inputs/polymers/pvc/config_69080.xyz,8eb43ea6b8d5324c85c2ac7b7571f2ca414723cc28b09bb53ceb72d058093efb,pvc_mcos/config_69080.mcos,a99358c408a0fb451bb33ac9188e49386d9d1aaca246ee4a2f3f1bbfbd913a1a
49,pvc,pvc,config_72680,44,C14Cl6H24,OXWPMBYBCLTTEK,inputs/polymers/pvc/config_72680.xyz,7899078102bd8dc504e1a426d8ddb4d19ddd3b06325b2ce877a2ecafa7a80a94,pvc_mcos/config_72680.mcos,0397184c5ac2f956a1ad63a55d6fae881b56ac40d7487dd80c52609fe6235cbd
50,pvc,pvc,config_7590,44,C14Cl6H24,OXWPMBYBCLTTEK,inputs/polymers/pvc/config_7590.xyz,882ac32bf6d463671c91304d48e5985c26fe11f534e4611c3823d9d601285415,pvc_mcos/config_7590.mcos,536ba8adebdbab0e13754abab22d2ace1a72bf5a2a46b3ccad1c6b0d45c62128
51,pvc,pvc,config_76710,44,C14Cl6H24,OXWPMBYBCLTTEK,inputs/polymers/pvc/config_76710.xyz,b24fc9ca70cd48e48a1056641a722cedbf866eac3dba030a0f9f655ebcec1b7a,pvc_mcos/config_76710.mcos,39121e9dd1a1b8956cee80b5ff3dfdcb4c7e63283cd54e4b7855d56d17b6f478
52,pvc,pvc,config_79980,44,C14Cl6H24,OXWPMBYBCLTTEK,inputs/polymers/pvc/config_79980.xyz,fbc8cdf6a98a04e022f4d62d88fb7b0fe35ec0c1559a7aa3e9f410b2c7942461,pvc_mcos/config_79980.mcos,40707f87d7abc5197be8f4afe4fefd37f27723bc5b83a42b340dd5eb3e7f2545
53,pvc,pvc,config_8380,44,C14Cl6H24,OXWPMBYBCLTTEK,inputs/polymers/pvc/config_8380.xyz,85e26e791ea94ce578117710d6da3605f96810900947507dcbd4dd6c3fd749b7,pvc_mcos/config_8380.mcos,74cd9b5a392746e0d707cc10223a79a64bdd8f87dc49dbd5b10eaa900461638e
54,pvc,pvc,config_85200,44,C14Cl6H24,OXWPMBYBCLTTEK,inputs/polymers/pvc/config_85200.xyz,280c6239c2770e0ac74f233c805ba37950d5fbbb4fbf880f268984962de5f8ff,pvc_mcos/config_85200.mcos,ec75c20070790299d28ada6643802934a2f84b382062e12df7c2714e8abcf17a
55,pvc,pvc,config_89110,44,C14Cl6H24,OXWPMBYBCLTTEK,inputs/polymers/pvc/config_89110.xyz,294cf69de52f9c21a45aa6ee36f7a9771715763049b26a37348060e7a1691b4c,pvc_mcos/config_89110.mcos,5e99b5d7cf23e4dea89a220407a72a0d9330b72ecc5f378b4dd3d4df7e0af415
56,pvc,pvc,config_9400,44,C14Cl6H24,OXWPMBYBCLTTEK,inputs/polymers/pvc/config_9400.xyz,8a4f0eb39b93dabb6c1521cdfd0ce6f725f5ab565748ca14a9fa167e039379de,pvc_mcos/config_9400.mcos,a08d1c5051f0f13ea07dec8e3367a457e4240e247bf9c7e297da260f86060ed1
57,pvc,pvc,config_95180,44,C14Cl6H24,OXWPMBYBCLTTEK,inputs/polymers/pvc/config_95180.xyz,d667599166194d665f574ca7205749749fe113d463e408ba4afc9cf1f0fb7a2e,pvc_mcos/config_95180.mcos,cd63e3edc99f0fe082e36c55fff88ad0e61603a6435268a4d8d96adaefa55f9d
58,pvc,pvc,config_98180,44,C14Cl6H24,OXWPMBYBCLTTEK,inputs/polymers/pvc/config_98180.xyz,8fff4622f9aaacd3336a24c428d43b2315adc985bb8b9ae12e6519b367c823f5,pvc_mcos/config_98180.mcos,0aafdf172662fb993783abbfff012ff68508023a07151c8f3c9c198e73d2e001
59,pvdf,pvdf,conformer_002_frame2,44,C14F14H16,AQXMBVQWIKMJOZ,inputs/polymers/pvdf/conformer_002_frame2.xyz,45b170758dc85331a7abbeb17830370ff23e061f6d551d5eebb7b54ea21549a0,pvdf_mcos/conformer_002_frame2.cosmo,93be3da400698cd4212c67298f3dbb0cd6433d03e7d5703e90cf35c0bfb62964
60,pvdf,pvdf,conformer_003_frame4,44,C14F14H16,AQXMBVQWIKMJOZ,inputs/polymers/pvdf/conformer_003_frame4.xyz,113a44597714976cb870f46ea4f047e4618a825164aa4467e0f08ab9545fea09,pvdf_mcos/conformer_003_frame4.cosmo,cd46edb0203246bf83e84853edde01a246f35f1a853421997c00c0ab1c2aacdf
61,pvdf,pvdf,conformer_004_frame6,44,C14F14H16,AQXMBVQWIKMJOZ,inputs/polymers/pvdf/conformer_004_frame6.xyz,a5cc6cccb3fe9c2a067ed5c4edf8b81f3d86cafc4a2ae47ebb4ec19e4e38fc43,pvdf_mcos/conformer_004_frame6.cosmo,108a0acefd56671dbb000cd277a909a3367ad772ad4923c3143131c382c45afd
62,pvdf,pvdf,conformer_005_frame10,44,C14F14H16,AQXMBVQWIKMJOZ,inputs/polymers/pvdf/conformer_005_frame10.xyz,be350742a368f98871735c7b858df5534169f83433f8705e690c7339d8eb804e,pvdf_mcos/conformer_005_frame10.cosmo,7b455c7a1d85e0ce067c1986906db6adc047368c2a38697568b4cbe094590a99
63,pvdf,pvdf,conformer_006_frame15,44,C14F14H16,AQXMBVQWIKMJOZ,inputs/polymers/pvdf/conformer_006_frame15.xyz,1caafc639c217d079c14c261bcba42e9a7af3cec55aa8e46af111bef5d5d96b2,pvdf_mcos/conformer_006_frame15.cosmo,199c6c4cbf9822fcb10c299e151b64c6323019458f00ea926193c53fcc8b12a3
64,pvdf,pvdf,conformer_007_frame18,44,C14F14H16,AQXMBVQWIKMJOZ,inputs/polymers/pvdf/conformer_007_frame18.xyz,ae9afe70a89a5d1bf47ff26d6f03723caf9104c86f5e9e5c76921a30456cda0a,pvdf_mcos/conformer_007_frame18.cosmo,43896cf3440b94b7c8fad3c3ee1e58bb28ca0c3b6906fc09037bc04427aed192
65,pvdf,pvdf,conformer_008_frame22,44,C14F14H16,AQXMBVQWIKMJOZ,inputs/polymers/pvdf/conformer_008_frame22.xyz,231146fe3ea17f81e589b540e6e09f7518952a1a425a67a82e8695b63b0b128f,pvdf_mcos/conformer_008_frame22.cosmo,5a3d8c15719a614b8190631b53248a9eab2a774a5961609a1eb3b3f535aedd50
66,pvdf,pvdf,conformer_009_frame26,44,C14F14H16,AQXMBVQWIKMJOZ,inputs/polymers/pvdf/conformer_009_frame26.xyz,be4e1004e1969df7875f940b0280e8b8918b4c071d2b6b717f2948368f6e6d51,pvdf_mcos/conformer_009_frame26.cosmo,93e4348d2a083f854650d6b123bfb90c4cbc6d96f2bb22d5cf1e6fa48513ec58
67,pvdf,pvdf,conformer_011_frame28,44,C14F14H16,AQXMBVQWIKMJOZ,inputs/polymers/pvdf/conformer_011_frame28.xyz,c6593b87a3fd224e8fad64cbd5d5127bdeee8f76f1f6e315b690c998da9ab16f,pvdf_mcos/conformer_011_frame28.cosmo,bb71f542eca892752112e5722be2083861ecd27a02221c1cd683379cc97290f9
68,pvdf,pvdf,conformer_012_frame30,44,C14F14H16,AQXMBVQWIKMJOZ,inputs/polymers/pvdf/conformer_012_frame30.xyz,a9b0e6f1387d14b8e8b59b2052cb81dc36723e9c15fdb961442fded46d2d0f25,pvdf_mcos/conformer_012_frame30.cosmo,51e491385719ee655cd2326417a429aa70dddb4ff0a45c6f122fbec122b005f3
69,pvdf,pvdf,conformer_013_frame38,44,C14F14H16,AQXMBVQWIKMJOZ,inputs/polymers/pvdf/conformer_013_frame38.xyz,3a9db5ba6ba0c3dc0241ceadaf270dcf5bfd38f569ceb3646f868843b61285c8,pvdf_mcos/conformer_013_frame38.cosmo,bd1bd233df31a2069b4c9c43540b10e7a8b1f18dea60129af9bbcbd40d4ee218
70,pvdf,pvdf,conformer_014_frame42,44,C14F14H16,AQXMBVQWIKMJOZ,inputs/polymers/pvdf/conformer_014_frame42.xyz,853b9f9146717c99c26f45f93d80214a15451c300ee3ef3d6e51b73873b3cadd,pvdf_mcos/conformer_014_frame42.cosmo,0800d93929d2b2589c8450ccabff5fde968038ead84db64d3ceabb7f0780df0d
71,pvdf,pvdf,conformer_015_frame43,44,C14F14H16,AQXMBVQWIKMJOZ,inputs/polymers/pvdf/conformer_015_frame43.xyz,c087a77bdb777c1c4550047ae46b62b20677166202b4136f39ba9e14448ea0ec,pvdf_mcos/conformer_015_frame43.cosmo,ff67af051605dc9b3c6b5bb58395fb590922014835d342c15b6e8cc059cad46a
72,pvdf,pvdf,conformer_016_frame44,44,C14F14H16,AQXMBVQWIKMJOZ,inputs/polymers/pvdf/conformer_016_frame44.xyz,6db7936a327d6382702265d3aa4e9d41c8f03574fb72e07d94bfd862d2429b56,pvdf_mcos/conformer_016_frame44.cosmo,a71abfc7ef5c40b1362c8a33da2efc90b384c69c4116b990ce869d613ed85c0a
73,pvdf,pvdf,conformer_017_frame53,44,C14F14H16,AQXMBVQWIKMJOZ,inputs/polymers/pvdf/conformer_017_frame53.xyz,858c14f90bae32fa16d249c06cf5216450fb6abdac9df2431e65b6fe288120f6,pvdf_mcos/conformer_017_frame53.cosmo,bb34413281473033b8c630cea8f3646ee79eba3e12e82b647788efc1444dd60a
74,pvdf,pvdf,conformer_018_frame58,44,C14F14H16,AQXMBVQWIKMJOZ,inputs/polymers/pvdf/conformer_018_frame58.xyz,fab3c3b3806a0c2e93c1fa327fa9fd64036584188e4fcec7913ef2f9f7f7820e,pvdf_mcos/conformer_018_frame58.cosmo,381e327d53a0471d9dfdf47593ce3c4f7964c3463ec18290c10a9f08d6ab9cfc
75,pvdf,pvdf,conformer_019_frame67,44,C14F14H16,AQXMBVQWIKMJOZ,inputs/polymers/pvdf/conformer_019_frame67.xyz,f3d38b778adb6cffa8d96c4028bd1822e861b85a8d3ddce97d880f83f15bd180,pvdf_mcos/conformer_019_frame67.cosmo,d7f5568fcc2e461cda734aa1e3e851bc57cade3dee05c82e4d6bd9b511fe3951
76,pvdf,pvdf,conformer_021_frame80,44,C14F14H16,AQXMBVQWIKMJOZ,inputs/polymers/pvdf/conformer_021_frame80.xyz,2bd6b7b26a77a4f650db7f8ee3fe1b67f1f5348a179c486f2612cecefa654eb3,pvdf_mcos/conformer_021_frame80.cosmo,50b75c941e7f254b42460f2ce50859d0a30f331cc07a0a47ea52c4f7bf1d494f
77,pvdf,pvdf,conformer_022_frame81,44,C14F14H16,AQXMBVQWIKMJOZ,inputs/polymers/pvdf/conformer_022_frame81.xyz,7ab573fc8e25e531c936ea5f63520fb3d80534a0318ebb20caf7ba56aa94029d,pvdf_mcos/conformer_022_frame81.cosmo,c8289ae942d1e1eac42c8cf04ebc9ce7b451e0365533231876034fd3a5b43042
78,pvdf,pvdf,conformer_023_frame82,44,C14F14H16,AQXMBVQWIKMJOZ,inputs/polymers/pvdf/conformer_023_frame82.xyz,3bbca61dfc1b9ec6bae2cc23d0e4666a914608060f60d09cecde97df2f9df001,pvdf_mcos/conformer_023_frame82.cosmo,99ae73678868f058ac763e9fafe8d9a94cc40a57e73135e2df369e805931cd70
79,pvdf,pvdf,conformer_024_frame84,44,C14F14H16,AQXMBVQWIKMJOZ,inputs/polymers/pvdf/conformer_024_frame84.xyz,1126772734dad529c3964f1acaa624a2ed7eed8bb656535c137d57b8cfa3d5d9,pvdf_mcos/conformer_024_frame84.cosmo,a5e070b8df4908a1cb57ccaf5ca90a2a597027b5ff3ddbba610e6a7641a70160
80,pvdf,pvdf,conformer_025_frame91,44,C14F14H16,AQXMBVQWIKMJOZ,inputs/polymers/pvdf/conformer_025_frame91.xyz,3405de866b0c3f1e9e3982c15300ee310927ab551d05eda8b81ec19fb3d30d38,pvdf_mcos/conformer_025_frame91.cosmo,d99ff9fe93d548a6fd21f6f43d9592992fe1196e93c79af93c5f9bb13dd17cbe
81,pvdf,pvdf,conformer_026_frame92,44,C14F14H16,AQXMBVQWIKMJOZ,inputs/polymers/pvdf/conformer_026_frame92.xyz,4910a6761f2b81d6b586466a9ef5c4b365b51dcb2e546e9d0e32a9989664a1ae,pvdf_mcos/conformer_026_frame92.cosmo,22278fb1d1351009e82f058e76a10ffc44eb6b4ffe870d8a8dc328e7adac88f3
82,pvdf,pvdf,conformer_027_frame95,44,C14F14H16,AQXMBVQWIKMJOZ,inputs/polymers/pvdf/conformer_027_frame95.xyz,31efabc8707da968b863fe1834abd8de2e8815828c0d883cf6e392a2f427ced7,pvdf_mcos/conformer_027_frame95.cosmo,d83671878742b6abb57ad49816ba78260f88e71c8582c2f30e83c74881a7fc72
83,evoh,evoh,config_20,48,C14H30O4,SWQGIAGUDFKQMT,inputs/polymers/evoh/config_20.xyz,c5b350faf58f525040214e98ffa9a06efe9b9de54cf3c03df1698d242e763099,evoh_mcos/config_20.mcos,90a408913945f33579ef185f314bf2a468e7926a0fb6cc7c02fa4f8236158242
84,evoh,evoh,config_2200,48,C14H30O4,SWQGIAGUDFKQMT,inputs/polymers/evoh/config_2200.xyz,e18a48f53f006cec568c054d8e022379b33d2f88e31c0431ff0d44089b28c501,evoh_mcos/config_2200.mcos,ccc5fa4207f92149f590b5041865274192eebcce21d528549ac5bdba98636fc0
85,evoh,evoh,config_3880,48,C14H30O4,SWQGIAGUDFKQMT,inputs/polymers/evoh/config_3880.xyz,1c857ebf4ea61b1226c492cae55138fde5ff7df7e81bf336798bd9ffc7ec6ee9,evoh_mcos/config_3880.mcos,0386689f10a5a67ff65c2c404656d80bb0a0a85d4ebdd9ff1e20ac222fd44852
86,evoh,evoh,config_4460,48,C14H30O4,SWQGIAGUDFKQMT,inputs/polymers/evoh/config_4460.xyz,bf9695be50918c5488eda31de460a0d14482c5dc59f68885d12081c00e7490a9,evoh_mcos/config_4460.mcos,dd631af21f4b74c5736f6aac8a3bfc0a36be7e73ee6098ff273b3dc3c2de6bd5
87,evoh,evoh,config_5540,48,C14H30O4,SWQGIAGUDFKQMT,inputs/polymers/evoh/config_5540.xyz,5e7cf5d7a68c86bbba90a6a5151a196c1a640409763e36f55a377bb00d8e5d9b,evoh_mcos/config_5540.mcos,c054aa980d4b17f3fa6dbb8d5554381aab2af6023015f13546086a1c329b1772
88,evoh,evoh,config_7530,48,C14H30O4,SWQGIAGUDFKQMT,inputs/polymers/evoh/config_7530.xyz,d9f520598aa878da1fbf89da715f69de3876db68e3ba2e64415ffaf64dcd0634,evoh_mcos/config_7530.mcos,37d5146318aec626fd91465115105d027494cd20cb7f284be916f03f102006a5
89,evoh,evoh,config_8390,48,C14H30O4,SWQGIAGUDFKQMT,inputs/polymers/evoh/config_8390.xyz,669129953901493485977c38b4940b89438d4ef998b7f19aa288e63c0442c846,evoh_mcos/config_8390.mcos,9ff6fc3c57b04baba2829f6599dfa328c4f2436408de6698fe15c33c13698a7c
90,evoh,evoh,config_8440,48,C14H30O4,SWQGIAGUDFKQMT,inputs/polymers/evoh/config_8440.xyz,3cbd9931d5bb44b0a474c5a97713d0531d77c783312763fef57765a0a7f587ec,evoh_mcos/config_8440.mcos,f2cadb639c462f5994953c31372fbdc86f252b1e916d85c84811660a6c584078
91,evoh,evoh,config_8680,48,C14H30O4,SWQGIAGUDFKQMT,inputs/polymers/evoh/config_8680.xyz,8132e4b5819f43a8bca848e1660a42dde7621b400303952bcdfeafe8257598f7,evoh_mcos/config_8680.mcos,4272796041f6d65b39450d1b1d6ebcd467941dfdd016cdd75800b0c9fd6a2dca
92,evoh,evoh,config_8790,48,C14H30O4,SWQGIAGUDFKQMT,inputs/polymers/evoh/config_8790.xyz,237004cc77a4d7015fc6827d7425a2b98306ae7bf4ce2bb3adfa62d1d0c82ce2,evoh_mcos/config_8790.mcos,25b453a1e1234a8d9bd2d88ab426c0bc3e73888646ce2a98dc961756b2ea9fe4
93,evoh,evoh,config_9820,48,C14H30O4,SWQGIAGUDFKQMT,inputs/polymers/evoh/config_9820.xyz,c1939b2f54ac48ea3d06507374b89c03e39af963b978860c3138e3c9c86ccbd1,evoh_mcos/config_9820.mcos,eb7c78612abd45c5ddedf6bf363fc78d6fc2d90c2ef9a201b1a50ec7363ae9b5
94,pp,pp,config_1200,62,C20H42,TUVABVIDZGYRMT,inputs/polymers/pp/config_1200.xyz,9d1b347e1e3faae99e14305c6822ca31d2bc6baa0ec6db55272718069abe6a32,pp_mcos/config_1200.mcos,b63b024e5d3d0f16a1a7cd5a64c2d7586dce4e1cfcd2e54b90839eafaeafc82e
95,pp,pp,config_12740,62,C20H42,TUVABVIDZGYRMT,inputs/polymers/pp/config_12740.xyz,7e68bbcdcdf8dd23c79025453f656973b243ba585241f8f1feb102402b4cd5e0,pp_mcos/config_12740.mcos,8dee4b185403d52c86eb38f370e22be749d21f5d6e6b2c4e345427a8f68dd70f
96,pp,pp,config_15380,62,C20H42,TUVABVIDZGYRMT,inputs/polymers/pp/config_15380.xyz,55014f194d16eb1e50ce144e736b4e8c5726bb569b970001d311c09032cd3e4c,pp_mcos/config_15380.mcos,8eda3a9e8f2b2fd05cd250ef7e40267b348b944a1d742c271bf74aa1dfd40421
97,pp,pp,config_1720,62,C20H42,TUVABVIDZGYRMT,inputs/polymers/pp/config_1720.xyz,c14723c9024a49394913df6d84d4a0f3f1286169cd100e0a3d8cec6d90a10807,pp_mcos/config_1720.mcos,4c32b5354449e510272e6acab3d183671e665a5074cbfd68b65869be3a17a2e6
98,pp,pp,config_19750,62,C20H42,TUVABVIDZGYRMT,inputs/polymers/pp/config_19750.xyz,b7517734372b10aa24d5a8cd11e26b1b993e0883dc4a47bf1ab6ff7026463fc1,pp_mcos/config_19750.mcos,aedb99567edd684e33afa4b6ccfe4d7a63b7c1965d60c100cd375d98bbf7b824
99,pp,pp,config_20310,62,C20H42,TUVABVIDZGYRMT,inputs/polymers/pp/config_20310.xyz,945550e4e7dfe404b17b381dc6e491423939a5bddbeae3e2dd143984bd7096af,pp_mcos/config_20310.mcos,d9860e458b0b467e5b87b3935d21be97cdd29d8e98ae5cac9d3c02940148bc6b
100,pp,pp,config_2080,62,C20H42,TUVABVIDZGYRMT,inputs/polymers/pp/config_2080.xyz,aeb30393db6575c384667e1d420be3d171f0badec3c9af034e4f063563ab4e31,pp_mcos/config_2080.mcos,dd2673f15dc5085cefd6308deffef9cb3fff9d38ef5bef7aab9ee24a8dc95a0d
101,pp,pp,config_2700,62,C20H42,TUVABVIDZGYRMT,inputs/polymers/pp/config_2700.xyz,61841ac6814ae1477b5e39312e6ea02da0c38713c09d6a0c22ce3fa1bcca5981,pp_mcos/config_2700.mcos,d6c27f4e745dfa2591c3f8571bc1b63b2c26faddbe127817c8fef247817e8dda
102,pp,pp,config_29980,62,C20H42,TUVABVIDZGYRMT,inputs/polymers/pp/config_29980.xyz,83070e5b3d7e549286b17ff3d91f4d1b843a288e20fcf1ba0f3b5531c242874f,pp_mcos/config_29980.mcos,3c1f5cc9e52efc847f22334210612415cf66795f9aca85a09a5a9b864f6a1c65
103,pp,pp,config_3310,62,C20H42,TUVABVIDZGYRMT,inputs/polymers/pp/config_3310.xyz,16ed87e333daba8f53f390f8682b198950a2c8b2ca39008933bbe6747140da48,pp_mcos/config_3310.mcos,fd349d017e57624f67bd6abd5f2ddcb93ea2d1c1210ae6881238bf7197c80603
104,pp,pp,config_43170,62,C20H42,TUVABVIDZGYRMT,inputs/polymers/pp/config_43170.xyz,b344f05798c1b17955b6d5bd58ef81243c28c15f480b6f085438a83d7d30e54d,pp_mcos/config_43170.mcos,c44eabbb3cad1c1edc9cac49fa544bc5733cb72e0b0fb911e532796af4343ffd
105,pp,pp,config_44510,62,C20H42,TUVABVIDZGYRMT,inputs/polymers/pp/config_44510.xyz,5e502684cab30454c39e2eadbc19023657d68ccd1fb8353d4c167ce99a3c59e0,pp_mcos/config_44510.mcos,01f57d20f54a9bcff827a5cd76b748a6ad940a2b44bbbb823a80017732f5d1d7
106,pp,pp,config_53190,62,C20H42,TUVABVIDZGYRMT,inputs/polymers/pp/config_53190.xyz,181224381eb655745277f255e7be9d006c62e2576d86f49fb8c42760f3aa44b6,pp_mcos/config_53190.mcos,b86d15cb508468a6542ccd75b8201efd1f86fcc15dc42dd66fbbcf05052049b4
107,pp,pp,config_54020,62,C20H42,TUVABVIDZGYRMT,inputs/polymers/pp/config_54020.xyz,c11074845f4ffd24bce6289acaac2fb56f867944a3dff689adc322c754bf49ee,pp_mcos/config_54020.mcos,b72f1825bef4eddf07e63b83c4105f63cf9a50dcc84e75821d77e3dd5d05977d
108,pp,pp,config_58120,62,C20H42,TUVABVIDZGYRMT,inputs/polymers/pp/config_58120.xyz,b06978c8cdb9603f8bd97da4e5fe7a400712a06ad15ff5187f9563a6d1e494a3,pp_mcos/config_58120.mcos,f6867d67ba9e4f9927b1dc65e7b7cbd8014a6fabc5014c135a9e4968369025e0
109,pp,pp,config_62750,62,C20H42,TUVABVIDZGYRMT,inputs/polymers/pp/config_62750.xyz,c0267f8207d693e0bc031b6e412783fa837661f4cb5dd685f4ee78f595173735,pp_mcos/config_62750.mcos,a99c6c3b8476695619456c826fbdb528e6881c952f407f9f941f2452ed386b5b
110,pp,pp,config_73540,62,C20H42,TUVABVIDZGYRMT,inputs/polymers/pp/config_73540.xyz,a5e6b58be725a409797da611520cf4dd3bd57cf32dfcca9a6098392ec4629ffa,pp_mcos/config_73540.mcos,6e2bf1f1fb50724c2400bc6cd04ed8aac8b0e7261eabb52b2de14306292bda4e
111,pp,pp,config_80350,62,C20H42,TUVABVIDZGYRMT,inputs/polymers/pp/config_80350.xyz,e8dc1ed557c9f1ad5d3f7ace571eb6c8a2b8fb11e918af929021e75c6bdb5053,pp_mcos/config_80350.mcos,18146a9d428b1c42677913cbd7370835c659e3f311b9aa88cc9514706d385133
112,pp,pp,config_84580,62,C20H42,TUVABVIDZGYRMT,inputs/polymers/pp/config_84580.xyz,8864ff79abc00cedd28c85af171341fd262033722eb0e785e514d558f8af17c5,pp_mcos/config_84580.mcos,772184f2f0d881c10f1aafd0190eb9f51e68b9a69d3ac992406ff5feb1b915e6
113,pp,pp,config_84650,62,C20H42,TUVABVIDZGYRMT,inputs/polymers/pp/config_84650.xyz,c2384dd383f2734499365a4e77f6dda7040f3e2b3ba56cbe5610fc8eeff2a73a,pp_mcos/config_84650.mcos,a3f2473183b9cbf3f3e96f2286c1faeab5f65c4f043e1de88c6ce898eaa704c9
114,pp,pp,config_87270,62,C20H42,TUVABVIDZGYRMT,inputs/polymers/pp/config_87270.xyz,68c9a4cff6d9420771f8eff66835e118ec6cac0877f0664161fccdf6752f02a9,pp_mcos/config_87270.mcos,a9b9a9add6776fdef4c17638ac33a744d6f922b388a58f7db2a18de4025224e3
115,pp,pp,config_89510,62,C20H42,TUVABVIDZGYRMT,inputs/polymers/pp/config_89510.xyz,e58ec9aef5855fde4132e9070092dd1dbcff1c4004ccc8ba6f4c32d324ce8bc8,pp_mcos/config_89510.mcos,68d16f9c3af43bffef92fd430f9fadc9843859f9be4e1a79dbe89433a7e5e5cd
116,pp,pp,config_90460,62,C20H42,TUVABVIDZGYRMT,inputs/polymers/pp/config_90460.xyz,3efc8d99ef93a23c02670ea71c5fd11cf8e6803410ca8688b9d999891840aa01,pp_mcos/config_90460.mcos,68fd2f35cbc906a72c273b0364022bf3d2e4a5abb0f2d604c1d2541bf8007744
117,pp,pp,config_91490,62,C20H42,TUVABVIDZGYRMT,inputs/polymers/pp/config_91490.xyz,65280d6370c7e0d8dc3dc3a89244c1d945cc7800d91144830e6db3c8875c512f,pp_mcos/config_91490.mcos,397367a1f03d28eb383442270f38c35d1e2162f3090946e0cea20542cc7a947c
118,pp,pp,config_96920,62,C20H42,TUVABVIDZGYRMT,inputs/polymers/pp/config_96920.xyz,69fc1b595b7c8e7d79faf4c21916434560a098bdd75359085bc25fb10fefcdb8,pp_mcos/config_96920.mcos,bb65b36466496b130854a55502e80b35fa43b7d2a383f877d261b52bb37e44e3
119,nylon6,nylon6,config_10270,84,C26H50N4O4,BEWWQWRUPMNYDO,inputs/polymers/nylon6/config_10270.xyz,58c03a2435fcaec36f00ca812e8c08195a93b39c5eb2ac2833c4d36e6b2f3822,nylon6_mcos/config_10270.mcos,fda38c5fece34cc3606e0d1071a1dfe0aa940b0aa2d77dcede71012a53120b3a
120,nylon6,nylon6,config_16620,84,C26H50N4O4,BEWWQWRUPMNYDO,inputs/polymers/nylon6/config_16620.xyz,1d7ec754aad32bafb858e56b9b7beca102b9c0d74c0df4ed76685d355b098997,nylon6_mcos/config_16620.mcos,d49e25fd15c60ef699d51852a4cba7edf843a78a3359372d21ffe5893d5734e4
121,nylon6,nylon6,config_18510,84,C26H50N4O4,BEWWQWRUPMNYDO,inputs/polymers/nylon6/config_18510.xyz,c08daf5842e2e0fdd6b702bdd72b4d5c2c47e663e317441258994b1d820224c4,nylon6_mcos/config_18510.mcos,a8b905e9e6cd3f2f5aa9993345252a9d623e58add3bdac82f3af57e377fac408
122,nylon6,nylon6,config_30460,84,C26H50N4O4,BEWWQWRUPMNYDO,inputs/polymers/nylon6/config_30460.xyz,d682f7ced40a66be54aaa6bd2a29a5c286fc4d89d4f4c56bfa3f2a51d177d129,nylon6_mcos/config_30460.mcos,67e379376f54463232f9c28a16d16b89c485c4e62da570036b3d9a51eab90b45
123,nylon6,nylon6,config_40830,84,C26H50N4O4,BEWWQWRUPMNYDO,inputs/polymers/nylon6/config_40830.xyz,2c0308e9c2ff435f2dfb8471403925753cf3b1b56a006744b666715a82cdc7c4,nylon6_mcos/config_40830.mcos,e37a630cfbb9be11f7d5150bd4051745291b000097089cd65b43e1bd5e6e52db
124,nylon6,nylon6,config_490,84,C26H50N4O4,BEWWQWRUPMNYDO,inputs/polymers/nylon6/config_490.xyz,800379fea4c84022ef878bd8d6dc27fda652907bcd66357a87c2cb8d47ca6bd0,nylon6_mcos/config_490.mcos,a2024ae49072806cb29d0c1398200e030cc5c9f2782b6fae262e7371d1087587
125,nylon6,nylon6,config_5560,84,C26H50N4O4,BEWWQWRUPMNYDO,inputs/polymers/nylon6/config_5560.xyz,fcd8534b318a8793c1e45b31407736088e14006f35770ed3698ea47fef3cfc4a,nylon6_mcos/config_5560.mcos,15d0963a3b6e4c2a584276df340c04f9be25b350c7069adbc2730bca2feb472d
126,nylon6,nylon6,config_55770,84,C26H50N4O4,BEWWQWRUPMNYDO,inputs/polymers/nylon6/config_55770.xyz,0e10c043fd941beace1aa60906d6b891cb0a2b02f57c0a9e5eb270f493279c2e,nylon6_mcos/config_55770.mcos,d5eb9fd71172384b2f53dc4322625ea8e217215709a1c26298e487b2c9d9eca9
127,nylon6,nylon6,config_69310,84,C26H50N4O4,BEWWQWRUPMNYDO,inputs/polymers/nylon6/config_69310.xyz,5987d1f5b816c7011ac1e453290f3866936f589c7ee97a216662253c0762401e,nylon6_mcos/config_69310.mcos,716ed587d7d6992b1de6d1a7f9be2b0bc4d46c927c4179195e9482f62441a603
128,nylon6,nylon6,config_79120,84,C26H50N4O4,BEWWQWRUPMNYDO,inputs/polymers/nylon6/config_79120.xyz,aa084e1faeccb4c9fe0590bea830797ccc6fc481de3971e5645e61fe86eb56e4,nylon6_mcos/config_79120.mcos,c8edabf726c9e19d8566649b939a3dbe7929ebf03e6cb2e80b2a09f991b0d08a
129,nylon6,nylon6,config_83290,84,C26H50N4O4,BEWWQWRUPMNYDO,inputs/polymers/nylon6/config_83290.xyz,e2139ae963899f0318778226c6b0a148ddd02dfcc006b11974ae2876b373e132,nylon6_mcos/config_83290.mcos,167a6485c3612db1a2a5362635bf8fd43831f17d25cfe69ff267a2ca27b8ada2
130,nylon6,nylon6,config_8330,84,C26H50N4O4,BEWWQWRUPMNYDO,inputs/polymers/nylon6/config_8330.xyz,36409842166983051e86333a2827807c94df582cf0b9646edb223dfba0a2cf15,nylon6_mcos/config_8330.mcos,beb43db59c7892bc67c610979d934e656fca14edb88ed2e3f11166b2055cdb86
131,nylon6,nylon6,config_8380,84,C26H50N4O4,BEWWQWRUPMNYDO,inputs/polymers/nylon6/config_8380.xyz,38c3b9d9ad9b7dc457115276f8ceeeb77460932332a9ca73c56d0aad2073b92f,nylon6_mcos/config_8380.mcos,604a42685c0e9784dec9f6a5cdc852c05586f99efbf42447e81df1c82f26b5cd
132,nylon6,nylon6,config_87100,84,C26H50N4O4,BEWWQWRUPMNYDO,inputs/polymers/nylon6/config_87100.xyz,418938c5164e0d25d9328e2e519bb55348105765b8900d6039ed836aee2c43b0,nylon6_mcos/config_87100.mcos,e72f99ddb99b80f87990f711b52828b6bff3ceb7366c5897989b6784f684d8e9
133,nylon6,nylon6,config_87690,84,C26H50N4O4,BEWWQWRUPMNYDO,inputs/polymers/nylon6/config_87690.xyz,8fa21715225a71b1eba727dc3ea270aea3e1fdc69954e1749e3576c768fac122,nylon6_mcos/config_87690.mcos,63596f23f22fdc9d3a70bbf9578efb8923de34f93084abe0f64c221ab2539c12
134,nylon6,nylon6,config_89840,84,C26H50N4O4,BEWWQWRUPMNYDO,inputs/polymers/nylon6/config_89840.xyz,f238735e55905b96d3116b0a3681796b5867c752dd7f1ec5815330f28eef1270,nylon6_mcos/config_89840.mcos,6f5e1525a0a2c8e1ea5ccc51a5428baedf41691d671d4089dca2bbfcad6a9404
135,nylon6,nylon6,config_92030,84,C26H50N4O4,BEWWQWRUPMNYDO,inputs/polymers/nylon6/config_92030.xyz,1b9d132f27f29ec42b2405c0e0dc4d30410d109459574ffb3c0d0697fecb79e0,nylon6_mcos/config_92030.mcos,5fae6fcf2ae3e8777e73ceeb756be9f2d58e65ae144cbb257346626526604f43
136,nylon6,nylon6,config_95370,84,C26H50N4O4,BEWWQWRUPMNYDO,inputs/polymers/nylon6/config_95370.xyz,d4a817946ab3d8149d8f8759ec228a50ba034de6a9bd5bce6b08ecb623d44c3c,nylon6_mcos/config_95370.mcos,b62d2e3343ca1e6c8861e3f2d0b6469521912769387eb98bb0bbc21766f0d569
137,nylon6,nylon6,config_97370,84,C26H50N4O4,BEWWQWRUPMNYDO,inputs/polymers/nylon6/config_97370.xyz,93443a12db66a86dfa78746fd1be9e25363be6a5d4d35cb58bae2f81d1607f63,nylon6_mcos/config_97370.mcos,e48e98b506795d8615dc410a39626e81d8c248e7ac6bc9e26a9d585dbb489a2f
138,nylon6,nylon6,config_99080,84,C26H50N4O4,BEWWQWRUPMNYDO,inputs/polymers/nylon6/config_99080.xyz,51aba23abbb215288a6fd685ca57cb23eb2e495d0fa46ea882b948f593dbaa8f,nylon6_mcos/config_99080.mcos,bf4942b54e2a0afba7f7cdf2761e9426e5c6d34ae8d2d034cb2700260e90a0cb
139,nylon66,nylon66,config_14660,84,C26H50N4O4,OLUNEUWZULUAAW,inputs/polymers/nylon66/config_14660.xyz,696f458b1111e59037e73f8a38187b4c471130becb28a7fb7477d18debebedda,nylon66_mcos/config_14660.mcos,dc24d96ec108c1f1b7dfea912452d40f26487d726a100f062cfc296238150a8f
140,nylon66,nylon66,config_15560,84,C26H50N4O4,OLUNEUWZULUAAW,inputs/polymers/nylon66/config_15560.xyz,35e17ed486228b81b0445a72a23d2b3170593ffbc50ea118ca1e75450fe47e57,nylon66_mcos/config_15560.mcos,a6838630a4cfae743249c6111d6569c303316d458f8fa49e6ae65bc6cb0f2007
141,nylon66,nylon66,config_16590,84,C26H50N4O4,OLUNEUWZULUAAW,inputs/polymers/nylon66/config_16590.xyz,d1b127804da388d11f3aac5526662d8aad81fb06ca55d9e12ab7d76a1bb14207,nylon66_mcos/config_16590.mcos,127cbad461520dc0ef5074dc59d924a9a6f75f062dd0ecfc9865630770ae7579
142,nylon66,nylon66,config_18870,84,C26H50N4O4,OLUNEUWZULUAAW,inputs/polymers/nylon66/config_18870.xyz,cf00480109f8aa66723066810a8499fa78b15ed854a717d75d067813a981b500,nylon66_mcos/config_18870.mcos,3114e1c6428faabc8bba1531be9d2d65203c3d7f7cd5a6cf3a0a43375e2281a4
143,nylon66,nylon66,config_20460,84,C26H50N4O4,OLUNEUWZULUAAW,inputs/polymers/nylon66/config_20460.xyz,ce1c76e2b270bc7576fc43728ff80580cb8d57d06135a4f5f86d302c622f120d,nylon66_mcos/config_20460.mcos,ad8ca6793482822bef260633c8a77befb7c3dc607be6d7c3c647e7385dfc0fff
144,nylon66,nylon66,config_23290,84,C26H50N4O4,OLUNEUWZULUAAW,inputs/polymers/nylon66/config_23290.xyz,3131855489a300ce0144303231fba9baafe7404e07098e139c0c73b5e404d0b3,nylon66_mcos/config_23290.mcos,886267b7f808d1b02695f92d87127e0d9cc03d6bae8ede104891c82f6d53a2c0
145,nylon66,nylon66,config_34850,84,C26H50N4O4,OLUNEUWZULUAAW,inputs/polymers/nylon66/config_34850.xyz,c1bc08ad0da4483010c5a7f131bbb63b5aadaf6b6f9d0f6c653bc293cbe8e289,nylon66_mcos/config_34850.mcos,fcbb05884f385ed631d988e5519e8aab0a70691ecbf8d0b9d768824c7505ff32
146,nylon66,nylon66,config_3620,84,C26H50N4O4,OLUNEUWZULUAAW,inputs/polymers/nylon66/config_3620.xyz,97dad8f9b4bdd500dd707f9e218dda7f6f7c3c73e68b4fa8247daef9d56531ff,nylon66_mcos/config_3620.mcos,c2f374b274e3a14eae7fc319d2b29e02094445dddf28e2378c3293ecfd040793
147,nylon66,nylon66,config_37470,84,C26H50N4O4,OLUNEUWZULUAAW,inputs/polymers/nylon66/config_37470.xyz,e4943b64acf42555be91d4c2c50ab43db2de3ec5fb28e42f1ff9bed6a302f24c,nylon66_mcos/config_37470.mcos,8d7aa5a56e8aa9ca523d0b3032e5618b896b5b9315279a97a94bd82d4654b964
148,nylon66,nylon66,config_38400,84,C26H50N4O4,OLUNEUWZULUAAW,inputs/polymers/nylon66/config_38400.xyz,aebd6c05af7bc219f1206cd6b628236eb18740bb9efdf9dfc4b6f7a037d09008,nylon66_mcos/config_38400.mcos,b5fdd794decf326db49e18ab5a2b68301842c257f946ed85f242183ad369ad2b
149,nylon66,nylon66,config_40740,84,C26H50N4O4,OLUNEUWZULUAAW,inputs/polymers/nylon66/config_40740.xyz,32334b8daa954514820bc8b04578e58a8f5dd24856d2876ca3e86ce0829b06b4,nylon66_mcos/config_40740.mcos,b736161bdff18149e94786be672ab5c535ad6abeabded23d72d09c1c7a509978
150,nylon66,nylon66,config_45900,84,C26H50N4O4,OLUNEUWZULUAAW,inputs/polymers/nylon66/config_45900.xyz,5bb85eaef585013d88a6f28a01ee26e7c43bac502952160f8069d4fbad9964f9,nylon66_mcos/config_45900.mcos,82e16a4b0ad763f965885f5e4dae0005ae2344507188787d4990cbd5f5851a42
151,nylon66,nylon66,config_46520,84,C26H50N4O4,OLUNEUWZULUAAW,inputs/polymers/nylon66/config_46520.xyz,b7a298e9b75232df47b5b8f29a1e31f5088a0bddcca44e21fb694f32e38ee8c0,nylon66_mcos/config_46520.mcos,c8e7aabfd25fab8d6c7745957901e0d25e5ec80f9b6d06b186d10216d315793e
152,nylon66,nylon66,config_52090,84,C26H50N4O4,OLUNEUWZULUAAW,inputs/polymers/nylon66/config_52090.xyz,2c8cd1e03328ac7d71e6ec086c79c7037ca269f4889f479dc41c7794567ccbd4,nylon66_mcos/config_52090.mcos,4c24cb2722be74ea9fda4133dab3af5355a9d678b07d6ee63c7aac2e1e2f7cfe
153,nylon66,nylon66,config_61870,84,C26H50N4O4,OLUNEUWZULUAAW,inputs/polymers/nylon66/config_61870.xyz,570deeb66dcd63018d91474a68a2f746bea8a32b67b38df063c9b5e357e75e61,nylon66_mcos/config_61870.mcos,2267b5fa354737f7a1a4c31f88270c827807d20de3ed29a1531c2042b9a52a1a
154,nylon66,nylon66,config_62050,84,C26H50N4O4,OLUNEUWZULUAAW,inputs/polymers/nylon66/config_62050.xyz,59fc24af8bef573737d78335eb340fa330d09a3c09c7f1bbc30ac168064a22ca,nylon66_mcos/config_62050.mcos,f18c7a5e3afaf1fbcfe1ea4dbb3634e1eab8446c74189cfcc06f3d4ccc8033d3
155,nylon66,nylon66,config_63140,84,C26H50N4O4,OLUNEUWZULUAAW,inputs/polymers/nylon66/config_63140.xyz,9591db98bb73d4df32ec0d13b8ab31a698ed2efbdf684070f9a43f5c5ea69c95,nylon66_mcos/config_63140.mcos,ac5c791d2fb92b025db67e7b25fd4804ea994b286c6d79f74ea36f6280e4aee4
156,nylon66,nylon66,config_64680,84,C26H50N4O4,OLUNEUWZULUAAW,inputs/polymers/nylon66/config_64680.xyz,9a22b1a0f8c3731b7a1ef2ae245832adb1a41e2c659e99ea57705d62d2e7e778,nylon66_mcos/config_64680.mcos,a47e594919f7ffdf59cc9e6c0638727fe93b2d0ed3474a1aa6f8c8506bf3b27d
157,nylon66,nylon66,config_74780,84,C26H50N4O4,OLUNEUWZULUAAW,inputs/polymers/nylon66/config_74780.xyz,ad728e7cca4c090ffe86d7392528b84e2752d0cbb57453af9e00e19ac477d757,nylon66_mcos/config_74780.mcos,fa0270ee4abdfe478bd6d1a6f0f5dd62b949fbff985539c8c6fd7cea3b6b2c74
158,nylon66,nylon66,config_77070,84,C26H50N4O4,OLUNEUWZULUAAW,inputs/polymers/nylon66/config_77070.xyz,5cf41e7db17f836116ab49fb2b1efdc10f4ffacaa9258ec977fb626b153ebbc2,nylon66_mcos/config_77070.mcos,aae88deed9bb0f0060a77eeb7990441f2484cf956e7b9949ebd8affeee0ea039
159,nylon66,nylon66,config_84570,84,C26H50N4O4,OLUNEUWZULUAAW,inputs/polymers/nylon66/config_84570.xyz,65f0f0dabb23206a007cbb34451555c03f09876614607325a07330d694d21788,nylon66_mcos/config_84570.mcos,0127af9ebdfcb97a8df34f2a14216934d592b49d2149d585dcec99a58a8b572b
160,nylon66,nylon66,config_85810,84,C26H50N4O4,OLUNEUWZULUAAW,inputs/polymers/nylon66/config_85810.xyz,46e8c5dd075053a605066875b58fa225c5c307f01f10b5c494c6451b93636b5f,nylon66_mcos/config_85810.mcos,2b59c2a605d09b400dc2303b1f97457275aa9afed919e20e61c1b7387783f035
161,nylon66,nylon66,config_86410,84,C26H50N4O4,OLUNEUWZULUAAW,inputs/polymers/nylon66/config_86410.xyz,87bf49a355546b76600968344f0a2badcaf22bb8f6cd87e63942f3eceff7f673,nylon66_mcos/config_86410.mcos,37b0fcefd12f4d60962637b8461259e994b679a98aea66225e27382958acf6de
162,nylon66,nylon66,config_88080,84,C26H50N4O4,OLUNEUWZULUAAW,inputs/polymers/nylon66/config_88080.xyz,e1e62d51f3e30fed60941f88726a04e400ca6a7e9a15198f63c4c44ccb02a79c,nylon66_mcos/config_88080.mcos,79ca68977d61c652d8bb6cb46a433979859e7bb8b15a89048d1064adcdc48de9
163,nylon66,nylon66,config_88790,84,C26H50N4O4,OLUNEUWZULUAAW,inputs/polymers/nylon66/config_88790.xyz,035f509fa9e6bc670f4608822ae818b9a8994e41e12ce5adfd161ebbc2c8b067,nylon66_mcos/config_88790.mcos,d25783f890a1d0b3f1c45f246e55ccb82d2b972f3816c2a18dfabaefe9177604
164,nylon66,nylon66,config_93100,84,C26H50N4O4,OLUNEUWZULUAAW,inputs/polymers/nylon66/config_93100.xyz,08326d684218f31e80901a6b1e30f58ed4d7fd841663c5de7fe050f0fdea3e2f,nylon66_mcos/config_93100.mcos,f5f9d71148208524605e82522f0a11cd11e712730a90d4b8c13d3e4e43797a41
165,nylon66,nylon66,config_93720,84,C26H50N4O4,OLUNEUWZULUAAW,inputs/polymers/nylon66/config_93720.xyz,5073b90c10d58e39143cac82e6511f85752ebda7688706ffceefa1427157d803,nylon66_mcos/config_93720.mcos,972d9adb33278d07e1b5cec0b0408c76e508624821e5ed281f70d4bb8dbe710c
166,nylon66,nylon66,config_94000,84,C26H50N4O4,OLUNEUWZULUAAW,inputs/polymers/nylon66/config_94000.xyz,c14c278567e39595e10d1fef240c89207c09e61d2bf94c164c87b2234a88486b,nylon66_mcos/config_94000.mcos,88cfc3bea0433ae7c07f0e0702bec68d4351376e11307aa304f5cd1d0f400a10
167,nitrocellulose,nitrocellulose,conformer_001_frame9,88,C18H21N11O38,FJWGYAHXMCUOOM,inputs/polymers/nitrocellulose/conformer_001_frame9.xyz,14f9cc420b5acd0c246ebc795661397ff844258ff2c107a832149d5f40b109dd,nitrocellulose_mcos/conformer_001_frame9.cosmo,8cc1feedce4c249b5bbba6d41e8f14b5a82509568fa51f5c676c347e04e1be46
168,nitrocellulose,nitrocellulose,conformer_006_frame105,88,C18H21N11O38,FJWGYAHXMCUOOM,inputs/polymers/nitrocellulose/conformer_006_frame105.xyz,ec723e23caed18b24c8223f93952d0092dccc0fd6037ee04303e909016e1334b,nitrocellulose_mcos/conformer_006_frame105.cosmo,3e42ea198db963780de61cb5440e5fbbb787198073ac8888d579bfabee1828e1
169,nitrocellulose,nitrocellulose,conformer_010_frame190,88,C18H21N11O38,FJWGYAHXMCUOOM,inputs/polymers/nitrocellulose/conformer_010_frame190.xyz,d5c78ff8ac4d560a289bf8686105853ed200ecccf512086a56f2b460415457b7,nitrocellulose_mcos/conformer_010_frame190.cosmo,011f41927951485d2372d1f8088b83b0f4c230b6346d7a944ff9064c42011836
170,nitrocellulose,nitrocellulose,conformer_011_frame199,88,C18H21N11O38,FJWGYAHXMCUOOM,inputs/polymers/nitrocellulose/conformer_011_frame199.xyz,a03b8877fc4f53459a1c65b366a94491783d7b0705abe236f51ea6905b9606b6,nitrocellulose_mcos/conformer_011_frame199.cosmo,de2bc3a03a70a99a5d9e83f171081c9250435b45128a29e2da9d933dfbf6564d
171,nitrocellulose,nitrocellulose,conformer_018_frame268,88,C18H21N11O38,FJWGYAHXMCUOOM,inputs/polymers/nitrocellulose/conformer_018_frame268.xyz,5cfd7e23735eb0698d7ad016e89cd3548831792b7260c1ea406e5500e30c7cc8,nitrocellulose_mcos/conformer_018_frame268.cosmo,8e801d759e5fa49f104e69dc64684c42a222189213f9d7544a135c216d0cf8bb
172,nitrocellulose,nitrocellulose,conformer_024_frame419,88,C18H21N11O38,FJWGYAHXMCUOOM,inputs/polymers/nitrocellulose/conformer_024_frame419.xyz,b26ba220dc1e8de7ec8a6dededfb2c97fc63cf67c71c097c8ee6f83b555d0595,nitrocellulose_mcos/conformer_024_frame419.cosmo,4308e5a7e1882802b6cf0343e29ebead5cbb9a85a5dd5aec7c624feff62d6f41
173,nitrocellulose,nitrocellulose,conformer_026_frame434,88,C18H21N11O38,FJWGYAHXMCUOOM,inputs/polymers/nitrocellulose/conformer_026_frame434.xyz,f5db5d288fa3e6c452bae266e846510baaa4d775c1a27772d4cdc75cc6321cb3,nitrocellulose_mcos/conformer_026_frame434.cosmo,5bef1b3c37d7d759f0357da738a6bbfeb0d6bec7a57140e00a44d23324ad3922
174,pet,pet,config_16910,91,C40H34O17,KXFLPOHHHVBAOO,inputs/polymers/pet/config_16910.xyz,ee0460f165ceffb93aabe0304627bb2518b9a0bdb25cea40b6d31f1ee29b8ef6,pet_mcos/config_16910.mcos,7bd4ab9319d29a238aa643073b74051885510073bd3c1299e634629fe0625ba6
175,pet,pet,config_17500,91,C40H34O17,KXFLPOHHHVBAOO,inputs/polymers/pet/config_17500.xyz,a3e6eaabb9a96d5a98bcafda050b4c5172e7cf2b95c6dd39e3149eec3772c0b4,pet_mcos/config_17500.mcos,c5d24f51863eccf3dabbc6e41e1008c58ecf51951840e06c6843310fbc7d49ff
176,pet,pet,config_17510,91,C40H34O17,KXFLPOHHHVBAOO,inputs/polymers/pet/config_17510.xyz,c53a304586581fb82272c724453e3450ae91f00ff246e8e5bf2d9df4d3ae513e,pet_mcos/config_17510.mcos,a8b4efd42321dcc868b2bcfa32e80fcf968c4854925a057ebf23754679c0f910
177,pet,pet,config_25330,91,C40H34O17,KXFLPOHHHVBAOO,inputs/polymers/pet/config_25330.xyz,84aa75a15d7cf9afe10327b3f03fca06ebd918d54b1b50786e37c2999d8e65fc,pet_mcos/config_25330.mcos,ba353b46fb5f21d6e698e68f68f40ca29abc1104f80596c440f54ebe662af109
178,pet,pet,config_27150,91,C40H34O17,KXFLPOHHHVBAOO,inputs/polymers/pet/config_27150.xyz,02d4ba877dadc70ed57d443dd6ba07d0cafbb201f2a4f1ef691f7d6303be6b22,pet_mcos/config_27150.mcos,ee012281ca674bb08223a70affab455f96a8a25287c6faaa62bc1ea237e04402
179,pet,pet,config_29710,91,C40H34O17,KXFLPOHHHVBAOO,inputs/polymers/pet/config_29710.xyz,532ef510bf050cbd6d45d6576702748e6ce8376231e5881c3944280a4e8244ae,pet_mcos/config_29710.mcos,a4944dbb57cecb38791742f98379c75315431929f4752ab95433ac8c68625559
180,pet,pet,config_30310,91,C40H34O17,KXFLPOHHHVBAOO,inputs/polymers/pet/config_30310.xyz,2e193a37a90a768b253a188250748953c24c452e3c3c8bef487b4b4821dbefbb,pet_mcos/config_30310.mcos,46eef6adbef78d3c18a86e63ca92d3dee3eef19f0b62f389dece880a51918cf6
181,pet,pet,config_31560,91,C40H34O17,KXFLPOHHHVBAOO,inputs/polymers/pet/config_31560.xyz,f74e9f7892ebbbb3cb87959075d85d34efed118258534e5e6668aa0df8f362b0,pet_mcos/config_31560.mcos,9a01f2550d4da972b09e3de66dcc56ea8bae05401a6eb8e4325dee91956290c1
182,pet,pet,config_42020,91,C40H34O17,KXFLPOHHHVBAOO,inputs/polymers/pet/config_42020.xyz,a3633d1350d7093d855623d31daf1407ec8b39d39de27a4abf52f2e93076c1d6,pet_mcos/config_42020.mcos,44a6cb7a082fb0465e3bf43d55669726c922d2287fd0ad099d510476b388aebc
183,pet,pet,config_44100,91,C40H34O17,KXFLPOHHHVBAOO,inputs/polymers/pet/config_44100.xyz,f12a1237e6a1ee179d029da4f0c1a977c5772e69d4151f337644a6ac828dcb1d,pet_mcos/config_44100.mcos,752d1e725790dd7d8d995a8189617d089b621d87da278c2a2cb4d9dc8cf8f939
184,pet,pet,config_4560,91,C40H34O17,KXFLPOHHHVBAOO,inputs/polymers/pet/config_4560.xyz,fcde5da54986949c628e2f4096b0d8fb89d41a4d9706f10ed03141b1d0184424,pet_mcos/config_4560.mcos,599b3939c07bf477aaf81a02038d2bf4160ac4f26b0df928f05d76b981d0a6be
185,pet,pet,config_45800,91,C40H34O17,KXFLPOHHHVBAOO,inputs/polymers/pet/config_45800.xyz,fc614a28b12290dc375fff987c5a9a672e5d064dd96093dc114119ad8ba86105,pet_mcos/config_45800.mcos,c61d6cb0a8cb9fc59b78d9ead6d1a938e571447248a07b6f6d74ec392c5a9d46
186,pet,pet,config_4940,91,C40H34O17,KXFLPOHHHVBAOO,inputs/polymers/pet/config_4940.xyz,e06266c009df4fa8953fe454cb08b1ebe14d0f24bb5519ba59e98634e2e12129,pet_mcos/config_4940.mcos,03419e052d3c897d36575a75af8cc0d4afe371b7595fa9b3c1185ddb10a2684b
187,pet,pet,config_54160,91,C40H34O17,KXFLPOHHHVBAOO,inputs/polymers/pet/config_54160.xyz,a8cd653d1f931cdef9580fb2e9a685b61c14def6c561679cce91412aeac81f66,pet_mcos/config_54160.mcos,fe1c337b1d074912e811060875f8241cd5b9642f81f392c5caf0f31be0e62dae
188,pet,pet,config_59600,91,C40H34O17,KXFLPOHHHVBAOO,inputs/polymers/pet/config_59600.xyz,417caf7fb9ba7aa244616b3cf10c1b5eae42ec82b07308b228c578dd66c1e118,pet_mcos/config_59600.mcos,62086bcb695edd92bed74731aeffadbe732ae81b4ae1bc008f05bca919322a3f
189,pet,pet,config_63840,91,C40H34O17,KXFLPOHHHVBAOO,inputs/polymers/pet/config_63840.xyz,1a67a4fd22a97a590c2a84ebd4230227533729d9e52456c95e5149a0eaf24841,pet_mcos/config_63840.mcos,91dad96cceaae4fabee49192b3b10c0f55c520f2411e11b95db6ccfd0ca784d8
190,pet,pet,config_64920,91,C40H34O17,KXFLPOHHHVBAOO,inputs/polymers/pet/config_64920.xyz,1ffbc7ee2c28b2b267829d9ea1507514faf3aed5a842e86ce5f255b960a215a2,pet_mcos/config_64920.mcos,302364bd537cb6693b884ae76d975cb6fc059400630e345e5d3dcb9997a03807
191,pet,pet,config_70220,91,C40H34O17,KXFLPOHHHVBAOO,inputs/polymers/pet/config_70220.xyz,199500d374b18e73143ace08fe2d952290d2be29d0d1835786e91b8e663337d4,pet_mcos/config_70220.mcos,782c6c0f3f367043773a95452805e42013c28f8c70d5460d0cf9ae42a071a32d
192,pet,pet,config_7090,91,C40H34O17,KXFLPOHHHVBAOO,inputs/polymers/pet/config_7090.xyz,f2ce8d9161dd07d4f640184b5ecd039ed8606abef3cd7a2c8dc6993f31329164,pet_mcos/config_7090.mcos,4c8f14625f9abf7f84ad14e943881b21bfb521d1943d70f63abc1f668e70a247
193,pet,pet,config_72450,91,C40H34O17,KXFLPOHHHVBAOO,inputs/polymers/pet/config_72450.xyz,fef0034307d1d340a0191751c0e61e33257edfa0dca57f043cd5637f8327c7e6,pet_mcos/config_72450.mcos,fcafa6346cdfc91cc0068fe4369818bcffe2e5dbd37823433880f5ac31ccdccd
194,pet,pet,config_79060,91,C40H34O17,KXFLPOHHHVBAOO,inputs/polymers/pet/config_79060.xyz,a249a10271bf9172c5b5b4cb39fa0372d77ca4d0d45f62ea64b9b58d2fd8b937,pet_mcos/config_79060.mcos,a57d91e6a1bce4b7deefeeaca7022f84d917e40dbf5cab7ae3f5b25c917528e9
195,pet,pet,config_89380,91,C40H34O17,KXFLPOHHHVBAOO,inputs/polymers/pet/config_89380.xyz,bbcde96c11bd37898036f04c54471bec54c8ba5aa5814a965f706497ba278437,pet_mcos/config_89380.mcos,c405c53ce1b0dd031073c5a29d43681d00f22a542f297112fe7967dd59138d2c
196,polyethersulfone,polyethersulfone,conf_1190,98,C48H34O12S4,PGWZYFJXDNLYOE,inputs/polymers/polyethersulfone/conf_1190.xyz,6f4b44fa69fb17f5b7a08f7ab089ed9f55985d23b50199255a26f7da82f44794,polyethersulfone_mcos/conf_1190.cosmo,08634d400189ce6d40f486d9c9a7ce3c9ea893cc77be92965ae55b686d39d7c7
197,polyethersulfone,polyethersulfone,conf_1770,98,C48H34O12S4,PGWZYFJXDNLYOE,inputs/polymers/polyethersulfone/conf_1770.xyz,4f1e2015ce6704615625cd52e4deba716687e8b0bc7decd828fcf6699e68116d,polyethersulfone_mcos/conf_1770.cosmo,88985b7969aebcf8c7d8ae987d320434edda9d39514d93f1ccd98fe770519656
198,polyethersulfone,polyethersulfone,conf_2580,98,C48H34O12S4,PGWZYFJXDNLYOE,inputs/polymers/polyethersulfone/conf_2580.xyz,0d5c596775f0d2c1ed8e0023e1ee725e5d3396666be1bfc14383fdb813bd3b67,polyethersulfone_mcos/conf_2580.cosmo,fdd6a3710b5322ac8cd702a741caad93bcb7432781025a6532c73aa43ba34adb
199,polyethersulfone,polyethersulfone,conf_2680,98,C48H34O12S4,PGWZYFJXDNLYOE,inputs/polymers/polyethersulfone/conf_2680.xyz,0f435061a345cab3e83b38e91d6926439a5cd78daf7ae18ee6c9e64af9b87d59,polyethersulfone_mcos/conf_2680.cosmo,762635e1e058cef9d9f76565c8e184d6a4d62f44c5af571ecbf5c7cb97005193
200,polyethersulfone,polyethersulfone,conf_2830,98,C48H34O12S4,PGWZYFJXDNLYOE,inputs/polymers/polyethersulfone/conf_2830.xyz,4a2c390b0304538ce99ebaa93642dd2a2abd96288b37531b4212d4e0e8418c5e,polyethersulfone_mcos/conf_2830.cosmo,132f1468d9f482d07cc7b08c4bcba1989f772932ef341483e60f435204758d54
201,polyethersulfone,polyethersulfone,conf_3850,98,C48H34O12S4,PGWZYFJXDNLYOE,inputs/polymers/polyethersulfone/conf_3850.xyz,be500975c2410f50ce0ece065fdc0f1d680854416767520079fa7d440ad3bb2c,polyethersulfone_mcos/conf_3850.cosmo,943454324ba2b7dce180962b9c2a0fe8fbf0db68da0cfa1e452f57d40a92b6c6
202,polyethersulfone,polyethersulfone,conf_4160,98,C48H34O12S4,PGWZYFJXDNLYOE,inputs/polymers/polyethersulfone/conf_4160.xyz,5a655062bd5a0eb4f88632f3196c3804140e18124765512df84dd3530fcc9157,polyethersulfone_mcos/conf_4160.cosmo,842d51edee1d64c5be7c95725983da6e4433fb4bd7685abc64fe22b494b35278
203,polyethersulfone,polyethersulfone,conf_4200,98,C48H34O12S4,PGWZYFJXDNLYOE,inputs/polymers/polyethersulfone/conf_4200.xyz,2c4d3ca69f964ebe98a4e4946c0df1607f6e07fbe14321c2600200b3024dc68f,polyethersulfone_mcos/conf_4200.cosmo,9c210d231c2c70c008596aa6b8453a81449be23db3b498f56e21035404735789
204,polyethersulfone,polyethersulfone,conf_4460,98,C48H34O12S4,PGWZYFJXDNLYOE,inputs/polymers/polyethersulfone/conf_4460.xyz,098b63f65e5c85ac45ef0d4031e7b1efa40808dbbfe35dcd6d9df94919d70752,polyethersulfone_mcos/conf_4460.cosmo,d05e25a0d096351c70a6bd9070e7de0fe0d9feaf01a9c7675d23630166e73e46
205,polyethersulfone,polyethersulfone,conf_4540,98,C48H34O12S4,PGWZYFJXDNLYOE,inputs/polymers/polyethersulfone/conf_4540.xyz,0925bbb0875e023058e12d3c5e907dc02b0cdd19bfc81a453fa26c8a617af370,polyethersulfone_mcos/conf_4540.cosmo,0c71395dae1fbb4134314596e4dea5988641f7ebaecb2d7349064c12415040f8
206,polyethersulfone,polyethersulfone,conf_5180,98,C48H34O12S4,PGWZYFJXDNLYOE,inputs/polymers/polyethersulfone/conf_5180.xyz,fa9e3d96891aad714b9baa85b5d6409efb840c6b40e448530f24dfda0c2d6e7a,polyethersulfone_mcos/conf_5180.cosmo,2c7d1d4912442e43a3acf830b0ab2e68bb5ab23c38e0279f52ead8d7a4435b83
207,polyethersulfone,polyethersulfone,conf_5460,98,C48H34O12S4,PGWZYFJXDNLYOE,inputs/polymers/polyethersulfone/conf_5460.xyz,1df6e5bbf9b8015c98403fda1d931ba8a973b2e3969934b64f4b95f92c6fc0d2,polyethersulfone_mcos/conf_5460.cosmo,b8ec84792ec113bca8ea50381a37238727bf006ee200a2594c22a174b6165629
208,polyethersulfone,polyethersulfone,conf_5800,98,C48H34O12S4,PGWZYFJXDNLYOE,inputs/polymers/polyethersulfone/conf_5800.xyz,49f88370c2afae82cbd50e6ae412ec5a672d6ad6fcc0fc3024a405f49f1e86db,polyethersulfone_mcos/conf_5800.cosmo,093cb5b88b467323827d3c08b2801e4873b2c85dcbc365538f3034aac260a140
209,polyethersulfone,polyethersulfone,conf_6720,98,C48H34O12S4,PGWZYFJXDNLYOE,inputs/polymers/polyethersulfone/conf_6720.xyz,739a4b15d97f28e38e25f6d5cdfa7485a6106ab33f5f870c7871ab8c2550a769,polyethersulfone_mcos/conf_6720.cosmo,5516bc786f6b9f0d7c3fd8c63c6b9117b60030358b05547746cb64a8d2aecc9e
210,polyethersulfone,polyethersulfone,conf_810,98,C48H34O12S4,PGWZYFJXDNLYOE,inputs/polymers/polyethersulfone/conf_810.xyz,4e01985ace8cfd9048af305630a0a2464b9dc45a7397c353cef68b083c0b3a80,polyethersulfone_mcos/conf_810.cosmo,4fa8e5bf6668c1670187e461cfe2bf7ee74e3d296b7a93e2c98cc6ff538dc178
211,polyethersulfone,polyethersulfone,conf_8820,98,C48H34O12S4,PGWZYFJXDNLYOE,inputs/polymers/polyethersulfone/conf_8820.xyz,9d9943c371441d1a50a7b405eb5474c62ddb8c305d7b98cd713dbdc2992bd5d3,polyethersulfone_mcos/conf_8820.cosmo,98f0276587d97dbe6f963ec8bedf3de5b30857256545be3c9a313ce20a71ec90
212,polyethersulfone,polyethersulfone,conf_8860,98,C48H34O12S4,PGWZYFJXDNLYOE,inputs/polymers/polyethersulfone/conf_8860.xyz,98e5c58940e124d035ad0c939cc5f667a08fcccba38189488d26087cab0be927,polyethersulfone_mcos/conf_8860.cosmo,6b2a5568386078aa9a5609504a84ab2a8a87645e4b2bf387487e3ecb9e11a4b7
213,polyethersulfone,polyethersulfone,conf_9010,98,C48H34O12S4,PGWZYFJXDNLYOE,inputs/polymers/polyethersulfone/conf_9010.xyz,a4e1468e8cd90a3a884bdeb44b24c3ae198be5be1b35aebf9924782a4929a685,polyethersulfone_mcos/conf_9010.cosmo,2235c1d83f6491156be25fda058a55298d62ce5ec52d8785d7f8281a64fb9a41
214,polyethersulfone,polyethersulfone,conf_9360,98,C48H34O12S4,PGWZYFJXDNLYOE,inputs/polymers/polyethersulfone/conf_9360.xyz,55158699bf0711ad528c0de620480b270d03387ad30d89a05ba3b058084ec5b2,polyethersulfone_mcos/conf_9360.cosmo,31ee001f7e056747e20f83439fbf5d614741f963fa927640ebe8a2d24b09fc84
215,polyethersulfone,polyethersulfone,conf_9610,98,C48H34O12S4,PGWZYFJXDNLYOE,inputs/polymers/polyethersulfone/conf_9610.xyz,c464ea036f2163ba440339210ff36f9c53e8c8c9bb5fef4a77b8ad6517ae640f,polyethersulfone_mcos/conf_9610.cosmo,25b730db6aa1905dfc00e06d35b3eb9422e8dc7bb757e0a69ba67465423f3735
216,ps,ps,config_17970,104,C50H54,DDWOBGZHJCTJGO,inputs/polymers/ps/config_17970.xyz,10d250fba9d23fc4c49f0c209888a4ace0b9306fbf6550bcbc33202b98d74a70,ps_mcos/config_17970.mcos,998aff2638a1b4e55d6e82d2492bede6cb889abf85f720cc595959501cac8d58
217,ps,ps,config_18110,104,C50H54,DDWOBGZHJCTJGO,inputs/polymers/ps/config_18110.xyz,4fbbf503edeaccefc7e3ffbba626b66da16bb6142b6cedf073ba8d42c4cacb61,ps_mcos/config_18110.mcos,514c52aeabafa47012ae6c90d36f39e9baf9b9b806f739e10909cf124b31411f
218,ps,ps,config_20120,104,C50H54,DDWOBGZHJCTJGO,inputs/polymers/ps/config_20120.xyz,530d97e06044d1ea6fa63709ea02f922d40666a732511d4abee62f2c6e76a577,ps_mcos/config_20120.mcos,62e39c2884523605471def15e048eef9442f5c44fdf335b8e14c8232a1f26c4e
219,ps,ps,config_23380,104,C50H54,DDWOBGZHJCTJGO,inputs/polymers/ps/config_23380.xyz,e24310021e36b2a66e90400abae45a2d5d1af866a8440b5b59aec89237031aae,ps_mcos/config_23380.mcos,8bccb08966894552785b177e70e798b4a33c7eab1539fb50e98e7916967add3e
220,ps,ps,config_2670,104,C50H54,DDWOBGZHJCTJGO,inputs/polymers/ps/config_2670.xyz,63191ef9511bfcfb333bc80eb0a134664abd867878beb904383a5c3c8f16537a,ps_mcos/config_2670.mcos,94b6a9565effe222302701dae4146772fc68db3e1a02fd6a4bafdd8b965b7df6
221,ps,ps,config_27430,104,C50H54,DDWOBGZHJCTJGO,inputs/polymers/ps/config_27430.xyz,78be880f3082d05451b8d1cd20ce0c4cec0e1a30b8c6efcc0f12a69b9978d99e,ps_mcos/config_27430.mcos,73e5ae1bc13ea9428ee4474ab0250531e25326a83f7fe0bdfc98c531cacb937e
222,ps,ps,config_29730,104,C50H54,DDWOBGZHJCTJGO,inputs/polymers/ps/config_29730.xyz,e29d43c81bd672c8a21e9b2475f30091ff8c8c1e2d7d91feac7f1a3d8f170949,ps_mcos/config_29730.mcos,2a4a9d9d54ba7fd8d09561b524dee75fcbe1894ebd976ae4892c40866052744c
223,ps,ps,config_33110,104,C50H54,DDWOBGZHJCTJGO,inputs/polymers/ps/config_33110.xyz,19d95bc257acc2c1df6763a75cb4f66b134f7e7d8dfa69435b641dcbc9258332,ps_mcos/config_33110.mcos,3495473d8aba040724bd227b98594c09ff358ae650b1095350c2d7d0a0e979be
224,ps,ps,config_34060,104,C50H54,DDWOBGZHJCTJGO,inputs/polymers/ps/config_34060.xyz,eb4098753fa612cab5664c727f2be0b455803a80c402956d98986b228bdf69f3,ps_mcos/config_34060.mcos,f3546ac4fad5b6ac99841206125ba1216474b2d7e45dce9ecd3dac734196d0d6
225,ps,ps,config_3800,104,C50H54,DDWOBGZHJCTJGO,inputs/polymers/ps/config_3800.xyz,6bfd58c302557615a119b687a0f6cdab1cdd4c3bd95e1394aabfd720e04e0193,ps_mcos/config_3800.mcos,90cac043c94b2545394977b04f454840ec704b9f8e1196258b42432bfe128bc1
226,ps,ps,config_38710,104,C50H54,DDWOBGZHJCTJGO,inputs/polymers/ps/config_38710.xyz,f61617b30e348272af99e3f7252a6a760cf5fce2de202758178d641630b3e5c8,ps_mcos/config_38710.mcos,a1657ab8fb6b5e7320ab114f73f1bd5c0b05d0a60c2f91fda0123d361b5fab82
227,ps,ps,config_40080,104,C50H54,DDWOBGZHJCTJGO,inputs/polymers/ps/config_40080.xyz,c412c0d3ab682c89d764ba9e4837992c0ad97ed2f928497e8d142b00eb7de77a,ps_mcos/config_40080.mcos,773de9c762d2f68119d98433fea8cc8e9ba4ef175291e420b0dfe33f21e7c6c2
228,ps,ps,config_40760,104,C50H54,DDWOBGZHJCTJGO,inputs/polymers/ps/config_40760.xyz,64f34c5a8c0b4bc18b81099cb4f6631c3918e9df93f882667fcda2f47d5fe94b,ps_mcos/config_40760.mcos,375d4508a3a10f256a01ce72dbdc59586a78d17e4c718376a81144d7ae8bf42f
229,ps,ps,config_41740,104,C50H54,DDWOBGZHJCTJGO,inputs/polymers/ps/config_41740.xyz,f6c36a86c7ac12ab16e0d511ca0f8a6312f94270a8e8bf54a942667a90157f1b,ps_mcos/config_41740.mcos,61a8f0013aa546251e5a4e780d6cfdba07c7a4fc83e69c9f1e1712c4832d023a
230,ps,ps,config_51080,104,C50H54,DDWOBGZHJCTJGO,inputs/polymers/ps/config_51080.xyz,5c4f4168e387e72b304f6feaab90a176e49e8c7656b276ffab3017f9e8330992,ps_mcos/config_51080.mcos,40ff366999407f34c834b5e82b3b3cb9bc9de8051dc8058aac19ae1c869ce017
231,ps,ps,config_57890,104,C50H54,DDWOBGZHJCTJGO,inputs/polymers/ps/config_57890.xyz,ee86fad9fac7f73d6b73abdffd625047feddfd69f876ce2856410221bea6fb2a,ps_mcos/config_57890.mcos,f20b04348b8e6ddcaecae1b39206c10cc247e6d4c311f98810958839ebc1253c
232,ps,ps,config_60860,104,C50H54,DDWOBGZHJCTJGO,inputs/polymers/ps/config_60860.xyz,f98f27e568e7cbe82036d5fdec965d587f691e4dc9d24f1c984a4cbf5959dedc,ps_mcos/config_60860.mcos,eb282fb4bfbbda0e6cdd307ef3458e511a3347a1b92e098bed5a0506a0918f4a
233,ps,ps,config_64760,104,C50H54,DDWOBGZHJCTJGO,inputs/polymers/ps/config_64760.xyz,8f3b2510fc91c657c9246fa4c95cf9b01fa1b5c26e9eeeaddb27b03230b28085,ps_mcos/config_64760.mcos,da951015995753235b76c2b6da7afac9e1ab1cf4ae1be12b4104318487b3e140
234,ps,ps,config_68590,104,C50H54,DDWOBGZHJCTJGO,inputs/polymers/ps/config_68590.xyz,f7e7d58df6049a7719d6ffc0631208494c10f19803237c8e232cc651945dac73,ps_mcos/config_68590.mcos,47800d3c002964cd7358707da79906bbe74bddcaf5d1d70f3c86080b0983f533
235,ps,ps,config_69370,104,C50H54,DDWOBGZHJCTJGO,inputs/polymers/ps/config_69370.xyz,127958119605db8926192bd09ed64d8b3780e4e30b5d58a5510053051322862c,ps_mcos/config_69370.mcos,f52cdb8695c09ecd490d50aa018a9c81007a8863164497007326a25cd64acc52
236,ps,ps,config_72240,104,C50H54,DDWOBGZHJCTJGO,inputs/polymers/ps/config_72240.xyz,028616a48a82f9bc3909d8e7498a51953f985cca4357e36caf6adc4b0aa9e62f,ps_mcos/config_72240.mcos,c7810aa98bdf94c69b6be301aa4d25195977380033dbc437a57b73b411ecd367
237,ps,ps,config_73830,104,C50H54,DDWOBGZHJCTJGO,inputs/polymers/ps/config_73830.xyz,49baf73849bde14d65ab4afb7f154a142512b00eb75793cfca021d2476c6874a,ps_mcos/config_73830.mcos,f41445b4154691b28317aa7ba9b34949c75cd75c7518a703fa273a198a14c38e
238,ps,ps,config_74080,104,C50H54,DDWOBGZHJCTJGO,inputs/polymers/ps/config_74080.xyz,ccf7ea3da1ce6e13cd3c8dcfc786ae96a71859156b6101bf61a02d834a6a00fa,ps_mcos/config_74080.mcos,7cccfe598f0b97a8890ded7e1ab0e7bcb1719911204c12f439df6fd0084dd2b5
239,ps,ps,config_74740,104,C50H54,DDWOBGZHJCTJGO,inputs/polymers/ps/config_74740.xyz,6f0755d4a6ac7483c673719846d23c8c7e34daccfc612f844d43f0d57eb3ffce,ps_mcos/config_74740.mcos,ed2b331e521550e7b8916de3d4b27acf5d7115b4a12a0de13ad92a0f08bf13b3
240,ps,ps,config_80830,104,C50H54,DDWOBGZHJCTJGO,inputs/polymers/ps/config_80830.xyz,29b2b407036a8acf4582cb8cbc772885af1d249f56fefe9ea9ac65da4e23b634,ps_mcos/config_80830.mcos,b8d8d25efe0ea0d336a85dc4f087517fa281f5bb82a3f498f7fb941d83839416
241,ps,ps,config_87930,104,C50H54,DDWOBGZHJCTJGO,inputs/polymers/ps/config_87930.xyz,f53d49fd89dbe2afbca04272860bf4a6242e6a6d7244db5ce18792da2ed697c0,ps_mcos/config_87930.mcos,bfc4430631904346d694e1760601a6db9f4d05da91e3b775e963afedc19967ce
242,ps,ps,config_93830,104,C50H54,DDWOBGZHJCTJGO,inputs/polymers/ps/config_93830.xyz,9f62ecd9819a400138f48b0e9acfd583a981bade490890bfad9c5cc233c2176c,ps_mcos/config_93830.mcos,ec0e784c681704fd570ec180e9594e86d8a38445d1256917c2c016a76dc78e76
243,ps,ps,config_98320,104,C50H54,DDWOBGZHJCTJGO,inputs/polymers/ps/config_98320.xyz,6a3d1d560b404a947620610716270e0c5918a8cb057ee1abdc1abc367958c8b2,ps_mcos/config_98320.mcos,614b542ba333bf490a62b784daf42aae84bafd88c60461144dc1cf393651bbba
244,ps,ps,config_98900,104,C50H54,DDWOBGZHJCTJGO,inputs/polymers/ps/config_98900.xyz,67abe8eab477ed96039fedebe272b82a4fde1cbf9daf7c7584ac6a37c35a7cc8,ps_mcos/config_98900.mcos,69983c5019eeda9c562b5e78115d03db0555dc4b81282954a25b4cd40bcb2099
245,polyurethane,polyurethane,PU_conf_0,155,C58H76N4O17,IGIWEXMKUAPHOA,inputs/polymers/polyurethane/PU_conf_0.xyz,2cfb7d5e4ea81814060be716e7440c00d7a474a1029f6a6c3fbdbd48ad6b1636,polyurethane_mcos/PU_conf_0.cosmo,4acaee44f94442be16341b48d7f1d2ce8efe7e93ddb03ed6bcc76b5ec836e3c8
246,polyurethane,polyurethane,PU_conf_117,155,C58H76N4O17,IGIWEXMKUAPHOA,inputs/polymers/polyurethane/PU_conf_117.xyz,9816d78bc87a2338c8fa6f4c73086cdbd48695078aaa833513a80008efb27e7d,polyurethane_mcos/PU_conf_117.cosmo,8f3c0035cad71002235b006c407f56d002f01f08bba31dc5fd7135abbf736c23
247,polyurethane,polyurethane,PU_conf_120,155,C58H76N4O17,IGIWEXMKUAPHOA,inputs/polymers/polyurethane/PU_conf_120.xyz,4c9e52540437b8cb1d6ff4e42f59de1052f67bd315c481b893e33f5a18efe6f3,polyurethane_mcos/PU_conf_120.cosmo,4f69a3392d10e0186b444c09bd93d434b0352257e022d3e6b338e47acfe28cb5
248,polyurethane,polyurethane,PU_conf_1200,155,C58H76N4O17,IGIWEXMKUAPHOA,inputs/polymers/polyurethane/PU_conf_1200.xyz,3e65cf9e8840857e0867d0d5c769318b3942785223e52b2250001d7280d8ebe8,polyurethane_mcos/PU_conf_1200.cosmo,86b7623892c93ae55dfe3daa9150499302eba5f10aca68492aeec2f0fb7d008b
249,polyurethane,polyurethane,PU_conf_2300,155,C58H76N4O17,IGIWEXMKUAPHOA,inputs/polymers/polyurethane/PU_conf_2300.xyz,26a0b5d40ff15ea9d1f64f86fd6c530a555a7805ba1cf793e35eabf87adb41a4,polyurethane_mcos/PU_conf_2300.cosmo,d20d4dcd9e37d8e852939f2efcbf0f218f6b73bff8ac45027ad69dfa63f6883a
250,polyurethane,polyurethane,PU_conf_2400,155,C58H76N4O17,IGIWEXMKUAPHOA,inputs/polymers/polyurethane/PU_conf_2400.xyz,0cd82fd87e58dbaccd55ce909bfe6ad2eae68333e949ddb78d252865c325034f,polyurethane_mcos/PU_conf_2400.cosmo,14ffb2a2c1d1e716546a117b322776b624cc5b9fc0a56d24b4c23d9f712c82c0
251,polyurethane,polyurethane,PU_conf_2850,155,C58H76N4O17,IGIWEXMKUAPHOA,inputs/polymers/polyurethane/PU_conf_2850.xyz,a46b0fbd1afa57ec8fff32c889f5d3238a0debdfa73cd8347d11c20dfec71fc3,polyurethane_mcos/PU_conf_2850.cosmo,1625f24e2a1e1dd89b1d38cfacdcddd5d16800d1ddcb56191db782421adfab07
252,polyurethane,polyurethane,PU_conf_300,155,C58H76N4O17,IGIWEXMKUAPHOA,inputs/polymers/polyurethane/PU_conf_300.xyz,6ae7fed1033a2436daafff425424a3a7a72d81619eb70d79ebad76da5cae368e,polyurethane_mcos/PU_conf_300.cosmo,fcf47a7bf3c44128142ac9cfe737f4be2e41e6280d9a2b3ec63f701903c47f9e
253,polyurethane,polyurethane,PU_conf_39,155,C58H76N4O17,IGIWEXMKUAPHOA,inputs/polymers/polyurethane/PU_conf_39.xyz,899a664c0c205c29b26db3805bf3d987c467b7fa5c2872165ce66638ac04a1bf,polyurethane_mcos/PU_conf_39.cosmo,c45ef8f05705c870eed581c6a3354a7716dd0cf5f2aaa9b3f168586d57882f3e
254,polyurethane,polyurethane,PU_conf_6,155,C58H76N4O17,IGIWEXMKUAPHOA,inputs/polymers/polyurethane/PU_conf_6.xyz,b08d3fc93e413b0aeb392862d3eae4da5c712d83616127ac0df3072db06d909c,polyurethane_mcos/PU_conf_6.cosmo,6712bcc6fca1a16eeadfd48cc8183c94779cfb1c1593d1e3701c33f0b76e7352
255,polyurethane,polyurethane,PU_conf_600,155,C58H76N4O17,IGIWEXMKUAPHOA,inputs/polymers/polyurethane/PU_conf_600.xyz,f91cfeacb55b0f1d6280886293f376ce2805be61abcf338b648f086d00d9c4d3,polyurethane_mcos/PU_conf_600.cosmo,ad3c16a827eada83155f353ee0ca1e14dba8422afe328626f9792a782089dbaa
256,polyurethane,polyurethane,PU_conf_64,155,C58H76N4O17,IGIWEXMKUAPHOA,inputs/polymers/polyurethane/PU_conf_64.xyz,70d563d0f3d96dba6048dad9ee9e991632c51b513b72fb7888cbd93aa942c554,polyurethane_mcos/PU_conf_64.cosmo,e360ddac8a33d9826d97759837fedf1b33fa7e69b0a5e2fd3d64ea422a034cf0
257,polyurethane,polyurethane,PU_conf_850,155,C58H76N4O17,IGIWEXMKUAPHOA,inputs/polymers/polyurethane/PU_conf_850.xyz,dbf828c0233618fbbfae77b5dd5304d346a1e635846988c5217c69286f6bfad3,polyurethane_mcos/PU_conf_850.cosmo,f3611cf97b4f1f0ea956c85dd7231476c400ebaa72183f36577af81b03554171
258,polyurethane,polyurethane,PU_conf_89,155,C58H76N4O17,IGIWEXMKUAPHOA,inputs/polymers/polyurethane/PU_conf_89.xyz,373536ef3cacedd1d217e51571852ef9806891ea2596aebff72cb70b66f62c10,polyurethane_mcos/PU_conf_89.cosmo,75e332fe5759ff3625b305c248cfcb182d70dccb5452eccb88abf15a3835b338
259,pc,pc,config_1040,158,C77H66O15,BXXZEQIZFARRSW,inputs/polymers/pc/config_1040.xyz,276374f590f3cbfd657917cc5133efcc380d3891e21b9476c5b52044fa72a034,pc_mcos/config_1040.mcos,49b8ddf7916e6451cb4f875d908249023be36946352ef73ffad9c17bceebb1da
260,pc,pc,config_2000,158,C77H66O15,BXXZEQIZFARRSW,inputs/polymers/pc/config_2000.xyz,81efbf02410fea71b2a11d911970b2774d23da5af4b99fc03e5e753f68e67c44,pc_mcos/config_2000.mcos,b19fdb96b41c7b10a3a4fcf598406e6c4578ca6bd1f628acbb604a4facbd30fd
261,pc,pc,config_2230,158,C77H66O15,BXXZEQIZFARRSW,inputs/polymers/pc/config_2230.xyz,4322e318c9a51796af3815c2f4fbb8c7585aa4a847694e24e991123b5bf9a350,pc_mcos/config_2230.mcos,c289bf5b25b80fbabed2c048de4b94ad52f038524a8f5fbee6a22bee7ca81786
262,pc,pc,config_260,158,C77H66O15,BXXZEQIZFARRSW,inputs/polymers/pc/config_260.xyz,b961e74c6eeba237598a95305adc4da44d66dacf3143334f998c08ffb1db0729,pc_mcos/config_260.mcos,3f38e80c35fb5560a76ffac52aa6ded8f54157ec214ccb34bfad68a93f22448d
263,pc,pc,config_2880,158,C77H66O15,BXXZEQIZFARRSW,inputs/polymers/pc/config_2880.xyz,4255d9ea2f3a567d2bdf215159d1736c78f668f7a1e2c2e1ba353197ccd4fd88,pc_mcos/config_2880.mcos,85f75a74fbe42fd41d30160dbe413d87988b721c1a9a9d94abdedf475f512370
264,pc,pc,config_3290,158,C77H66O15,BXXZEQIZFARRSW,inputs/polymers/pc/config_3290.xyz,288c53b30ca790cf0fc030742dd8b3e28cdd99dcdd55a7955364769905639298,pc_mcos/config_3290.mcos,d668565fd4114ec381a460ac98ea526a2ee13b90ae671a4f434abb8863946594
265,pc,pc,config_350,158,C77H66O15,BXXZEQIZFARRSW,inputs/polymers/pc/config_350.xyz,99de0f1f94fbdeb59ad64e2af41ad070c47f16cf5e563cd867c8ae884ce8d30c,pc_mcos/config_350.mcos,1d5fc15ba1ffe54425089b974c8b706ccb0919a74f2285ce8004c1651442bff2
266,pc,pc,config_3720,158,C77H66O15,BXXZEQIZFARRSW,inputs/polymers/pc/config_3720.xyz,420fbb2e6c39ceeba80343bed0b992b00b85141120b0fd4da0ffbe885ec2613f,pc_mcos/config_3720.mcos,de2779656072cb49b68b7f2c8881abcbf72096d3556fbd206f92b65bd8426b90
267,pc,pc,config_3770,158,C77H66O15,BXXZEQIZFARRSW,inputs/polymers/pc/config_3770.xyz,0749963b26b2f689e4b6c0000de2abeec623d85a2867c6ae1098efeea3f8c7f8,pc_mcos/config_3770.mcos,b77d5dacd6ac81936fba1daf5337efa82399492b99357c56e38e6168d98f80b3
268,pc,pc,config_440,158,C77H66O15,BXXZEQIZFARRSW,inputs/polymers/pc/config_440.xyz,e52fd694c03ce622e0962694316ebbfa7995ba48b96874c0fbc90f5e3e152dee,pc_mcos/config_440.mcos,575225006ddbf73e45e86ad12880b5014eb47e9b641938c705415ed9711c66a6
269,pc,pc,config_4990,158,C77H66O15,BXXZEQIZFARRSW,inputs/polymers/pc/config_4990.xyz,35439a507e1fbba82a9e6e6d74bfa0c02157b29feb354c45603a2b7d44eaeb27,pc_mcos/config_4990.mcos,b6e8cc864ead304fc8994392103a7b9a7e50c6923eb1e6a94e6f407114496be5
270,pc,pc,config_590,158,C77H66O15,BXXZEQIZFARRSW,inputs/polymers/pc/config_590.xyz,b8020ffe6fe4e92caa3d3e9313e078d1730dbbe9fc790e26f843fb8d0285113c,pc_mcos/config_590.mcos,5ea9aa5ecdcfa76bfbd98522fe4360ca49df0f92391a073131b2d5e6815d12f0
271,pc,pc,config_6170,158,C77H66O15,BXXZEQIZFARRSW,inputs/polymers/pc/config_6170.xyz,cd3fb8a390f97042edd40acb77e7561d83c6fdd70d99569ff3fce3f7fc5f089d,pc_mcos/config_6170.mcos,7b89c56c61a031d32fefa9753d8f74541dfaaf837e51e8987017f2bc19b0a14e
272,pc,pc,config_6510,158,C77H66O15,BXXZEQIZFARRSW,inputs/polymers/pc/config_6510.xyz,86dc0f48fb95646dc303ada8ad344803a9b463f01c818c6db594fb7c23e9fee1,pc_mcos/config_6510.mcos,a0e6bdedeaf48e2f50d191663d64723b5da364c185593c7d6a995187d63202f4
273,pc,pc,config_6680,158,C77H66O15,BXXZEQIZFARRSW,inputs/polymers/pc/config_6680.xyz,00e9ce00a3d63b98ce11938b3a978151685e5c05cee36d875c3fc60f237fdd75,pc_mcos/config_6680.mcos,04fc6c1090c7c607b1a6106dc0d7cdad431c5a00b560d9c8976d904747636f1a
274,pc,pc,config_6980,158,C77H66O15,BXXZEQIZFARRSW,inputs/polymers/pc/config_6980.xyz,b098a1e60f774607381c338daea7e7392052dc089402b0738b6b721041c3978f,pc_mcos/config_6980.mcos,33a8a79bcee952e2870c720b1c682749048210324c8feb87b0d4c7f3c9b4bf25
275,pc,pc,config_7330,158,C77H66O15,BXXZEQIZFARRSW,inputs/polymers/pc/config_7330.xyz,90c7173dfac9edd67aa3a82cd23ca25d053161c0a96a24eb1ba145cfc2674689,pc_mcos/config_7330.mcos,1d2dede903f7905151d551f07c12ac55994f65e3773f07745d37cfc348e7f515
276,pc,pc,config_7480,158,C77H66O15,BXXZEQIZFARRSW,inputs/polymers/pc/config_7480.xyz,aa82f4306171f00142c042bef65ab78a776cbb0d5dc0457f43f6fdb796e754c2,pc_mcos/config_7480.mcos,2a16bc5797a1c419dbfa59d5c5a05fc891aa5fc5f5f895c7db363370bffe50c0
277,pc,pc,config_8680,158,C77H66O15,BXXZEQIZFARRSW,inputs/polymers/pc/config_8680.xyz,d8edc213919555b018231bd0b616b01705f8a6a15ea5c08305b63caee3f0af41,pc_mcos/config_8680.mcos,1f4921d53a4ee5e08192e1be259b52ef703d35bfc975b7f5db2402f63f87cd3a
278,petg,petg_a,petg_a_21180,167,C72H70O25,ZABGOPDYIHATHX,inputs/polymers/petg/petg_a_21180.xyz,96e7ef14f7be5189dd7e0c01a38bd7449ec4b9ace554260849dfcd2cc3ba211c,petg_mcos/petg_a_21180.mcos,9aa6e1ae69be464c6daa80e465a1542d687cc3e7e9c1720c291d856dd0f1e36d
279,petg,petg_a,petg_a_86250,167,C72H70O25,ZABGOPDYIHATHX,inputs/polymers/petg/petg_a_86250.xyz,26fc671a2d3192fc01b04f98a11fb9c2b5df1623f5a3fdd47059f22efd81d423,petg_mcos/petg_a_86250.mcos,b930842f8685ecbb858342a0ce69efc3fa1be8da4c2fcd4c50bf23d3890cee1b
280,petg,petg_b,petg_b_41220,167,C72H70O25,BHIQSZOYDDLFIC,inputs/polymers/petg/petg_b_41220.xyz,c3c405c966c897988915a45224a28c215ec3010b601b2356bfd7272adc8ff758,petg_mcos/petg_b_41220.mcos,342dd62ce7f2e327df9b5bdac96c72e9f0a863e36a267af1efa2a42eed795975
281,petg,petg_b,petg_b_47700,167,C72H70O25,BHIQSZOYDDLFIC,inputs/polymers/petg/petg_b_47700.xyz,08cc45e3f7bdfa02be0767a4f0afcc2c1aa9b1e3acb6254e715b4ae39bd0de9e,petg_mcos/petg_b_47700.mcos,b52aa4443a350f6217b6865ea2ae000117bc26f755e9098463f39139bb39cec9
282,petg,petg_r,petg_r_25950,167,C72H70O25,YMDZDOUGQJZHJH,inputs/polymers/petg/petg_r_25950.xyz,9a80def98452e50512a5fb7f0ba23f7775d5839b93890af7ed1b88fc5a866ab3,petg_mcos/petg_r_25950.mcos,89c1685b598ea51fc265b8f3f38058fda9ba4aadd282dccd854ba9645f927beb
283,petg,petg_r,petg_r_33650,167,C72H70O25,YMDZDOUGQJZHJH,inputs/polymers/petg/petg_r_33650.xyz,2401abd46682415edfda551d690a535775b748e1b209e0096e77f04108e614ea,petg_mcos/petg_r_33650.mcos,08fee5927252634cff7ce3373563b80d1b8dfdb96e50347a9a987974a832a2db
284,petg,petg_r,petg_r_92400,167,C72H70O25,YMDZDOUGQJZHJH,inputs/polymers/petg/petg_r_92400.xyz,d363818f66c158672a100fb3722c7e6231b477ed6f77506c05ae4fa55a13e994,petg_mcos/petg_r_92400.mcos,27b7f7aab5ad99ede0be0f8bc966816c7faa10a454e4439b43521a41d2f04cd4
