inchikey,name,cas,array_index,job_id,status,dft_converged,failure_mode,error,atoms,heavy_atoms,rotatable_bonds,stratum,selection_role,node,cpu_model,cpu_generation,geometry_cycles,opt_wall_seconds,cosmo_wall_seconds,total_orca_wall_seconds,orca_internal_opt_seconds,orca_internal_cosmo_seconds,orca_internal_total_seconds,elapsed_seconds,slurm_state,slurm_elapsed_seconds,maxrss_kib,surface_bytes,returned_bytes,surface_sha256,inchikey_after_optimization,predicted_seconds,residual_seconds,observed_predicted_ratio,log_residual,attempt_seconds
YYGNTYWPHWGJRM-AAJYLUCBSA-N,Squalene,111-02-4,0,54154_0,converged,True,,,80,30,15,71-80,descriptor_diversity,euler145.engr.wisc.edu,AMD EPYC 7763 64-Core Processor,milan,56,17804.509835707024,1134.8591116108,18939.368947317824,17803.816,1134.23,18938.046,18940.221697393805,COMPLETED,18941,2000100.0,827408,854167,ed08329e4ecc16098aec04ee9122a66f9089d64f8d3901c4278633ed8f93a28d,YYGNTYWPHWGJRM-AAJYLUCBSA-N,13671.482579136871,5267.886368180953,1.3853193198095368,0.43303303512849745,18940.221697393805
ZDMVLXPCERUWIR-UHFFFAOYSA-N,"1-Naphthalenemethanol, alpha,alpha-bis(4-(diethylamino)phenyl)-4-(ethylamino)-",1325-86-6,1,54154_1,converged,True,,,78,37,11,71-80,descriptor_diversity,euler145.engr.wisc.edu,AMD EPYC 7763 64-Core Processor,milan,17,10298.132152785547,1889.3078204942867,12187.439973279834,10297.9,1889.258,12187.158,12188.515332628973,COMPLETED,12189,1744376.0,790693,815984,be1ac7edfede59e99487b0de461bde8c54af763ebf51378c5000aab1131554d8,ZDMVLXPCERUWIR-UHFFFAOYSA-N,12896.24708991308,-708.8071166332466,0.945037722083687,0.050571931507739976,12188.515332628973
SKBPTWWRZPECDT-XMTFNYHQSA-N,"1,3:2,4-Bis-O-(2,2,6,6-tetramethyl-4-piperidinylidene)-D-Glucitol",99473-08-2,2,54154_2,converged,True,,,76,32,1,71-80,descriptor_diversity,euler145.engr.wisc.edu,AMD EPYC 7763 64-Core Processor,milan,10,5582.601467307657,3095.398773428984,8678.000240736641,5582.193,3095.303,8677.496,8678.7442020569,COMPLETED,8679,1521696.0,656834,681438,f40f67d4eb23ac463459249952f7333ae4d708737318ac5aa11628d036d8a744,SKBPTWWRZPECDT-XMTFNYHQSA-N,12146.537746558963,-3468.5375058223217,0.714442289795301,-0.2291506886859107,8678.7442020569
DTPCFIHYWYONMD-UHFFFAOYSA-N,"3,6,9,12,15,18,21,24,27-Nonaoxanonacosane-1,29-diol",,3,54154_3,converged,True,,,73,31,28,71-80,descriptor_diversity,euler145.engr.wisc.edu,AMD EPYC 7763 64-Core Processor,milan,20,4176.135094610974,955.9784182114527,5132.113512822427,4175.782,955.922,5131.704,5132.645339955576,COMPLETED,5133,1732604.0,773352,797424,21f61420469d560314e92b695ba24237e305c7e534fc1767f209e6bd71f724cc,DTPCFIHYWYONMD-UHFFFAOYSA-N,11069.392538490974,-5937.279025668548,0.46363099826632925,-0.6615639392578494,5132.645339955576
QKOWXXDOHMJOMQ-UHFFFAOYSA-N,"1,3,5-Tris(6-isocyanatohexyl)biuret",4035-89-6,4,54154_4,converged,True,,,72,34,21,71-80,descriptor_diversity,euler145.engr.wisc.edu,AMD EPYC 7763 64-Core Processor,milan,28,9231.476015912369,1665.0698821982369,10896.545898110606,9231.264,1665.025,10896.288999999999,10897.406591084786,COMPLETED,10898,1828460.0,792636,816737,771fedc387089d612d660a5d569954f61ca42d6e235e9fb9af0708b63e1bcb6d,QKOWXXDOHMJOMQ-UHFFFAOYSA-N,10722.886087963147,173.6598101474592,1.0161952489957344,0.12316787114553485,10897.406591084786
PHXLONCQBNATSL-UHFFFAOYSA-N,"2,2'-Methylenebis[6-(1-methylcyclohexyl)-p-cresol]",77-62-3,5,54154_5,converged,True,,,71,31,4,71-80,descriptor_diversity,euler145.engr.wisc.edu,AMD EPYC 7763 64-Core Processor,milan,24,8146.850280231796,1692.431199808605,9839.281480040401,8146.633,1692.363,9838.996,9840.005468341522,COMPLETED,9841,1448336.0,663163,686956,f53058e75a983381f13891c5c7274f216efbbab3da4a5ccd53504f287459f9c5,PHXLONCQBNATSL-UHFFFAOYSA-N,10382.606960313176,-543.3254802727752,0.9476696476761953,0.053353055870626775,9840.005468341522
QGWXNCIQTGYQLM-UHFFFAOYSA-N,"2-methyl-N-(2,2,6,6-tetramethylpiperidin-4-yl)-2-[(2,2,6,6-tetramethylpiperidin-4-yl)amino]propanamide",84214-94-8,6,54154_6,converged,True,,,71,27,4,71-80,descriptor_diversity,euler145.engr.wisc.edu,AMD EPYC 7763 64-Core Processor,milan,15,4890.4183780429885,1683.2392394188792,6573.657617461868,4890.201,1683.196,6573.397,6574.452933588065,COMPLETED,6575,1505176.0,632633,656252,80434baf41a8305dabbd112b6fbc1618cfea16f6943d72e17ba5ff97551b7c17,QGWXNCIQTGYQLM-UHFFFAOYSA-N,10382.606960313176,-3808.9493428513088,0.6331413336351107,-0.34995923963151654,6574.452933588065
KKZSDWROKQKKPM-UHFFFAOYSA-N,"Dodecanedioic acid, bis[2-(2-hydroxybenzoyl)hydrazide]",63245-38-5,7,54154_7,converged,True,,,70,36,13,63-70,descriptor_diversity,euler145.engr.wisc.edu,AMD EPYC 7763 64-Core Processor,milan,39,15116.09920764435,2132.9030316043645,17249.002239248715,15115.874,2132.848,17248.722,17250.100124719553,COMPLETED,17251,1835644.0,728331,752365,f2f86d01ebf9675e4ed454ef1bec6fd19d79679d5daa1172e4bb90e85b0d6834,KKZSDWROKQKKPM-UHFFFAOYSA-N,10048.528584615899,7200.473654632817,1.7165699529040104,0.6474304525502586,17250.100124719553
WNDULEJVCPEASN-UHFFFAOYSA-N,"1-Naphthalenemethanol, alpha,alpha-bis(4-(dimethylamino)phenyl)-4-(phenylamino)-",6786-83-0,8,54154_8,converged,True,,,70,37,7,63-70,descriptor_diversity,euler145.engr.wisc.edu,AMD EPYC 7763 64-Core Processor,milan,15,6102.8505738880485,2008.8176996046677,8111.668273492716,6102.699,2008.777,8111.476,8112.592137604952,COMPLETED,8113,1665552.0,740935,764320,be7a4062b725890ad4c4dbdef4185552b84acc1b5dada0a78adb1ddaf432b143,WNDULEJVCPEASN-UHFFFAOYSA-N,10048.528584615899,-1936.8603111231823,0.8072493604597515,-0.10702029534570912,8112.592137604952
BJQHLKABXJIVAM-UHFFFAOYSA-N,Bis(2-ethylhexyl) phthalate,117-81-7,9,54154_9,failed,True,identity_unresolved_stereochemistry,Geometry identity not accepted under current policy; see identity_observations,66,28,14,63-70,DEHP,euler145.engr.wisc.edu,AMD EPYC 7763 64-Core Processor,milan,62,15898.253463435918,1384.5160381784663,17282.769501614384,15897.579,1384.467,17282.046,17283.233759267256,COMPLETED,17284,1615412.0,685970,709708,74a44a31aec2d986fb323839fa71c4ad79ae437e670996af4bb740e3f2bf03ab,BJQHLKABXJIVAM-BGYRXZFFSA-N,8773.681908221015,8509.08759339337,1.9698422717400186,0.7850558406818688,17283.233759267256
RONFGUROBZGJKP-UHFFFAOYSA-N,Guazatine,115044-19-4,10,54154_10,converged,True,,,66,25,18,63-70,descriptor_diversity,euler145.engr.wisc.edu,AMD EPYC 7763 64-Core Processor,milan,20,4703.271138074808,1181.9830043558031,5885.254142430611,4703.076,1181.923,5884.999,5886.9058828651905,COMPLETED,5888,1213268.0,626182,648724,758f9739c2b58927a73d7aad6fc1033f0f894b990075c46e9ccc80521a29d92e,RONFGUROBZGJKP-UHFFFAOYSA-N,8773.681908221015,-2888.427765790404,0.6707849912949405,-0.2922042573761505,5886.9058828651905
TUXBECXCUZWDPY-UHFFFAOYSA-N,"Oxirane, 2,2',2''-[ethylidynetris(4,1-phenyleneoxymethylene)]tris-",87093-13-8,11,54154_11,failed,True,identity_unresolved_stereochemistry,Geometry identity not accepted under current policy; see identity_observations,65,35,12,63-70,descriptor_diversity,euler145.engr.wisc.edu,AMD EPYC 7763 64-Core Processor,milan,15,4608.511242222041,1342.7885905690491,5951.29983279109,4608.268,1342.711,5950.979,5951.968459596857,COMPLETED,5953,1613104.0,719880,742142,67ea2ad0416bf3b793373f6253b6689d43359c309e33e1aa12958f37e9608bd0,TUXBECXCUZWDPY-FCEKVYKBSA-N,8470.199361267523,-2518.8995284764333,0.7026162642647065,-0.24584202449135084,5951.968459596857
MEXURWLRXYTWGT-UHFFFAOYSA-N,1-(4-Ethylcyclohexyl)-4-[4-(4-methylcyclohexyl)phenyl]benzene,104021-92-3,12,54154_12,failed,True,identity_unresolved_stereochemistry,Geometry identity not accepted under current policy; see identity_observations,63,27,4,63-70,descriptor_diversity,euler145.engr.wisc.edu,AMD EPYC 7763 64-Core Processor,milan,7,1638.7077018208802,962.7496483093128,2601.457350130193,1638.329,962.67,2600.999,2602.039149821736,COMPLETED,2603,1381460.0,637624,659131,db6be114dc1a3f00d3481f7d9c48eb1b36e169956eb19b6a0d31d48347d20ef9,MEXURWLRXYTWGT-NVNMMGJXSA-N,7881.312559978412,-5279.855209848219,0.3300792006829531,-1.0013202850040024,2602.039149821736
PUKBPIIUNNWYDU-UHFFFAOYSA-N,"N-{[3-(2H-Benzotriazol-2-yl)-2-hydroxy-5-(2,4,4-trimethylpentan-2-yl)phenyl]methyl}-2-methylprop-2-enamide",107479-06-1,13,54154_13,converged,True,,,63,31,6,63-70,descriptor_diversity,euler145.engr.wisc.edu,AMD EPYC 7763 64-Core Processor,milan,19,5731.839143646881,1596.8298649908975,7328.6690086377785,5731.704,1596.779,7328.483,7329.8135931473225,COMPLETED,7331,1479880.0,645571,667488,72903887927efbc8bef483bad48554464be2ed2521ed65ef0c4a44786980a296,PUKBPIIUNNWYDU-UHFFFAOYSA-N,7881.312559978412,-552.6435513406332,0.9298792495368123,0.03440182577153905,7329.8135931473225
NRQGQYQDHVOAGU-UHFFFAOYSA-N,Bis{2-[2-(2-methoxyethoxy)ethoxy]ethyl} butanedioate,869483-81-8,14,54154_14,converged,True,,,62,28,21,55-62,descriptor_diversity,euler145.engr.wisc.edu,AMD EPYC 7763 64-Core Processor,milan,66,11898.236942774616,736.1058429488912,12634.342785723507,11897.662,736.035,12633.697,12634.868268696591,COMPLETED,12636,1450520.0,680592,703523,626cc0eeda39f54ddbc16ed2ea9e115f0fc5840e81cd1f116bd2e1441f4aa05b,NRQGQYQDHVOAGU-UHFFFAOYSA-N,7595.850911394077,5038.49187432943,1.6633215861005766,0.6159189248497388,12634.868268696591
BYLSIPUARIZAHZ-UHFFFAOYSA-N,"2,4,6-Tris(1-phenylethyl)phenol",18254-13-2,15,54154_15,failed,True,identity_unresolved_stereochemistry,Geometry identity not accepted under current policy; see identity_observations,61,31,6,55-62,descriptor_diversity,euler145.engr.wisc.edu,AMD EPYC 7763 64-Core Processor,milan,16,4715.598809267394,1414.3007354494184,6129.899544716813,4715.124,1414.237,6129.361,6130.4240696541965,COMPLETED,6131,1436900.0,669181,690462,d8b33c35955f522563507f264dafaac8bd20fdd9d4f1fa52965b76b0297ca945,BYLSIPUARIZAHZ-RJGXRXQPSA-N,7316.338307353195,-1186.4387626363823,0.8378370828691769,-0.06982924300716853,6130.4240696541965
ARCAURIQGNHJJN-UHFFFAOYSA-N,"[3,3'-Bianthra[1,9-cd]pyrazole]-6,6'(1H,1'H)-dione, 1,1'-diethyl-",4203-77-4,16,54154_16,converged,True,,,60,38,3,55-62,descriptor_diversity,euler145.engr.wisc.edu,AMD EPYC 7763 64-Core Processor,milan,13,7540.760624726303,1611.35262523219,9152.113249958493,7540.615,1611.309,9151.923999999999,9152.622314293869,COMPLETED,9153,1900572.0,683284,704262,732873cc94281d79b52bc0e43a0444a9b123c08e03e8e0be6f7950f7ef2dfdfc,ARCAURIQGNHJJN-UHFFFAOYSA-N,7042.745246735343,2109.3680032231496,1.29950934320689,0.3690891311650528,9152.622314293869
BKFYUWLQRVZZCR-UHFFFAOYSA-N,"3,6,9,16,19,22-Hexaoxatricyclo[22.2.2.211,14]triaconta-11,13,24,26,27,29-hexaene-2,10,15,23-tetrone",16104-98-6,17,54154_17,converged,True,,,58,34,0,55-62,descriptor_diversity,euler145.engr.wisc.edu,AMD EPYC 7763 64-Core Processor,milan,17,4265.870774113573,1488.0418221289292,5753.912596242502,4265.713,1487.991,5753.704,5754.32156679593,COMPLETED,5754,1685948.0,658213,678890,e5aa3064a7e8cfbd789448d803c7456aea994fcc57ef3305c07542c069fc2c9d,BKFYUWLQRVZZCR-UHFFFAOYSA-N,6513.198053013009,-759.2854567705062,0.8834235577376216,-0.0168481468070123,5754.32156679593
FMMOOAYVCKXGMF-MURFETPASA-N,Ethyl Linoleate,544-35-4,18,54154_18,converged,True,,,58,22,15,55-62,descriptor_diversity,euler145.engr.wisc.edu,AMD EPYC 7763 64-Core Processor,milan,37,5872.670081348158,922.2384488163516,6794.90853016451,5872.428,922.199,6794.6269999999995,6795.422935515642,COMPLETED,6795,1230112.0,622302,643311,52e3cf564b33fd36d4d50f2704d819e4fbdd1b567cb78ef7a1772bea27ad6b48,FMMOOAYVCKXGMF-MURFETPASA-N,6513.198053013009,281.71047715150144,1.0432522510230104,0.1494453644335234,6795.422935515642
BNCADMBVWNPPIZ-UHFFFAOYSA-N,Hexa(methoxymethyl)melamine,3089-11-0,19,54154_19,converged,True,,,57,27,15,55-62,descriptor_diversity,euler145.engr.wisc.edu,AMD EPYC 7763 64-Core Processor,milan,22,4438.17436905019,964.9115555798635,5403.085924630053,4437.927,964.875,5402.802,5403.554019662552,COMPLETED,5404,1409288.0,608483,629046,74c3ccf7d5bd7527c69b1186bfc63e4b110b8e489734dbed3e484b116e695e4b,BNCADMBVWNPPIZ-UHFFFAOYSA-N,6257.1831901694295,-854.0972655393762,0.8635013168735037,-0.039657490110927895,5403.554019662552
ZMWRRFHBXARRRT-UHFFFAOYSA-N,UV-328,25973-55-1,20,54154_20,converged,True,,,55,26,5,55-62,descriptor_diversity,euler145.engr.wisc.edu,AMD EPYC 7763 64-Core Processor,milan,8,1960.5072779776528,1127.2384955929592,3087.745773570612,1960.452,1127.206,3087.658,3088.0534314047545,COMPLETED,3088,1283080.0,560851,580357,418351658af2aea059efcec592e40cb77da5d2119210df20530fa7d4bd5075e7,ZMWRRFHBXARRRT-UHFFFAOYSA-N,5762.516364400635,-2674.770590830023,0.5358328858978905,-0.5168305803221429,3088.0534314047545
SJPFBRJHYRBAGV-UHFFFAOYSA-N,"N,N,N',N'-Tetrakis(2,3-epoxypropyl)-m-xylene-alpha,alpha'-diamine",63738-22-7,21,54154_21,failed,True,identity_unresolved_stereochemistry,Geometry identity not accepted under current policy; see identity_observations,54,26,12,47-54,descriptor_diversity,euler145.engr.wisc.edu,AMD EPYC 7763 64-Core Processor,milan,12,2365.5809346409515,987.2867640322074,3352.867698673159,2365.533,987.205,3352.738,3353.10384853743,COMPLETED,3353,1412612.0,575858,595432,7d2f9506834f9efcff4b99a034c989e28b91e66380352409f9b75f1ce8a8886b,SJPFBRJHYRBAGV-LWYYNNOASA-N,5523.801430470361,-2170.933731797202,0.6069855589265193,-0.39214791285705886,3353.10384853743
BSIHWSXXPBAGTC-UHFFFAOYSA-N,Isoviolanthrone,128-64-3,22,54154_22,converged,True,,,52,36,0,47-54,descriptor_diversity,euler145.engr.wisc.edu,AMD EPYC 7763 64-Core Processor,milan,7,2212.2034979155287,1420.0887823328376,3632.2922802483663,2212.068,1420.02,3632.088,3632.759681380354,COMPLETED,3633,1482472.0,595924,614761,9555bb51ca7fbbeff45eb78d49f3002cfbd317e964c690a9265fb064e1bf4d3f,BSIHWSXXPBAGTC-UHFFFAOYSA-N,5063.448091675947,-1431.1558114275804,0.7173554886875747,-0.2250813948847039,3632.759681380354
TVZGACDUOSZQKY-LBPRGKRZSA-N,Aminopterin,54-62-6,23,54154_23,converged,True,,,52,32,9,47-54,descriptor_diversity,euler145.engr.wisc.edu,AMD EPYC 7763 64-Core Processor,milan,27,5869.465226676315,1005.0074290689081,6874.472655745223,5869.276,1004.965,6874.241,6875.565261837095,COMPLETED,6876,1444712.0,583163,602728,085dd9ee4d8344ce0613648bfa3e9063f416bc1e83bc603c4e41beba8bab98da,TVZGACDUOSZQKY-LBPRGKRZSA-N,5063.448091675947,1811.0245640692765,1.357666264426905,0.4128696099692224,6875.565261837095
WAQDJMLHOZJJPM-UHFFFAOYSA-N,"12,15-Octadecadiynoic acid, methyl ester",57156-95-3,24,54154_24,converged,True,,,51,21,10,47-54,descriptor_diversity,euler145.engr.wisc.edu,AMD EPYC 7763 64-Core Processor,milan,48,5728.875661668368,589.3921715421602,6318.267833210528,5728.626,589.354,6317.9800000000005,6318.581508383155,COMPLETED,6319,1339484.0,578219,597965,6388a0644a7c548c28ee36677f42aa12d98e0b57d0896b42408d547c5f6fa1be,WAQDJMLHOZJJPM-UHFFFAOYSA-N,4841.744261300982,1476.5235719095463,1.3049569519214554,0.37327241944114853,6318.581508383155
GKFPPCXIBHQRQT-UHFFFAOYSA-N,"6-(2-Carboxy-4,5-dihydroxy-6-methoxyoxan-3-yl)oxy-4,5-dihydroxy-3-methoxyoxane-2-carboxylic acid",9005-34-9,25,54154_25,failed,True,identity_unresolved_stereochemistry,Geometry identity not accepted under current policy; see identity_observations,49,27,6,47-54,descriptor_diversity,euler145.engr.wisc.edu,AMD EPYC 7763 64-Core Processor,milan,13,2565.4661299558356,1018.9436586955562,3584.409788651392,2565.417,1018.896,3584.313,3584.560526933521,COMPLETED,3585,1274116.0,485992,504507,d5bc2f1ef109e1a005f268989f7077390ff7b458dbd825c95a7b1b93123547e8,GKFPPCXIBHQRQT-RCEWTTOGSA-N,4415.115415222013,-830.7056265706215,0.8118496237478654,-0.10133778215548794,3584.560526933521
VETHREXFBVHLJJ-UHFFFAOYSA-N,"4,4'-Hexamethylenebis(1,1-dimethylsemicarbazide)",69938-76-7,26,54154_26,converged,True,,,48,20,9,47-54,descriptor_diversity,euler145.engr.wisc.edu,AMD EPYC 7763 64-Core Processor,milan,21,3260.3526115659624,591.9222439220175,3852.27485548798,3260.138,591.844,3851.982,3852.5424880515784,COMPLETED,3853,1020512.0,489719,508009,f28af3327ad4557ecbc615b967af3c27b15f482a20ab0be9e1796fc97743c8a7,VETHREXFBVHLJJ-UHFFFAOYSA-N,4210.122272069579,-357.84741658159874,0.9150030822250464,0.018274521083617046,3852.5424880515784
QQKFUTGTZXPBGA-UHFFFAOYSA-N,"Benzoic acid, 4-[2-[4-(5-methyl-2-benzoxazolyl)phenyl]ethenyl]-, methyl ester",18039-18-4,27,54154_27,failed,True,identity_unresolved_stereochemistry,Geometry identity not accepted under current policy; see identity_observations,47,28,4,47-54,descriptor_diversity,euler145.engr.wisc.edu,AMD EPYC 7763 64-Core Processor,milan,20,3085.293419824913,833.3067881129682,3918.6002079378814,3084.99,833.247,3918.2369999999996,3918.9465972473845,COMPLETED,3919,1228684.0,579702,597933,7f62e659f89162db9e8d2b89a8a378c7836f50f27ca1fb542bdd943fa5849992,QQKFUTGTZXPBGA-SNAWJCMRSA-N,4010.630425589504,-92.03021765162248,0.9770534285421985,0.08388842413708275,3918.9465972473845
CJPNQUBNSDHCSV-UHFFFAOYSA-N,"Pyrimido[4',5':5,6][1,2,4]triazino[4,3-b]indazole-2,4-diamine, N2,N2-dimethyl-N4-(1-methylethyl)-8-nitro-",38432-19-8,28,54154_28,converged,True,,,44,27,4,39-46,descriptor_diversity,euler145.engr.wisc.edu,AMD EPYC 7763 64-Core Processor,milan,25,4557.888323689811,937.6719712661579,5495.560294955969,4557.79,937.624,5495.414,5496.061960563995,COMPLETED,5496,1203692.0,504533,522214,5078a57d221b14537ca3aad21b6d4f90a1295bcc355b74edd11de3c20559597c,CJPNQUBNSDHCSV-UHFFFAOYSA-N,3444.807051650008,2050.753243305961,1.595317302989055,0.5741750187388952,5496.061960563995
DGBWPZSGHAXYGK-UHFFFAOYSA-N,"Bisbenzimidazo[2,1-b:2',1'-i]benzo[lmn][3,8]phenanthroline-8,17-dione",4424-06-0,29,54154_29,converged,True,,,44,32,0,39-46,descriptor_diversity,euler145.engr.wisc.edu,AMD EPYC 7763 64-Core Processor,milan,5,1291.9062221413478,1101.1859363531694,2393.092158494517,1291.858,1101.147,2393.005,2393.4508256949484,COMPLETED,2394,1319488.0,529318,546340,12416c6a94a71d9ceabbfe67b2cb0f211d8909df9ce474f7d61ab241cbe5fc72,DGBWPZSGHAXYGK-UHFFFAOYSA-N,3444.807051650008,-1051.7148931554907,0.6946955584488438,-0.257179208540661,2393.4508256949484
LSHROXHEILXKHM-UHFFFAOYSA-N,Pentaethylenehexamine,4067-16-7,30,54154_30,converged,True,,,44,16,13,39-46,descriptor_diversity,euler145.engr.wisc.edu,AMD EPYC 7763 64-Core Processor,milan,9,702.5629881164059,308.0564152719453,1010.6194033883512,702.498,307.975,1010.4730000000001,1010.8517547529191,COMPLETED,1011,999024.0,447526,464454,17f1ad5b84bc7f99a7fcd12e03473319d3124655fef580a60c89d2673b95ecf2,LSHROXHEILXKHM-UHFFFAOYSA-N,3444.807051650008,-2434.1876482616567,0.2933747487843421,-1.1192021148627562,1010.8517547529191
UCVPKAZCQPRWAY-UHFFFAOYSA-N,Dibenzyl phthalate,523-31-9,31,54154_31,converged,True,,,44,26,6,39-46,additional_aromatic_ester_dibenzyl_phthalate,euler145.engr.wisc.edu,AMD EPYC 7763 64-Core Processor,milan,22,3966.200470949523,884.576746112667,4850.77721706219,3966.029,884.537,4850.566,4851.214896555059,COMPLETED,4851,1171716.0,540414,557841,3cab52d49ea7793e9b867e3a6743b9671b5124f90530e7bab0c77b0f8ec7aa6a,UCVPKAZCQPRWAY-UHFFFAOYSA-N,3444.807051650008,1405.9701654121823,1.4081419203838268,0.4493734146273951,4851.214896555059
IRIAEXORFWYRCZ-UHFFFAOYSA-N,Benzyl butyl phthalate,85-68-7,32,54154_32,converged,True,,,43,23,7,39-46,BBP,euler145.engr.wisc.edu,AMD EPYC 7763 64-Core Processor,milan,33,4796.459054943174,637.4425575351343,5433.901612478308,4796.283,637.412,5433.695000000001,5434.394687701017,COMPLETED,5434,1092116.0,508830,526266,8d35233e9b0e92cbafbdb95fd4eaa56bb8631f305802dfe85e8f2a942da60a1b,IRIAEXORFWYRCZ-UHFFFAOYSA-N,3266.9620711586235,2166.939541319685,1.6632888580035405,0.6158992483065493,5434.394687701017
DOIRQSBPFJWKBE-UHFFFAOYSA-N,Dibutyl Phthalate,84-74-2,33,54154_33,converged,True,,,42,20,8,39-46,DBP,euler145.engr.wisc.edu,AMD EPYC 7763 64-Core Processor,milan,17,2081.033673641272,685.0730926766992,2766.106766317971,2080.933,684.997,2765.93,2766.5283953342587,COMPLETED,2767,1035120.0,483531,500211,9eb48822be98f05682b89338c583802d55e3dbfb38bf3fb59e948618cd6570bd,DOIRQSBPFJWKBE-UHFFFAOYSA-N,3094.436448332142,-328.3296820141709,0.8938967765225438,-0.005062606733734931,2766.5283953342587
OOHPORRAEMMMCX-UHFFFAOYSA-N,Dodecahedrane,4493-23-6,34,54154_34,failed,True,identity_unresolved_stereochemistry,Geometry identity not accepted under current policy; see identity_observations,40,20,0,39-46,descriptor_diversity,euler145.engr.wisc.edu,AMD EPYC 7763 64-Core Processor,milan,4,735.1711485181004,807.351808800362,1542.5229573184624,735.082,807.321,1542.403,1542.912380034104,COMPLETED,1544,917388.0,342256,358211,2027b28ae6c4eb79303d61376d1ea9ec8cb2e8bd4bc2f755991d00da9ec4b488,OOHPORRAEMMMCX-XXVPZYELSA-N,2765.1901154743045,-1222.6671581558421,0.5578361316592072,-0.4765876643482505,1542.912380034104
CLYVDMAATCIVBF-UHFFFAOYSA-N,"3,4,9,10-Perylenetetracarboxylic dianhydride",128-69-8,35,54154_35,converged,True,,,38,30,0,31-38,descriptor_diversity,euler145.engr.wisc.edu,AMD EPYC 7763 64-Core Processor,milan,6,1309.5033999532461,993.1460675513372,2302.6494675045833,1309.448,993.097,2302.545,2303.299481121823,COMPLETED,2304,1255276.0,473377,488971,546af8e6a124a9ddb61879669539e5660cce0f6d3fa30ba097e1770f4dbdac96,CLYVDMAATCIVBF-UHFFFAOYSA-N,2456.755214337611,-154.10574683302775,0.9372726489258403,0.04232130788416022,2303.299481121823
OEURXIFGOPBMJF-UHFFFAOYSA-N,2-Acryloyloxyethyl 2-hydroxyethyl phthalate,38056-88-1,36,54154_36,converged,True,,,38,22,8,31-38,descriptor_diversity,euler145.engr.wisc.edu,AMD EPYC 7763 64-Core Processor,milan,30,3858.0033226534724,546.7567000417039,4404.760022695176,3857.768,546.724,4404.492,4405.139707844704,COMPLETED,4405,993688.0,450595,466855,fd3b4885d61ce8eb8c4b04a3c670989e87db6d3b4c02afcd4ee3751a9a694641,OEURXIFGOPBMJF-UHFFFAOYSA-N,2456.755214337611,1948.0048083575653,1.792917746541869,0.6909466850471571,4405.139707844704
YFVXLROHJBSEDW-UHFFFAOYSA-N,Disperse Orange 1,2581-69-3,37,54154_37,converged,True,,,38,24,5,31-38,descriptor_diversity,euler145.engr.wisc.edu,AMD EPYC 7763 64-Core Processor,milan,14,1921.6330845020711,506.36697190534323,2428.0000564074144,1921.566,506.29,2427.856,2428.2065985184163,COMPLETED,2428,1087040.0,476313,492224,70802341c5bcc753a7cb1cb5b4d45a8ea9ed16e0873d110f773b6fc00474baad,YFVXLROHJBSEDW-UHFFFAOYSA-N,2456.755214337611,-28.755157930196674,0.9882954729220145,0.09532880196160676,2428.2065985184163
FAGUFWYHJQFNRV-UHFFFAOYSA-N,Tetraethylenepentamine,112-57-2,38,54154_38,converged,True,,,36,13,10,31-38,descriptor_diversity,euler145.engr.wisc.edu,AMD EPYC 7763 64-Core Processor,milan,12,710.5395423043519,243.75135307013988,954.2908953744918,710.483,243.677,954.16,954.8567348802462,COMPLETED,955,696556.0,367406,382560,bb1ddc819758bb321dac95a272e87c638e34b0ea6be2a725eebff3cc6f5a54ac,FAGUFWYHJQFNRV-UHFFFAOYSA-N,2168.8078412973805,-1214.5169459228887,0.44000712151779897,-0.7138620006891419,954.8567348802462
OEVIJAZJVZDBQL-UHFFFAOYSA-N,"1-(5,5-Dimethyl-1-cyclohexen-1-yl)-4-penten-1-one",56973-85-4,39,54154_39,converged,True,,,34,14,4,31-38,descriptor_diversity,euler145.engr.wisc.edu,AMD EPYC 7763 64-Core Processor,milan,7,541.3169638207182,314.64112032204866,855.9580841427669,541.242,314.608,855.8499999999999,856.2720618974417,COMPLETED,856,823192.0,357139,371757,6a963c5d8d1b9369bed7c30545a4ddf35a31178242f6d664cc658013655cb43a,OEVIJAZJVZDBQL-UHFFFAOYSA-N,1901.012020732972,-1045.053936590205,0.45026442484710627,-0.6908178917780887,856.2720618974417
ZQXWPHXDXHONFS-UHFFFAOYSA-N,Bis(dinitropropyl) formal,5917-61-3,40,54154_40,converged,True,,,33,21,10,31-38,descriptor_diversity,euler145.engr.wisc.edu,AMD EPYC 7763 64-Core Processor,milan,19,2174.237940146588,520.6520814802498,2694.8900216268376,2174.182,520.605,2694.787,2695.4686005041003,COMPLETED,2696,950968.0,380883,395681,23e2f3678e7a50f67a05fe29529bda78c7f80419716aec5c6cd49dd788fe0023,ZQXWPHXDXHONFS-UHFFFAOYSA-N,1774.5623672118315,920.327654415006,1.518622321435235,0.524905922625944,2695.4686005041003
CSHWQDPOILHKBI-UHFFFAOYSA-N,Perylene,198-55-0,41,54154_41,converged,True,,,32,20,0,31-38,descriptor_diversity,euler145.engr.wisc.edu,AMD EPYC 7763 64-Core Processor,milan,6,689.4233432933688,497.3673013933003,1186.790644686669,689.374,497.331,1186.705,1186.9375611804426,COMPLETED,1187,896608.0,380376,394452,9661935a6cb5edd8cb680bdedcfe8b0dbfb1e50e1ac7bc542cc38552b4a7d5da,CSHWQDPOILHKBI-UHFFFAOYSA-N,1653.0185437364125,-466.2278990497434,0.7179536183569352,-0.22424794416520566,1186.9375611804426
DXBHBZVCASKNBY-AQZSQYOVSA-N,Benz[a]anthracene-d12,1718-53-2,42,54154_42,failed,False,isotope_labels_not_represented_in_xyz,,30,30,0,23-30,descriptor_diversity,,,,,,,,,,,,,,,,1260,,,,,,,
FLKPEMZONWLCSK-UHFFFAOYSA-N,Diethyl Phthalate,84-66-2,43,54154_43,converged,True,,,30,16,4,23-30,DEP,euler145.engr.wisc.edu,AMD EPYC 7763 64-Core Processor,milan,19,1389.509542026557,404.4974091714248,1794.0069511979818,1389.439,404.436,1793.875,1794.2884511025622,COMPLETED,1794,792168.0,361578,375522,ca19f9cebd7b5434541aa74bcd1d1cedfa6c7458aba426f7753c7ac982dcbfe7,FLKPEMZONWLCSK-UHFFFAOYSA-N,1424.463618290744,369.54333290723775,1.2594263048646084,0.3377586699211008,1794.2884511025622
VHQGURIJMFPBKS-UHFFFAOYSA-N,"2,4,7-Trinitrofluoren-9-one",129-79-3,44,54154_44,converged,True,,,28,23,3,23-30,descriptor_diversity,euler145.engr.wisc.edu,AMD EPYC 7763 64-Core Processor,milan,14,1790.10879628174,547.2096291007474,2337.3184253824875,1790.03,547.172,2337.202,2338.2909659147263,COMPLETED,2339,859988.0,369090,382632,575bc0a6029dee26d30be9575a8c98b5de534378dca2c490e470b85fc7b10e0a,VHQGURIJMFPBKS-UHFFFAOYSA-N,1214.9672862095779,1122.3511391729096,1.9237706660188278,0.7613895149270853,2338.2909659147263
YZEZMSPGIPTEBA-UHFFFAOYSA-N,"2,2'-Iminobis[4,6-diamino-1,3,5-triazine]",3576-88-3,45,54154_45,converged,True,,,26,17,2,23-30,descriptor_diversity,euler145.engr.wisc.edu,AMD EPYC 7763 64-Core Processor,milan,10,628.454105772078,274.00442203413695,902.458527806215,628.383,273.94,902.3230000000001,902.7582570817322,COMPLETED,903,783768.0,300137,313149,55d0a5b3941e41e7e3710725483bd043b4c9a6584c31d15b55ccb3ad50e6d596,YZEZMSPGIPTEBA-UHFFFAOYSA-N,1024.1315477142268,-121.67301990801184,0.8811939538630799,-0.01937515908742604,902.7582570817322
BQQUFAMSJAKLNB-UHFFFAOYSA-N,Dicyclopentadiene diepoxide,81-21-0,46,54154_46,failed,True,identity_unresolved_stereochemistry,Geometry identity not accepted under current policy; see identity_observations,24,12,0,23-30,descriptor_diversity,euler145.engr.wisc.edu,AMD EPYC 7763 64-Core Processor,milan,8,445.43479665834457,207.42158013489097,652.8563767932355,445.393,207.342,652.735,653.2068721884862,COMPLETED,653,617584.0,251023,263372,355fac5a1c0f75a32f169c64d5699fc67ff1b22a0fe83cce18fbbd8ed81092be,BQQUFAMSJAKLNB-BUZRMRPVSA-N,851.5381140470266,-198.68173725379108,0.7666789847966584,-0.15858473249206106,653.2068721884862
GXDHCNNESPLIKD-UHFFFAOYSA-N,2-Methylhexane,591-76-4,47,54154_47,converged,True,,,23,7,3,23-30,descriptor_diversity,euler145.engr.wisc.edu,AMD EPYC 7763 64-Core Processor,milan,6,166.29747740644962,99.36208848655224,265.65956589300185,166.227,99.288,265.515,266.1178901884705,COMPLETED,266,537336.0,242547,254480,104faed486dfdca616a6022a162c477c39b9f5947e72ec8fb7efaa99264d2c0c,GXDHCNNESPLIKD-UHFFFAOYSA-N,771.9453391662943,-506.2857732732924,0.344142975433877,-0.9595957154521946,266.1178901884705
GZVHEAJQGPRDLQ-UHFFFAOYSA-N,"6-Phenyl-1,3,5-triazine-2,4-diamine",91-76-9,48,54154_48,converged,True,,,23,14,1,23-30,descriptor_diversity,euler145.engr.wisc.edu,AMD EPYC 7763 64-Core Processor,milan,10,518.3572628749534,239.11610162630677,757.4733645012602,518.288,239.035,757.323,757.7603032393381,COMPLETED,758,681504.0,274185,286470,a607c2667d82c6507e53693d93068ae78d6aa1e9e168ea4f0e15e5f58f043cb5,GZVHEAJQGPRDLQ-UHFFFAOYSA-N,771.9453391662943,-14.471974665034054,0.9812525914326216,0.08817699730537942,757.7603032393381
VKYKSIONXSXAKP-UHFFFAOYSA-N,Methenamine,100-97-0,49,54154_49,converged,True,,,22,10,0,15-22,descriptor_diversity,euler145.engr.wisc.edu,AMD EPYC 7763 64-Core Processor,milan,5,225.55286468658596,164.05094147101045,389.6038061575964,225.495,163.977,389.472,390.10713869240135,COMPLETED,390,569236.0,212254,223935,9c2d75880eb4c6418f8aa7dc01f2e4094c9ec6725dab032d4034dec583354a83,VKYKSIONXSXAKP-UHFFFAOYSA-N,696.7456787367788,-307.1418725791824,0.5591764944476728,-0.47418775695156956,390.10713869240135
CZGWDPMDAIPURF-UHFFFAOYSA-N,"1,3,5-Triazine-2,4,6(1H,3H,5H)-trione, trihydrazone",10105-42-7,50,54154_50,converged,True,,,21,12,3,15-22,descriptor_diversity,euler145.engr.wisc.edu,AMD EPYC 7763 64-Core Processor,milan,19,705.250406652689,149.6661586854607,854.9165653381497,705.194,149.634,854.828,855.3562069609761,COMPLETED,855,679988.0,233569,245670,ea8a7d2b53a41b6fd80ad8893b2cadaec26b218c1110bafb46ff0311c7d7ce2f,CZGWDPMDAIPURF-UHFFFAOYSA-N,625.8798217648495,229.0367435733002,1.365943645422958,0.4189478713606718,855.3562069609761
JGJDTAFZUXGTQS-UHFFFAOYSA-N,Diethyleneglycol diformate,120570-77-6,51,54154_51,converged,True,,,21,11,8,15-22,descriptor_diversity,euler145.engr.wisc.edu,AMD EPYC 7763 64-Core Processor,milan,9,329.77128937095404,129.81747738551348,459.5887667564675,329.705,129.769,459.474,459.8950784150511,COMPLETED,460,605892.0,264482,276080,e3887e974965421ca3a42a75ec2fc964f573152aad0a8f1a06e2789641a14447,JGJDTAFZUXGTQS-UHFFFAOYSA-N,625.8798217648495,-166.29105500838193,0.7343083300888721,-0.20172390408667162,459.8950784150511
QIMMUPPBPVKWKM-UHFFFAOYSA-N,2-Methylnaphthalene,91-57-6,52,54154_52,converged,True,,,21,11,0,15-22,descriptor_diversity,euler145.engr.wisc.edu,AMD EPYC 7763 64-Core Processor,milan,11,447.0281935092062,147.93316338490695,594.9613568941131,446.963,147.86,594.8230000000001,595.3100167615339,COMPLETED,595,567096.0,265596,277239,1b5d94f7da00ad1be994294d3acc97ce326e381c2ef68375b35fe55b5b755752,QIMMUPPBPVKWKM-UHFFFAOYSA-N,625.8798217648495,-30.91846487073633,0.9505999973228841,0.05644044862547659,595.3100167615339
HCOMFAYPHBFMKU-UHFFFAOYSA-N,Succinic dihydrazide,4146-43-4,53,54154_53,converged,True,,,20,10,3,15-22,descriptor_diversity,euler145.engr.wisc.edu,AMD EPYC 7763 64-Core Processor,milan,43,1289.854982405901,102.92770291678607,1392.782685322687,1289.719,102.856,1392.575,1393.1689252080396,COMPLETED,1393,523808.0,224184,236527,66a360899d76bb03153564b9163af4ef7d3e696b99a86c35f25b0d843d76db76,HCOMFAYPHBFMKU-UHFFFAOYSA-N,559.2865536313698,833.4961316913173,2.4902845889634624,1.0194993629460507,1393.1689252080396
ANSXAPJVJOKRDJ-UHFFFAOYSA-N,Pyromellitic dianhydride,89-32-7,54,54154_54,converged,True,,,18,16,0,15-22,descriptor_diversity,euler145.engr.wisc.edu,AMD EPYC 7763 64-Core Processor,milan,6,316.4849189063534,232.70130726136267,549.1862261677161,316.406,232.642,549.048,549.5689294859767,COMPLETED,550,694604.0,271853,282699,0c1ed00eba386dc8e6080b607d0c4988ba4a3a4be1dc32b5a55c4fdc7774599e,ANSXAPJVJOKRDJ-UHFFFAOYSA-N,438.6624472074836,110.5237789602325,1.2519563269293388,0.33180975566913773,549.5689294859767
BKOOMYPCSUNDGP-UHFFFAOYSA-N,2-Methyl-2-butene,513-35-9,55,54154_55,converged,True,,,15,5,0,15-22,descriptor_diversity,euler145.engr.wisc.edu,AMD EPYC 7763 64-Core Processor,milan,5,81.27993212454021,59.71445606183261,140.99438818637282,81.2,59.673,140.873,141.32918927725405,COMPLETED,141,434360.0,179083,189128,13068f9afefa109dc6342a31138709e1306da591f1e396c781c864210ba8b58a,BKOOMYPCSUNDGP-UHFFFAOYSA-N,288.111599773475,-147.1172115871022,0.48937421574566353,-0.6075254485575501,141.32918927725405
